2026-07-13 22:50:36,700 [sdr_agent.tv_live] INFO: Live TV starting — RF 34, TCP port 5559
2026-07-13 22:50:36,700 [sdr_agent.tv_live] INFO: Writing TS to /home/user/Software-TV-Tuner/tools/data/tv_live/live.ts
2026-07-13 22:50:36,701 [sdr_agent.tv_live] INFO: tap cache: /home/user/Software-TV-Tuner/adaptive-tv/lab/tapcache/taps_AntennaB_rf34.bin
2026-07-13 22:50:36,702 [sdr_agent.tv_live] INFO: Tuning RF 34 = 593.000 MHz (antenna=Antenna A, IFGR=59, rfgain_sel=5)
2026-07-13 22:50:36,702 [sdr_agent.tv_live] INFO: SoapySDR device: driver=sdrplay
[INFO] devIdx: 0
[INFO] SerNo: 230204CB48
[INFO] hwVer: 4
[INFO] rspDuoMode: 0
[INFO] tuner: 1
[INFO] rspDuoSampleFreq: 0.000000
2026-07-13 22:50:36,759 [sdr_agent.tv_live] INFO: gain knobs: IFGR=32 rfgain_sel=2 antenna=Antenna B
2026-07-13 22:50:36,759 [sdr_agent.tv_live] INFO: agc_setpoint=-20
[1m[33m[WARNING] Not updating IFGR gain because AGC is enabled[0m
2026-07-13 22:50:36,759 [sdr_agent.tv_live] INFO: soapy: rfnotch_ctrl=false (STVT_RFNOTCH)
2026-07-13 22:50:36,759 [sdr_agent.tv_live] INFO: soapy: dabnotch_ctrl=true (STVT_DABNOTCH)
2026-07-13 22:50:36,759 [sdr_agent.tv_live] INFO: SPS=1.1 output_rate=11838462
2026-07-13 22:50:36,759 [sdr_agent.tv_live] INFO: noise_blanker: disabled (STVT_NB=0)
2026-07-13 22:50:36,760 [sdr_agent.tv_live] INFO: resampler: 25/32
2026-07-13 22:50:36,760 [sdr_agent.tv_live] INFO: spectral_smoother: disabled (STVT_SPECTRAL=0)
2026-07-13 22:50:36,760 [sdr_agent.tv_live] INFO: adaptive_notch: disabled (STVT_NOTCH=0)
2026-07-13 22:50:36,762 [sdr_agent.tv_live] INFO: fused_rx_filter: 37/25 native=8000000 out=11840000 sps_eff=1.1001 rrc_syms=4 ntaps=495 gain_mul=1.9
2026-07-13 22:50:36,762 [sdr_agent.tv_live] INFO: FUSED rx filter active — output_rate=11840000
[fpll_tight] FOLD active: dc_blocker(D=32) + agc(rate=1e-06 ref=4) in-loop
[fpll_tight] rate=11840000 alpha=0.00100 beta=2.500e-07 afc_tau_us=25.0
2026-07-13 22:50:36,762 [sdr_agent.tv_live] INFO: fpll: alpha=0.001 afc_tau_us=25.0
2026-07-13 22:50:36,762 [sdr_agent.tv_live] INFO: agc: alpha=1e-06 ref=4.0  dc_blocker_taps=32
[sync_soft] rate=11840000 alpha=0.4000 lock=4.00 unlock=2.00 sticky=0.95 timing_scale=1.00 emit_unlocked=1 debug=0 adaptive=0 acq=[3.00/1.50] steady=[4.00/2.00] after=313
[eq-long] WARM START from /home/user/Software-TV-Tuner/adaptive-tv/lab/tapcache/taps_AntennaB_rf34.bin (|taps|=1.390)
2026-07-13 22:50:36,763 [sdr_agent.tv_live] INFO: equalizer: long (STVT_EQ)
[mer-probe long] armed (period=5000000 symbols)
2026-07-13 22:50:36,763 [sdr_agent.tv_live] INFO: mer_probe: ON (C++ decision-directed MER on equalized syms)
2026-07-13 22:50:36,763 [sdr_agent.tv_live] INFO: viterbi: hard (STVT_VITERBI)
2026-07-13 22:50:36,763 [sdr_agent.tv_live] INFO: deinterleaver: dtv (stock)
2026-07-13 22:50:36,763 [sdr_agent.tv_live] INFO: rs: stock dtv.atsc_rs_decoder (STVT_RS)
source :info: set_min_output_buffer on block 1 to 1048576
multiply_const_cc :info: set_min_output_buffer on block 2 to 1048576
rational_resampler<IN_T,OUT_T,TAP_T> :info: set_min_output_buffer on block 4 to 1048576
atscplus_atsc_fpll_tight :info: set_min_output_buffer on block 5 to 2097152
atscplus_atsc_sync_soft :info: set_min_output_buffer on block 8 to 4096
atscplus_atsc_fs_checker_inst :info: set_min_output_buffer on block 9 to 4096
2026-07-13 22:50:36,770 [sdr_agent.tv_live] INFO: min_output_buffer: items=0 bytes=8388608
buffer_double_mapped :warning: allocate_buffer: tried to allocate   26 items of size 3328. Due to alignment requirements   64 were allocated.  If this isn't OK, consider padding   your structure to a power-of-two bytes.   On this platform, our allocation granularity is 16384 bytes.
buffer_double_mapped :warning: allocate_buffer: tried to allocate   316 items of size 207. Due to alignment requirements   16384 were allocated.  If this isn't OK, consider padding   your structure to a power-of-two bytes.   On this platform, our allocation granularity is 16384 bytes.
buffer_double_mapped :warning: allocate_buffer: tried to allocate   316 items of size 207. Due to alignment requirements   16384 were allocated.  If this isn't OK, consider padding   your structure to a power-of-two bytes.   On this platform, our allocation granularity is 16384 bytes.
buffer_double_mapped :warning: allocate_buffer: tried to allocate   348 items of size 188. Due to alignment requirements   4096 were allocated.  If this isn't OK, consider padding   your structure to a power-of-two bytes.   On this platform, our allocation granularity is 16384 bytes.
buffer_double_mapped :warning: allocate_buffer: tried to allocate   348 items of size 188. Due to alignment requirements   4096 were allocated.  If this isn't OK, consider padding   your structure to a power-of-two bytes.   On this platform, our allocation granularity is 16384 bytes.
buffer_double_mapped :warning: allocate_buffer: tried to allocate   348 items of size 188. Due to alignment requirements   4096 were allocated.  If this isn't OK, consider padding   your structure to a power-of-two bytes.   On this platform, our allocation granularity is 16384 bytes.
buffer_double_mapped :warning: allocate_buffer: tried to allocate   348 items of size 188. Due to alignment requirements   4096 were allocated.  If this isn't OK, consider padding   your structure to a power-of-two bytes.   On this platform, our allocation granularity is 16384 bytes.
[INFO] Using format CF32.
[atsc_equalizer_long] tunable params: BETA=5e-05 LEAK=0.0005 DIVERGENCE_BAIL=50 LKG=1 LKG_RMS=1 FS_AVG_DEPTH=1 RESET_INTERVAL_SEC=0 GEAR=0 BETA_FAST=5e-05 BETA_SLOW=1e-06 GEAR_LOW=1 GEAR_HIGH=2 GEAR_DEBOUNCE=100 QUALITY_BAD_RMS=0 QUALITY_DEBOUNCE_MS=500
[fpll t=  0.60s] nco_freq_hz=-2690065.0 mean|x|=0.03180 rms_x=0.04985 max|x|=1.5705 in_rms=102.5 out_rms=6.0
[eq-long t=  0.18s] fs=8 fs_err_rms=0.5590 |taps|=1.383 mu=5e-05 frz=0 hub=0.000 clmp=0
[fpll t=  0.80s] nco_freq_hz=-2690067.9 mean|x|=0.03014 rms_x=0.03788 max|x|=0.2470 in_rms=106.0 out_rms=4.8
[eq-long t=  0.37s] fs=16 fs_err_rms=0.5488 |taps|=1.386 mu=5e-05 frz=0 hub=0.000 clmp=0
[mer-probe long] dd_err_rms=0.5315 dd_mer=19.47
[fpll t=  1.00s] nco_freq_hz=-2690061.6 mean|x|=0.03037 rms_x=0.03818 max|x|=0.2356 in_rms=106.0 out_rms=4.8
[eq-long t=  0.58s] fs=24 fs_err_rms=0.5332 |taps|=1.387 mu=5e-05 frz=0 hub=0.000 clmp=0
[fpll t=  1.19s] nco_freq_hz=-2690063.5 mean|x|=0.03029 rms_x=0.03809 max|x|=0.2429 in_rms=106.1 out_rms=4.8
[eq-long t=  0.77s] fs=32 fs_err_rms=0.5363 |taps|=1.387 mu=5e-05 frz=0 hub=0.000 clmp=0
[fpll t=  1.37s] nco_freq_hz=-2690065.8 mean|x|=0.03037 rms_x=0.03821 max|x|=0.2465 in_rms=106.0 out_rms=4.8
[mer-probe long] dd_err_rms=0.5119 dd_mer=19.79
[eq-long t=  0.94s] fs=40 fs_err_rms=0.5294 |taps|=1.391 mu=5e-05 frz=0 hub=0.000 clmp=0
[fpll t=  1.58s] nco_freq_hz=-2690062.7 mean|x|=0.03029 rms_x=0.03809 max|x|=0.2953 in_rms=106.0 out_rms=4.8
[eq-long t=  1.16s] fs=48 fs_err_rms=0.5395 |taps|=1.386 mu=5e-05 frz=0 hub=0.000 clmp=0
[fpll t=  1.78s] nco_freq_hz=-2690064.7 mean|x|=0.03004 rms_x=0.03774 max|x|=0.2422 in_rms=105.8 out_rms=4.8
[eq-long t=  1.34s] fs=56 fs_err_rms=0.5489 |taps|=1.390 mu=5e-05 frz=0 hub=0.000 clmp=0
[mer-probe long] dd_err_rms=0.5013 dd_mer=19.98
[fpll t=  1.97s] nco_freq_hz=-2690055.0 mean|x|=0.03033 rms_x=0.03814 max|x|=0.2924 in_rms=106.0 out_rms=4.8
[eq-long t=  1.54s] fs=64 fs_err_rms=0.5361 |taps|=1.388 mu=5e-05 frz=0 hub=0.000 clmp=0
[fpll t=  2.16s] nco_freq_hz=-2690061.1 mean|x|=0.03012 rms_x=0.03789 max|x|=0.2542 in_rms=105.7 out_rms=4.8
[eq-long t=  1.73s] fs=72 fs_err_rms=0.5444 |taps|=1.386 mu=5e-05 frz=0 hub=0.000 clmp=0
[mer-probe long] dd_err_rms=0.4970 dd_mer=20.05
[eq-long t=  1.91s] fs=80 fs_err_rms=0.5282 |taps|=1.390 mu=5e-05 frz=0 hub=0.000 clmp=0
[fpll t=  2.36s] nco_freq_hz=-2690056.2 mean|x|=0.03026 rms_x=0.03803 max|x|=0.2472 in_rms=105.9 out_rms=4.8
[eq-long t=  2.12s] fs=88 fs_err_rms=0.5296 |taps|=1.388 mu=5e-05 frz=0 hub=0.000 clmp=0
[fpll t=  2.57s] nco_freq_hz=-2690056.6 mean|x|=0.03016 rms_x=0.03792 max|x|=0.2466 in_rms=105.8 out_rms=4.8
[eq-long t=  2.31s] fs=96 fs_err_rms=0.5304 |taps|=1.393 mu=5e-05 frz=0 hub=0.000 clmp=0
[fpll t=  2.76s] nco_freq_hz=-2690055.3 mean|x|=0.03001 rms_x=0.03773 max|x|=0.2494 in_rms=106.0 out_rms=4.8
[mer-probe long] dd_err_rms=0.4967 dd_mer=20.06
[eq-long t=  2.50s] fs=104 fs_err_rms=0.5346 |taps|=1.388 mu=5e-05 frz=0 hub=0.000 clmp=0
[fpll t=  2.96s] nco_freq_hz=-2690056.8 mean|x|=0.03038 rms_x=0.03822 max|x|=0.2266 in_rms=106.6 out_rms=4.8
[eq-long t=  2.70s] fs=112 fs_err_rms=0.5415 |taps|=1.387 mu=5e-05 frz=0 hub=0.000 clmp=0
[fpll t=  3.16s] nco_freq_hz=-2690056.2 mean|x|=0.03015 rms_x=0.03795 max|x|=0.3473 in_rms=106.6 out_rms=4.8
[mer-probe long] dd_err_rms=0.4948 dd_mer=20.09
[eq-long t=  2.89s] fs=120 fs_err_rms=0.5468 |taps|=1.388 mu=5e-05 frz=0 hub=0.000 clmp=0
[fpll t=  3.34s] nco_freq_hz=-2690057.6 mean|x|=0.03026 rms_x=0.03805 max|x|=0.3454 in_rms=106.8 out_rms=4.8
[eq-long t=  3.07s] fs=128 fs_err_rms=0.5314 |taps|=1.391 mu=5e-05 frz=0 hub=0.000 clmp=0
[fpll t=  3.55s] nco_freq_hz=-2690055.9 mean|x|=0.03024 rms_x=0.03801 max|x|=0.2910 in_rms=107.0 out_rms=4.8
[eq-long t=  3.29s] fs=136 fs_err_rms=0.5437 |taps|=1.391 mu=5e-05 frz=0 hub=0.000 clmp=0
[mer-probe long] dd_err_rms=0.4942 dd_mer=20.10
[fpll t=  3.76s] nco_freq_hz=-2690058.2 mean|x|=0.03015 rms_x=0.03790 max|x|=0.2433 in_rms=106.9 out_rms=4.8
[eq-long t=  3.48s] fs=144 fs_err_rms=0.5246 |taps|=1.387 mu=5e-05 frz=0 hub=0.000 clmp=0
[fpll t=  3.93s] nco_freq_hz=-2690052.9 mean|x|=0.03031 rms_x=0.03807 max|x|=0.2202 in_rms=106.4 out_rms=4.8
[eq-long t=  3.69s] fs=152 fs_err_rms=0.5246 |taps|=1.389 mu=5e-05 frz=0 hub=0.000 clmp=0
[fpll t=  4.16s] nco_freq_hz=-2690055.4 mean|x|=0.03030 rms_x=0.03812 max|x|=0.2896 in_rms=106.5 out_rms=4.8
[mer-probe long] dd_err_rms=0.4953 dd_mer=20.08
[eq-long t=  3.91s] fs=160 fs_err_rms=0.5378 |taps|=1.390 mu=5e-05 frz=0 hub=0.000 clmp=0
[fpll t=  4.41s] nco_freq_hz=-2690049.1 mean|x|=0.03025 rms_x=0.03806 max|x|=0.2969 in_rms=106.4 out_rms=4.8
[eq-long t=  4.12s] fs=168 fs_err_rms=0.5509 |taps|=1.390 mu=5e-05 frz=0 hub=0.000 clmp=0
[fpll t=  4.59s] nco_freq_hz=-2690057.6 mean|x|=0.03044 rms_x=0.03830 max|x|=0.3596 in_rms=106.4 out_rms=4.8
[mer-probe long] dd_err_rms=0.4940 dd_mer=20.10
[eq-long t=  4.27s] fs=176 fs_err_rms=0.5162 |taps|=1.392 mu=5e-05 frz=0 hub=0.000 clmp=0
[fpll t=  4.76s] nco_freq_hz=-2690057.3 mean|x|=0.03016 rms_x=0.03792 max|x|=0.2476 in_rms=106.5 out_rms=4.8
[eq-long t=  4.44s] fs=184 fs_err_rms=0.5289 |taps|=1.391 mu=5e-05 frz=0 hub=0.000 clmp=0
[fpll t=  4.95s] nco_freq_hz=-2690056.0 mean|x|=0.03043 rms_x=0.03826 max|x|=0.3246 in_rms=106.6 out_rms=4.8
[eq-long t=  4.64s] fs=192 fs_err_rms=0.5461 |taps|=1.388 mu=5e-05 frz=0 hub=0.000 clmp=0
[mer-probe long] dd_err_rms=0.4938 dd_mer=20.11
[fpll t=  5.15s] nco_freq_hz=-2690059.0 mean|x|=0.03025 rms_x=0.03807 max|x|=0.2449 in_rms=106.6 out_rms=4.8
[eq-long t=  4.82s] fs=200 fs_err_rms=0.5191 |taps|=1.388 mu=5e-05 frz=0 hub=0.000 clmp=0
[fpll t=  5.34s] nco_freq_hz=-2690062.0 mean|x|=0.03012 rms_x=0.03790 max|x|=0.3851 in_rms=106.7 out_rms=4.8
[eq-long t=  5.02s] fs=208 fs_err_rms=0.5431 |taps|=1.389 mu=5e-05 frz=0 hub=0.000 clmp=0
[fpll t=  5.54s] nco_freq_hz=-2690058.0 mean|x|=0.03030 rms_x=0.03813 max|x|=0.3293 in_rms=106.6 out_rms=4.8
[mer-probe long] dd_err_rms=0.4952 dd_mer=20.08
[eq-long t=  5.22s] fs=216 fs_err_rms=0.5523 |taps|=1.388 mu=5e-05 frz=0 hub=0.000 clmp=0
[fpll t=  5.74s] nco_freq_hz=-2690061.7 mean|x|=0.03011 rms_x=0.03788 max|x|=0.2608 in_rms=106.4 out_rms=4.8
[eq-long t=  5.44s] fs=224 fs_err_rms=0.5280 |taps|=1.389 mu=5e-05 frz=0 hub=0.000 clmp=0
[fpll t=  5.98s] nco_freq_hz=-2690059.1 mean|x|=0.03030 rms_x=0.03813 max|x|=0.2406 in_rms=106.5 out_rms=4.8
[eq-long t=  5.69s] fs=232 fs_err_rms=0.5223 |taps|=1.391 mu=5e-05 frz=0 hub=0.000 clmp=0
[mer-probe long] dd_err_rms=0.4945 dd_mer=20.10
[fpll t=  6.16s] nco_freq_hz=-2690060.9 mean|x|=0.03016 rms_x=0.03793 max|x|=0.2367 in_rms=106.5 out_rms=4.8
[eq-long t=  5.89s] fs=240 fs_err_rms=0.5297 |taps|=1.388 mu=5e-05 frz=0 hub=0.000 clmp=0
[fpll t=  6.47s] nco_freq_hz=-2690057.2 mean|x|=0.03012 rms_x=0.03788 max|x|=0.2663 in_rms=106.4 out_rms=4.8
[eq-long t=  6.15s] fs=248 fs_err_rms=0.5330 |taps|=1.389 mu=5e-05 frz=0 hub=0.000 clmp=0
[mer-probe long] dd_err_rms=0.4940 dd_mer=20.11
[fpll t=  6.72s] nco_freq_hz=-2690060.6 mean|x|=0.03027 rms_x=0.03805 max|x|=0.2751 in_rms=106.4 out_rms=4.8
[eq-long t=  6.37s] fs=256 fs_err_rms=0.5295 |taps|=1.388 mu=5e-05 frz=0 hub=0.000 clmp=0
[fpll t=  6.95s] nco_freq_hz=-2690062.2 mean|x|=0.03019 rms_x=0.03796 max|x|=0.2353 in_rms=106.3 out_rms=4.8
[eq-long t=  6.58s] fs=264 fs_err_rms=0.5246 |taps|=1.391 mu=5e-05 frz=0 hub=0.000 clmp=0
[fpll t=  7.20s] nco_freq_hz=-2690063.0 mean|x|=0.03024 rms_x=0.03803 max|x|=0.2762 in_rms=106.4 out_rms=4.8
[mer-probe long] dd_err_rms=0.4925 dd_mer=20.13
[eq-long t=  6.80s] fs=272 fs_err_rms=0.5439 |taps|=1.389 mu=5e-05 frz=0 hub=0.000 clmp=0
[eq-long t=  7.03s] fs=280 fs_err_rms=0.5308 |taps|=1.391 mu=5e-05 frz=0 hub=0.000 clmp=0
[fpll t=  7.47s] nco_freq_hz=-2690057.9 mean|x|=0.03023 rms_x=0.03803 max|x|=0.2745 in_rms=106.4 out_rms=4.8
[eq-long t=  7.25s] fs=288 fs_err_rms=0.5239 |taps|=1.389 mu=5e-05 frz=0 hub=0.000 clmp=0
[fpll t=  7.72s] nco_freq_hz=-2690060.8 mean|x|=0.03018 rms_x=0.03797 max|x|=0.3065 in_rms=106.3 out_rms=4.8
[mer-probe long] dd_err_rms=0.4927 dd_mer=20.13
[eq-long t=  7.49s] fs=296 fs_err_rms=0.5394 |taps|=1.388 mu=5e-05 frz=0 hub=0.000 clmp=0
[fpll t=  7.98s] nco_freq_hz=-2690061.4 mean|x|=0.03025 rms_x=0.03807 max|x|=0.2560 in_rms=106.0 out_rms=4.8
[eq-long t=  7.71s] fs=304 fs_err_rms=0.5209 |taps|=1.388 mu=5e-05 frz=0 hub=0.000 clmp=0
[fpll t=  8.24s] nco_freq_hz=-2690060.9 mean|x|=0.03035 rms_x=0.03819 max|x|=0.2232 in_rms=106.0 out_rms=4.8
[mer-probe long] dd_err_rms=0.4940 dd_mer=20.10
[eq-long t=  7.93s] fs=312 fs_err_rms=0.5253 |taps|=1.388 mu=5e-05 frz=0 hub=0.000 clmp=0
[fpll t=  8.48s] nco_freq_hz=-2690060.7 mean|x|=0.03009 rms_x=0.03782 max|x|=0.2973 in_rms=105.9 out_rms=4.8
[eq-long t=  8.11s] fs=320 fs_err_rms=0.5332 |taps|=1.389 mu=5e-05 frz=0 hub=0.000 clmp=0
[fpll t=  8.67s] nco_freq_hz=-2690059.1 mean|x|=0.03030 rms_x=0.03810 max|x|=0.2479 in_rms=106.1 out_rms=4.8
[eq-long t=  8.28s] fs=328 fs_err_rms=0.5488 |taps|=1.389 mu=5e-05 frz=0 hub=0.000 clmp=0
[mer-probe long] dd_err_rms=0.4919 dd_mer=20.14
[fpll t=  8.87s] nco_freq_hz=-2690062.3 mean|x|=0.03037 rms_x=0.03819 max|x|=0.2264 in_rms=106.1 out_rms=4.8
[eq-long t=  8.46s] fs=336 fs_err_rms=0.5183 |taps|=1.391 mu=5e-05 frz=0 hub=0.000 clmp=0
[fpll t=  9.06s] nco_freq_hz=-2690059.9 mean|x|=0.03026 rms_x=0.03806 max|x|=0.2650 in_rms=106.3 out_rms=4.8
[eq-long t=  8.62s] fs=344 fs_err_rms=0.5287 |taps|=1.383 mu=5e-05 frz=0 hub=0.000 clmp=0
[mer-probe long] dd_err_rms=0.4929 dd_mer=20.12
[eq-long t=  8.79s] fs=352 fs_err_rms=0.5282 |taps|=1.385 mu=5e-05 frz=0 hub=0.000 clmp=0
[fpll t=  9.26s] nco_freq_hz=-2690060.8 mean|x|=0.03019 rms_x=0.03797 max|x|=0.2493 in_rms=106.7 out_rms=4.8
[eq-long t=  8.96s] fs=360 fs_err_rms=0.5450 |taps|=1.386 mu=5e-05 frz=0 hub=0.000 clmp=0
[fpll t=  9.45s] nco_freq_hz=-2690061.2 mean|x|=0.03032 rms_x=0.03815 max|x|=0.2320 in_rms=106.4 out_rms=4.8
[mer-probe long] dd_err_rms=0.4931 dd_mer=20.12
[eq-long t=  9.14s] fs=368 fs_err_rms=0.5419 |taps|=1.388 mu=5e-05 frz=0 hub=0.000 clmp=0
[fpll t=  9.65s] nco_freq_hz=-2690061.7 mean|x|=0.03011 rms_x=0.03783 max|x|=0.2664 in_rms=106.5 out_rms=4.8
[eq-long t=  9.31s] fs=376 fs_err_rms=0.5315 |taps|=1.386 mu=5e-05 frz=0 hub=0.000 clmp=0
[fpll t=  9.85s] nco_freq_hz=-2690059.1 mean|x|=0.03017 rms_x=0.03793 max|x|=0.2536 in_rms=106.4 out_rms=4.8
[eq-long t=  9.48s] fs=384 fs_err_rms=0.5387 |taps|=1.389 mu=5e-05 frz=0 hub=0.000 clmp=0
[mer-probe long] dd_err_rms=0.4918 dd_mer=20.14
[fpll t= 10.05s] nco_freq_hz=-2690058.4 mean|x|=0.03019 rms_x=0.03800 max|x|=0.2783 in_rms=106.2 out_rms=4.8
[eq-long t=  9.67s] fs=392 fs_err_rms=0.5376 |taps|=1.387 mu=5e-05 frz=0 hub=0.000 clmp=0
[fpll t= 10.24s] nco_freq_hz=-2690060.3 mean|x|=0.03012 rms_x=0.03788 max|x|=0.2694 in_rms=105.9 out_rms=4.8
[eq-long t=  9.83s] fs=400 fs_err_rms=0.5358 |taps|=1.387 mu=5e-05 frz=0 hub=0.000 clmp=0
[mer-probe long] dd_err_rms=0.4919 dd_mer=20.14
[fpll t= 10.46s] nco_freq_hz=-2690063.4 mean|x|=0.03021 rms_x=0.03800 max|x|=0.2774 in_rms=105.6 out_rms=4.8
[eq-long t= 10.02s] fs=408 fs_err_rms=0.5268 |taps|=1.388 mu=5e-05 frz=0 hub=0.000 clmp=0
[eq-long t= 10.19s] fs=416 fs_err_rms=0.5496 |taps|=1.387 mu=5e-05 frz=0 hub=0.000 clmp=0
[fpll t= 10.65s] nco_freq_hz=-2690061.6 mean|x|=0.03018 rms_x=0.03795 max|x|=0.2395 in_rms=105.5 out_rms=4.8
[eq-long t= 10.36s] fs=424 fs_err_rms=0.5394 |taps|=1.388 mu=5e-05 frz=0 hub=0.000 clmp=0
[mer-probe long] dd_err_rms=0.4940 dd_mer=20.11
[fpll t= 10.86s] nco_freq_hz=-2690063.2 mean|x|=0.03012 rms_x=0.03786 max|x|=0.2396 in_rms=105.7 out_rms=4.8
[eq-long t= 10.54s] fs=432 fs_err_rms=0.5390 |taps|=1.385 mu=5e-05 frz=0 hub=0.000 clmp=0
[fpll t= 11.04s] nco_freq_hz=-2690064.4 mean|x|=0.03021 rms_x=0.03798 max|x|=0.2707 in_rms=105.9 out_rms=4.8
[eq-long t= 10.70s] fs=440 fs_err_rms=0.5246 |taps|=1.387 mu=5e-05 frz=0 hub=0.000 clmp=0
[fpll t= 11.20s] nco_freq_hz=-2690062.4 mean|x|=0.03019 rms_x=0.03800 max|x|=0.2570 in_rms=105.8 out_rms=4.8
[mer-probe long] dd_err_rms=0.4931 dd_mer=20.12
[eq-long t= 10.85s] fs=448 fs_err_rms=0.5336 |taps|=1.389 mu=5e-05 frz=0 hub=0.000 clmp=0
[fpll t= 11.39s] nco_freq_hz=-2690057.1 mean|x|=0.03037 rms_x=0.03819 max|x|=0.2406 in_rms=105.9 out_rms=4.8
[eq-long t= 11.02s] fs=456 fs_err_rms=0.5306 |taps|=1.389 mu=5e-05 frz=0 hub=0.000 clmp=0
[fpll t= 11.57s] nco_freq_hz=-2690059.5 mean|x|=0.03014 rms_x=0.03789 max|x|=0.2631 in_rms=105.8 out_rms=4.8
[eq-long t= 11.23s] fs=464 fs_err_rms=0.5297 |taps|=1.390 mu=5e-05 frz=0 hub=0.000 clmp=0
[mer-probe long] dd_err_rms=0.4935 dd_mer=20.11
[fpll t= 11.79s] nco_freq_hz=-2690059.4 mean|x|=0.03028 rms_x=0.03810 max|x|=0.2643 in_rms=105.8 out_rms=4.8
[eq-long t= 11.45s] fs=472 fs_err_rms=0.5514 |taps|=1.387 mu=5e-05 frz=0 hub=0.000 clmp=0
[fpll t= 11.99s] nco_freq_hz=-2690064.6 mean|x|=0.03011 rms_x=0.03792 max|x|=0.2632 in_rms=105.8 out_rms=4.8
[eq-long t= 11.61s] fs=480 fs_err_rms=0.5393 |taps|=1.389 mu=5e-05 frz=0 hub=0.000 clmp=0
[mer-probe long] dd_err_rms=0.4941 dd_mer=20.10
[fpll t= 12.16s] nco_freq_hz=-2690062.0 mean|x|=0.03018 rms_x=0.03791 max|x|=0.2330 in_rms=106.0 out_rms=4.8
[eq-long t= 11.80s] fs=488 fs_err_rms=0.5379 |taps|=1.389 mu=5e-05 frz=0 hub=0.000 clmp=0
[fpll t= 12.36s] nco_freq_hz=-2690061.2 mean|x|=0.03017 rms_x=0.03794 max|x|=0.2570 in_rms=105.8 out_rms=4.8
[eq-long t= 11.99s] fs=496 fs_err_rms=0.5306 |taps|=1.389 mu=5e-05 frz=0 hub=0.000 clmp=0
[fpll t= 12.55s] nco_freq_hz=-2690064.1 mean|x|=0.03008 rms_x=0.03785 max|x|=0.2570 in_rms=106.0 out_rms=4.8
[mer-probe long] dd_err_rms=0.4937 dd_mer=20.11
[eq-long t= 12.19s] fs=504 fs_err_rms=0.5232 |taps|=1.387 mu=5e-05 frz=0 hub=0.000 clmp=0
[fpll t= 12.74s] nco_freq_hz=-2690059.5 mean|x|=0.03008 rms_x=0.03780 max|x|=0.2431 in_rms=106.0 out_rms=4.8
[eq-long t= 12.38s] fs=512 fs_err_rms=0.5455 |taps|=1.384 mu=5e-05 frz=0 hub=0.000 clmp=0
[fpll t= 12.95s] nco_freq_hz=-2690063.6 mean|x|=0.02991 rms_x=0.03758 max|x|=0.2277 in_rms=105.9 out_rms=4.8
[eq-long t= 12.57s] fs=520 fs_err_rms=0.5350 |taps|=1.387 mu=5e-05 frz=0 hub=0.000 clmp=0
[mer-probe long] dd_err_rms=0.4928 dd_mer=20.13
[fpll t= 13.14s] nco_freq_hz=-2690057.1 mean|x|=0.02998 rms_x=0.03767 max|x|=0.2616 in_rms=105.8 out_rms=4.8
[eq-long t= 12.76s] fs=528 fs_err_rms=0.5361 |taps|=1.386 mu=5e-05 frz=0 hub=0.000 clmp=0
[fpll t= 13.35s] nco_freq_hz=-2690063.1 mean|x|=0.03013 rms_x=0.03785 max|x|=0.2438 in_rms=105.8 out_rms=4.8
[eq-long t= 12.97s] fs=536 fs_err_rms=0.5235 |taps|=1.392 mu=5e-05 frz=0 hub=0.000 clmp=0
[fpll t= 13.58s] nco_freq_hz=-2690061.9 mean|x|=0.03023 rms_x=0.03803 max|x|=0.2694 in_rms=105.6 out_rms=4.8
[mer-probe long] dd_err_rms=0.4939 dd_mer=20.11
[eq-long t= 13.24s] fs=544 fs_err_rms=0.5255 |taps|=1.389 mu=5e-05 frz=0 hub=0.000 clmp=0
[fpll t= 13.83s] nco_freq_hz=-2690063.1 mean|x|=0.03021 rms_x=0.03796 max|x|=0.2914 in_rms=105.5 out_rms=4.8
[eq-long t= 13.45s] fs=552 fs_err_rms=0.5245 |taps|=1.390 mu=5e-05 frz=0 hub=0.000 clmp=0
[fpll t= 14.03s] nco_freq_hz=-2690060.2 mean|x|=0.03017 rms_x=0.03795 max|x|=0.2835 in_rms=105.5 out_rms=4.8
[eq-long t= 13.67s] fs=560 fs_err_rms=0.5291 |taps|=1.389 mu=5e-05 frz=0 hub=0.000 clmp=0
[mer-probe long] dd_err_rms=0.4932 dd_mer=20.12
[fpll t= 14.28s] nco_freq_hz=-2690062.0 mean|x|=0.03016 rms_x=0.03794 max|x|=0.2652 in_rms=105.6 out_rms=4.8
[eq-long t= 13.89s] fs=568 fs_err_rms=0.5288 |taps|=1.387 mu=5e-05 frz=0 hub=0.000 clmp=0
[fpll t= 14.49s] nco_freq_hz=-2690060.0 mean|x|=0.03020 rms_x=0.03794 max|x|=0.2360 in_rms=105.7 out_rms=4.8
[eq-long t= 14.07s] fs=576 fs_err_rms=0.5376 |taps|=1.387 mu=5e-05 frz=0 hub=0.000 clmp=0
[mer-probe long] dd_err_rms=0.4932 dd_mer=20.12
[eq-long t= 14.24s] fs=584 fs_err_rms=0.5280 |taps|=1.390 mu=5e-05 frz=0 hub=0.000 clmp=0
[fpll t= 14.69s] nco_freq_hz=-2690065.5 mean|x|=0.03016 rms_x=0.03794 max|x|=0.2509 in_rms=105.8 out_rms=4.8
[eq-long t= 14.41s] fs=592 fs_err_rms=0.5433 |taps|=1.384 mu=5e-05 frz=0 hub=0.000 clmp=0
[fpll t= 14.89s] nco_freq_hz=-2690067.7 mean|x|=0.03037 rms_x=0.03820 max|x|=0.3065 in_rms=106.0 out_rms=4.8
[mer-probe long] dd_err_rms=0.4927 dd_mer=20.13
[eq-long t= 14.59s] fs=600 fs_err_rms=0.5390 |taps|=1.388 mu=5e-05 frz=0 hub=0.000 clmp=0
[fpll t= 15.08s] nco_freq_hz=-2690062.8 mean|x|=0.03021 rms_x=0.03801 max|x|=0.2420 in_rms=106.2 out_rms=4.8
[eq-long t= 14.74s] fs=608 fs_err_rms=0.5257 |taps|=1.388 mu=5e-05 frz=0 hub=0.000 clmp=0
[fpll t= 15.28s] nco_freq_hz=-2690064.2 mean|x|=0.03018 rms_x=0.03794 max|x|=0.2501 in_rms=106.1 out_rms=4.8
[eq-long t= 14.95s] fs=616 fs_err_rms=0.5412 |taps|=1.386 mu=5e-05 frz=0 hub=0.000 clmp=0
[mer-probe long] dd_err_rms=0.4928 dd_mer=20.13
[fpll t= 15.53s] nco_freq_hz=-2690060.1 mean|x|=0.03022 rms_x=0.03800 max|x|=0.2390 in_rms=106.1 out_rms=4.8
[eq-long t= 15.22s] fs=624 fs_err_rms=0.5252 |taps|=1.388 mu=5e-05 frz=0 hub=0.000 clmp=0
[fpll t= 15.75s] nco_freq_hz=-2690062.0 mean|x|=0.03048 rms_x=0.03836 max|x|=0.2989 in_rms=106.2 out_rms=4.8
[eq-long t= 15.42s] fs=632 fs_err_rms=0.5290 |taps|=1.387 mu=5e-05 frz=0 hub=0.000 clmp=0
[mer-probe long] dd_err_rms=0.4924 dd_mer=20.13
[fpll t= 16.01s] nco_freq_hz=-2690061.6 mean|x|=0.03017 rms_x=0.03791 max|x|=0.2504 in_rms=106.1 out_rms=4.8
[eq-long t= 15.63s] fs=640 fs_err_rms=0.5303 |taps|=1.391 mu=5e-05 frz=0 hub=0.000 clmp=0
[fpll t= 16.28s] nco_freq_hz=-2690062.0 mean|x|=0.03046 rms_x=0.03830 max|x|=0.2639 in_rms=106.0 out_rms=4.8
[eq-long t= 15.87s] fs=648 fs_err_rms=0.5331 |taps|=1.387 mu=5e-05 frz=0 hub=0.000 clmp=0
[eq-long t= 16.09s] fs=656 fs_err_rms=0.5278 |taps|=1.387 mu=5e-05 frz=0 hub=0.000 clmp=0
[fpll t= 16.54s] nco_freq_hz=-2690065.8 mean|x|=0.03037 rms_x=0.03824 max|x|=0.2945 in_rms=106.1 out_rms=4.8
[mer-probe long] dd_err_rms=0.4933 dd_mer=20.12
[eq-long t= 16.33s] fs=664 fs_err_rms=0.5424 |taps|=1.386 mu=5e-05 frz=0 hub=0.000 clmp=0
[fpll t= 16.80s] nco_freq_hz=-2690062.1 mean|x|=0.03035 rms_x=0.03820 max|x|=0.2480 in_rms=105.9 out_rms=4.8
[eq-long t= 16.55s] fs=672 fs_err_rms=0.5279 |taps|=1.387 mu=5e-05 frz=0 hub=0.000 clmp=0
[fpll t= 17.05s] nco_freq_hz=-2690064.2 mean|x|=0.03010 rms_x=0.03783 max|x|=0.2156 in_rms=106.2 out_rms=4.8
[mer-probe long] dd_err_rms=0.4932 dd_mer=20.12
[eq-long t= 16.77s] fs=680 fs_err_rms=0.5236 |taps|=1.389 mu=5e-05 frz=0 hub=0.000 clmp=0
[fpll t= 17.33s] nco_freq_hz=-2690063.9 mean|x|=0.03011 rms_x=0.03784 max|x|=0.2909 in_rms=106.1 out_rms=4.8
[eq-long t= 17.03s] fs=688 fs_err_rms=0.5385 |taps|=1.383 mu=5e-05 frz=0 hub=0.000 clmp=0
[fpll t= 17.57s] nco_freq_hz=-2690061.6 mean|x|=0.03021 rms_x=0.03796 max|x|=0.2566 in_rms=106.1 out_rms=4.8
[mer-probe long] dd_err_rms=0.4921 dd_mer=20.14
[eq-long t= 17.23s] fs=696 fs_err_rms=0.5481 |taps|=1.385 mu=5e-05 frz=0 hub=0.000 clmp=0
[fpll t= 17.82s] nco_freq_hz=-2690061.3 mean|x|=0.03039 rms_x=0.03822 max|x|=0.2629 in_rms=106.2 out_rms=4.8
[eq-long t= 17.46s] fs=704 fs_err_rms=0.5359 |taps|=1.388 mu=5e-05 frz=0 hub=0.000 clmp=0
[fpll t= 18.06s] nco_freq_hz=-2690061.8 mean|x|=0.03038 rms_x=0.03815 max|x|=0.2269 in_rms=106.1 out_rms=4.8
[eq-long t= 17.67s] fs=712 fs_err_rms=0.5376 |taps|=1.387 mu=5e-05 frz=0 hub=0.000 clmp=0
[mer-probe long] dd_err_rms=0.4925 dd_mer=20.13
[fpll t= 18.32s] nco_freq_hz=-2690063.0 mean|x|=0.03035 rms_x=0.03818 max|x|=0.2521 in_rms=106.2 out_rms=4.8
[eq-long t= 17.88s] fs=720 fs_err_rms=0.5372 |taps|=1.386 mu=5e-05 frz=0 hub=0.000 clmp=0
[eq-long t= 18.12s] fs=728 fs_err_rms=0.5322 |taps|=1.387 mu=5e-05 frz=0 hub=0.000 clmp=0
[fpll t= 18.59s] nco_freq_hz=-2690064.8 mean|x|=0.03046 rms_x=0.03831 max|x|=0.2238 in_rms=106.4 out_rms=4.8
[mer-probe long] dd_err_rms=0.4919 dd_mer=20.14
[eq-long t= 18.33s] fs=736 fs_err_rms=0.5261 |taps|=1.384 mu=5e-05 frz=0 hub=0.000 clmp=0
[fpll t= 18.84s] nco_freq_hz=-2690062.8 mean|x|=0.03027 rms_x=0.03805 max|x|=0.2395 in_rms=106.6 out_rms=4.8
[eq-long t= 18.55s] fs=744 fs_err_rms=0.5458 |taps|=1.389 mu=5e-05 frz=0 hub=0.000 clmp=0
[fpll t= 19.11s] nco_freq_hz=-2690063.1 mean|x|=0.03027 rms_x=0.03807 max|x|=0.2455 in_rms=106.7 out_rms=4.8
[eq-long t= 18.79s] fs=752 fs_err_rms=0.5193 |taps|=1.390 mu=5e-05 frz=0 hub=0.000 clmp=0
[mer-probe long] dd_err_rms=0.4926 dd_mer=20.13
[fpll t= 19.39s] nco_freq_hz=-2690063.2 mean|x|=0.03030 rms_x=0.03808 max|x|=0.2656 in_rms=106.8 out_rms=4.8
[eq-long t= 19.04s] fs=760 fs_err_rms=0.5322 |taps|=1.389 mu=5e-05 frz=0 hub=0.000 clmp=0
[fpll t= 19.65s] nco_freq_hz=-2690064.3 mean|x|=0.03036 rms_x=0.03818 max|x|=0.2704 in_rms=106.6 out_rms=4.8
[eq-long t= 19.27s] fs=768 fs_err_rms=0.5301 |taps|=1.388 mu=5e-05 frz=0 hub=0.000 clmp=0
[mer-probe long] dd_err_rms=0.4928 dd_mer=20.13
[fpll t= 19.91s] nco_freq_hz=-2690061.6 mean|x|=0.03016 rms_x=0.03791 max|x|=0.2933 in_rms=106.8 out_rms=4.8
[eq-long t= 19.50s] fs=776 fs_err_rms=0.5422 |taps|=1.391 mu=5e-05 frz=0 hub=0.000 clmp=0
[eq-long t= 19.71s] fs=784 fs_err_rms=0.5365 |taps|=1.388 mu=5e-05 frz=0 hub=0.000 clmp=0
[fpll t= 20.16s] nco_freq_hz=-2690064.0 mean|x|=0.03025 rms_x=0.03804 max|x|=0.2765 in_rms=106.5 out_rms=4.8
[eq-long t= 19.91s] fs=792 fs_err_rms=0.5249 |taps|=1.391 mu=5e-05 frz=0 hub=0.000 clmp=0
[mer-probe long] dd_err_rms=0.4931 dd_mer=20.12
[fpll t= 20.39s] nco_freq_hz=-2690060.4 mean|x|=0.03051 rms_x=0.03839 max|x|=0.2325 in_rms=106.4 out_rms=4.8
[eq-long t= 20.15s] fs=800 fs_err_rms=0.5223 |taps|=1.392 mu=5e-05 frz=0 hub=0.000 clmp=0
[fpll t= 20.63s] nco_freq_hz=-2690062.5 mean|x|=0.03044 rms_x=0.03826 max|x|=0.2358 in_rms=106.3 out_rms=4.8
[eq-long t= 20.35s] fs=808 fs_err_rms=0.5436 |taps|=1.392 mu=5e-05 frz=0 hub=0.000 clmp=0
[fpll t= 20.87s] nco_freq_hz=-2690059.9 mean|x|=0.03033 rms_x=0.03814 max|x|=0.2433 in_rms=106.3 out_rms=4.8
[mer-probe long] dd_err_rms=0.4919 dd_mer=20.14
[eq-long t= 20.54s] fs=816 fs_err_rms=0.5565 |taps|=1.390 mu=5e-05 frz=0 hub=0.000 clmp=0
[fpll t= 21.12s] nco_freq_hz=-2690061.4 mean|x|=0.03052 rms_x=0.03840 max|x|=0.4065 in_rms=106.5 out_rms=4.8
[eq-long t= 20.77s] fs=824 fs_err_rms=0.5279 |taps|=1.391 mu=5e-05 frz=0 hub=0.000 clmp=0
[fpll t= 21.36s] nco_freq_hz=-2690065.5 mean|x|=0.03048 rms_x=0.03836 max|x|=0.2827 in_rms=106.4 out_rms=4.8
[mer-probe long] dd_err_rms=0.4925 dd_mer=20.13
[eq-long t= 20.98s] fs=832 fs_err_rms=0.5292 |taps|=1.391 mu=5e-05 frz=0 hub=0.000 clmp=0
[fpll t= 21.62s] nco_freq_hz=-2690062.6 mean|x|=0.03040 rms_x=0.03825 max|x|=0.2621 in_rms=106.3 out_rms=4.8
[eq-long t= 21.21s] fs=840 fs_err_rms=0.5303 |taps|=1.391 mu=5e-05 frz=0 hub=0.000 clmp=0
[eq-long t= 21.44s] fs=848 fs_err_rms=0.5144 |taps|=1.392 mu=5e-05 frz=0 hub=0.000 clmp=0
[fpll t= 21.88s] nco_freq_hz=-2690063.1 mean|x|=0.03043 rms_x=0.03825 max|x|=0.2569 in_rms=106.3 out_rms=4.8
[mer-probe long] dd_err_rms=0.4924 dd_mer=20.13
[eq-long t= 21.67s] fs=856 fs_err_rms=0.5513 |taps|=1.389 mu=5e-05 frz=0 hub=0.000 clmp=0
[fpll t= 22.12s] nco_freq_hz=-2690061.5 mean|x|=0.03034 rms_x=0.03818 max|x|=0.3446 in_rms=106.3 out_rms=4.8
[eq-long t= 21.87s] fs=864 fs_err_rms=0.5711 |taps|=1.388 mu=5e-05 frz=0 hub=0.000 clmp=0
[fpll t= 22.38s] nco_freq_hz=-2690062.4 mean|x|=0.03032 rms_x=0.03814 max|x|=0.2572 in_rms=106.1 out_rms=4.8
[mer-probe long] dd_err_rms=0.4923 dd_mer=20.14
[eq-long t= 22.10s] fs=872 fs_err_rms=0.5427 |taps|=1.390 mu=5e-05 frz=0 hub=0.000 clmp=0
[fpll t= 22.62s] nco_freq_hz=-2690065.3 mean|x|=0.03019 rms_x=0.03795 max|x|=0.2648 in_rms=106.5 out_rms=4.8
[eq-long t= 22.32s] fs=880 fs_err_rms=0.5474 |taps|=1.387 mu=5e-05 frz=0 hub=0.000 clmp=0
[fpll t= 22.87s] nco_freq_hz=-2690064.8 mean|x|=0.03002 rms_x=0.03775 max|x|=0.2387 in_rms=106.5 out_rms=4.8
[eq-long t= 22.52s] fs=888 fs_err_rms=0.5486 |taps|=1.389 mu=5e-05 frz=0 hub=0.000 clmp=0
[mer-probe long] dd_err_rms=0.4903 dd_mer=20.17
[fpll t= 23.13s] nco_freq_hz=-2690060.5 mean|x|=0.03042 rms_x=0.03826 max|x|=0.2428 in_rms=106.7 out_rms=4.8
[eq-long t= 22.76s] fs=896 fs_err_rms=0.5313 |taps|=1.390 mu=5e-05 frz=0 hub=0.000 clmp=0
[fpll t= 23.37s] nco_freq_hz=-2690067.8 mean|x|=0.03027 rms_x=0.03806 max|x|=0.2749 in_rms=106.8 out_rms=4.8
[eq-long t= 22.97s] fs=904 fs_err_rms=0.5244 |taps|=1.389 mu=5e-05 frz=0 hub=0.000 clmp=0
[mer-probe long] dd_err_rms=0.4924 dd_mer=20.13
[fpll t= 23.62s] nco_freq_hz=-2690062.8 mean|x|=0.03030 rms_x=0.03814 max|x|=0.2681 in_rms=106.8 out_rms=4.8
[eq-long t= 23.19s] fs=912 fs_err_rms=0.5345 |taps|=1.393 mu=5e-05 frz=0 hub=0.000 clmp=0
[eq-long t= 23.38s] fs=920 fs_err_rms=0.5381 |taps|=1.389 mu=5e-05 frz=0 hub=0.000 clmp=0
[fpll t= 23.88s] nco_freq_hz=-2690067.5 mean|x|=0.03032 rms_x=0.03810 max|x|=0.2289 in_rms=106.7 out_rms=4.8
[mer-probe long] dd_err_rms=0.4924 dd_mer=20.13
[eq-long t= 23.61s] fs=928 fs_err_rms=0.5235 |taps|=1.390 mu=5e-05 frz=0 hub=0.000 clmp=0
[fpll t= 24.11s] nco_freq_hz=-2690066.0 mean|x|=0.03016 rms_x=0.03793 max|x|=0.2530 in_rms=106.7 out_rms=4.8
[eq-long t= 23.78s] fs=936 fs_err_rms=0.5251 |taps|=1.391 mu=5e-05 frz=0 hub=0.000 clmp=0
[fpll t= 24.30s] nco_freq_hz=-2690064.8 mean|x|=0.03012 rms_x=0.03786 max|x|=0.2718 in_rms=106.6 out_rms=4.8
[eq-long t= 23.94s] fs=944 fs_err_rms=0.5388 |taps|=1.390 mu=5e-05 frz=0 hub=0.000 clmp=0
[mer-probe long] dd_err_rms=0.4919 dd_mer=20.14
[fpll t= 24.50s] nco_freq_hz=-2690064.2 mean|x|=0.03039 rms_x=0.03821 max|x|=0.2528 in_rms=106.6 out_rms=4.8
[eq-long t= 24.13s] fs=952 fs_err_rms=0.5252 |taps|=1.392 mu=5e-05 frz=0 hub=0.000 clmp=0
[fpll t= 24.69s] nco_freq_hz=-2690063.3 mean|x|=0.03028 rms_x=0.03808 max|x|=0.2657 in_rms=106.5 out_rms=4.8
[eq-long t= 24.29s] fs=960 fs_err_rms=0.5411 |taps|=1.392 mu=5e-05 frz=0 hub=0.000 clmp=0
[mer-probe long] dd_err_rms=0.4924 dd_mer=20.13
[fpll t= 24.89s] nco_freq_hz=-2690063.6 mean|x|=0.03032 rms_x=0.03814 max|x|=0.2428 in_rms=106.6 out_rms=4.8
[eq-long t= 24.46s] fs=968 fs_err_rms=0.5791 |taps|=1.390 mu=5e-05 frz=0 hub=0.000 clmp=0
[eq-long t= 24.63s] fs=976 fs_err_rms=0.5297 |taps|=1.389 mu=5e-05 frz=0 hub=0.000 clmp=0
[fpll t= 25.10s] nco_freq_hz=-2690065.1 mean|x|=0.03009 rms_x=0.03784 max|x|=0.2952 in_rms=106.6 out_rms=4.8
[eq-long t= 24.86s] fs=984 fs_err_rms=0.5321 |taps|=1.392 mu=5e-05 frz=0 hub=0.000 clmp=0
[mer-probe long] dd_err_rms=0.4925 dd_mer=20.13
[fpll t= 25.35s] nco_freq_hz=-2690063.9 mean|x|=0.03033 rms_x=0.03811 max|x|=0.2512 in_rms=106.7 out_rms=4.8
[eq-long t= 25.09s] fs=992 fs_err_rms=0.5434 |taps|=1.386 mu=5e-05 frz=0 hub=0.000 clmp=0
[fpll t= 25.61s] nco_freq_hz=-2690066.0 mean|x|=0.03026 rms_x=0.03803 max|x|=0.2349 in_rms=106.6 out_rms=4.8
[eq-long t= 25.30s] fs=1000 fs_err_rms=0.5607 |taps|=1.391 mu=5e-05 frz=0 hub=0.000 clmp=0
[fpll t= 25.85s] nco_freq_hz=-2690064.4 mean|x|=0.03022 rms_x=0.03797 max|x|=0.2805 in_rms=106.7 out_rms=4.8
[mer-probe long] dd_err_rms=0.4917 dd_mer=20.15
[eq-long t= 25.53s] fs=1008 fs_err_rms=0.5275 |taps|=1.390 mu=5e-05 frz=0 hub=0.000 clmp=0
[fpll t= 26.10s] nco_freq_hz=-2690065.2 mean|x|=0.03011 rms_x=0.03787 max|x|=0.2442 in_rms=106.9 out_rms=4.8
[eq-long t= 25.76s] fs=1016 fs_err_rms=0.5308 |taps|=1.389 mu=5e-05 frz=0 hub=0.000 clmp=0
[fpll t= 26.37s] nco_freq_hz=-2690066.2 mean|x|=0.03023 rms_x=0.03798 max|x|=0.3240 in_rms=106.8 out_rms=4.8
[mer-probe long] dd_err_rms=0.4920 dd_mer=20.14
[eq-long t= 25.99s] fs=1024 fs_err_rms=0.5199 |taps|=1.391 mu=5e-05 frz=0 hub=0.000 clmp=0
[fpll t= 26.61s] nco_freq_hz=-2690063.5 mean|x|=0.03015 rms_x=0.03792 max|x|=0.3008 in_rms=106.8 out_rms=4.8
[eq-long t= 26.20s] fs=1032 fs_err_rms=0.5270 |taps|=1.392 mu=5e-05 frz=0 hub=0.000 clmp=0
[eq-long t= 26.41s] fs=1040 fs_err_rms=0.5561 |taps|=1.387 mu=5e-05 frz=0 hub=0.000 clmp=0
[fpll t= 26.86s] nco_freq_hz=-2690065.4 mean|x|=0.03021 rms_x=0.03798 max|x|=0.2667 in_rms=106.8 out_rms=4.8
[mer-probe long] dd_err_rms=0.4923 dd_mer=20.13
[eq-long t= 26.63s] fs=1048 fs_err_rms=0.5351 |taps|=1.388 mu=5e-05 frz=0 hub=0.000 clmp=0
[fpll t= 27.12s] nco_freq_hz=-2690066.1 mean|x|=0.03025 rms_x=0.03807 max|x|=0.3375 in_rms=107.0 out_rms=4.8
OsO[eq-long t= 26.86s] fs=1056 fs_err_rms=0.5362 |taps|=1.391 mu=5e-05 frz=0 hub=0.000 clmp=0
[fpll t= 27.36s] nco_freq_hz=-2690063.1 mean|x|=0.03020 rms_x=0.03797 max|x|=0.2752 in_rms=107.1 out_rms=4.8
[mer-probe long] dd_err_rms=0.4921 dd_mer=20.14
[eq-long t= 27.07s] fs=1064 fs_err_rms=0.5317 |taps|=1.390 mu=5e-05 frz=0 hub=0.000 clmp=0
[fpll t= 27.63s] nco_freq_hz=-2690066.7 mean|x|=0.02943 rms_x=0.04522 max|x|=1.5707 in_rms=107.1 out_rms=4.8
[eq-long t= 27.31s] fs=1072 fs_err_rms=0.5479 |taps|=1.392 mu=5e-05 frz=0 hub=0.000 clmp=0
[fpll t= 27.88s] nco_freq_hz=-2690063.3 mean|x|=0.03012 rms_x=0.03785 max|x|=0.2421 in_rms=107.1 out_rms=4.8
[eq-long t= 27.56s] fs=1080 fs_err_rms=0.5665 |taps|=1.391 mu=5e-05 frz=0 hub=0.000 clmp=0
[mer-probe long] dd_err_rms=0.5038 dd_mer=19.93
[fpll t= 28.09s] nco_freq_hz=-2690066.8 mean|x|=0.03005 rms_x=0.03779 max|x|=0.2658 in_rms=107.5 out_rms=4.8
[eq-long t= 27.74s] fs=1088 fs_err_rms=0.5506 |taps|=1.390 mu=5e-05 frz=0 hub=0.000 clmp=0
[fpll t= 28.35s] nco_freq_hz=-2690062.9 mean|x|=0.03002 rms_x=0.03773 max|x|=0.2468 in_rms=107.4 out_rms=4.8
[eq-long t= 27.97s] fs=1096 fs_err_rms=0.5512 |taps|=1.391 mu=5e-05 frz=0 hub=0.000 clmp=0
[mer-probe long] dd_err_rms=0.4925 dd_mer=20.13
[fpll t= 28.61s] nco_freq_hz=-2690066.3 mean|x|=0.03037 rms_x=0.03817 max|x|=0.2414 in_rms=107.2 out_rms=4.8
[eq-long t= 28.17s] fs=1104 fs_err_rms=0.5563 |taps|=1.389 mu=5e-05 frz=0 hub=0.000 clmp=0
[eq-long t= 28.40s] fs=1112 fs_err_rms=0.5449 |taps|=1.389 mu=5e-05 frz=0 hub=0.000 clmp=0
[fpll t= 28.85s] nco_freq_hz=-2690066.5 mean|x|=0.03018 rms_x=0.03794 max|x|=0.2756 in_rms=107.3 out_rms=4.8
[eq-long t= 28.63s] fs=1120 fs_err_rms=0.5429 |taps|=1.391 mu=5e-05 frz=0 hub=0.000 clmp=0
[mer-probe long] dd_err_rms=0.4925 dd_mer=20.13
[fpll t= 29.10s] nco_freq_hz=-2690065.1 mean|x|=0.03025 rms_x=0.03809 max|x|=0.2875 in_rms=107.1 out_rms=4.8
[eq-long t= 28.85s] fs=1128 fs_err_rms=0.5591 |taps|=1.392 mu=5e-05 frz=0 hub=0.000 clmp=0
[fpll t= 29.38s] nco_freq_hz=-2690066.3 mean|x|=0.03027 rms_x=0.03810 max|x|=0.3190 in_rms=107.2 out_rms=4.8
[eq-long t= 29.10s] fs=1136 fs_err_rms=0.5438 |taps|=1.396 mu=5e-05 frz=0 hub=0.000 clmp=0
[fpll t= 29.60s] nco_freq_hz=-2690062.0 mean|x|=0.03011 rms_x=0.03787 max|x|=0.2437 in_rms=107.0 out_rms=4.8
[mer-probe long] dd_err_rms=0.4922 dd_mer=20.14
[eq-long t= 29.25s] fs=1144 fs_err_rms=0.5418 |taps|=1.393 mu=5e-05 frz=0 hub=0.000 clmp=0
[fpll t= 29.78s] nco_freq_hz=-2690068.4 mean|x|=0.03013 rms_x=0.03788 max|x|=0.2355 in_rms=107.0 out_rms=4.8
[eq-long t= 29.40s] fs=1152 fs_err_rms=0.5351 |taps|=1.392 mu=5e-05 frz=0 hub=0.000 clmp=0
[fpll t= 29.98s] nco_freq_hz=-2690063.0 mean|x|=0.03025 rms_x=0.03805 max|x|=0.2647 in_rms=107.2 out_rms=4.8
[mer-probe long] dd_err_rms=0.4924 dd_mer=20.13
[eq-long t= 29.56s] fs=1160 fs_err_rms=0.5346 |taps|=1.394 mu=5e-05 frz=0 hub=0.000 clmp=0
[eq-long t= 29.73s] fs=1168 fs_err_rms=0.5391 |taps|=1.392 mu=5e-05 frz=0 hub=0.000 clmp=0
[fpll t= 30.18s] nco_freq_hz=-2690065.1 mean|x|=0.03022 rms_x=0.03799 max|x|=0.2323 in_rms=107.3 out_rms=4.8
[eq-long t= 29.94s] fs=1176 fs_err_rms=0.5323 |taps|=1.394 mu=5e-05 frz=0 hub=0.000 clmp=0
[fpll t= 30.39s] nco_freq_hz=-2690061.3 mean|x|=0.03026 rms_x=0.03805 max|x|=0.2455 in_rms=107.6 out_rms=4.8
[mer-probe long] dd_err_rms=0.4925 dd_mer=20.13
[eq-long t= 30.10s] fs=1184 fs_err_rms=0.5398 |taps|=1.394 mu=5e-05 frz=0 hub=0.000 clmp=0
[fpll t= 30.59s] nco_freq_hz=-2690066.4 mean|x|=0.03021 rms_x=0.03798 max|x|=0.2497 in_rms=107.7 out_rms=4.8
[eq-long t= 30.27s] fs=1192 fs_err_rms=0.5496 |taps|=1.391 mu=5e-05 frz=0 hub=0.000 clmp=0
[fpll t= 30.80s] nco_freq_hz=-2690067.1 mean|x|=0.03032 rms_x=0.03813 max|x|=0.2639 in_rms=107.6 out_rms=4.8
[mer-probe long] dd_err_rms=0.4922 dd_mer=20.14
[eq-long t= 30.46s] fs=1200 fs_err_rms=0.5577 |taps|=1.394 mu=5e-05 frz=0 hub=0.000 clmp=0
[fpll t= 30.99s] nco_freq_hz=-2690065.3 mean|x|=0.03027 rms_x=0.03809 max|x|=0.2793 in_rms=107.8 out_rms=4.8
[eq-long t= 30.63s] fs=1208 fs_err_rms=0.5468 |taps|=1.393 mu=5e-05 frz=0 hub=0.000 clmp=0
[fpll t= 31.19s] nco_freq_hz=-2690065.8 mean|x|=0.03012 rms_x=0.03787 max|x|=0.2935 in_rms=107.7 out_rms=4.8
[eq-long t= 30.81s] fs=1216 fs_err_rms=0.5522 |taps|=1.391 mu=5e-05 frz=0 hub=0.000 clmp=0
[mer-probe long] dd_err_rms=0.4912 dd_mer=20.15
[fpll t= 31.42s] nco_freq_hz=-2690065.7 mean|x|=0.03018 rms_x=0.03795 max|x|=0.2928 in_rms=107.5 out_rms=4.8
[eq-long t= 31.04s] fs=1224 fs_err_rms=0.5391 |taps|=1.394 mu=5e-05 frz=0 hub=0.000 clmp=0
[fpll t= 31.68s] nco_freq_hz=-2690063.0 mean|x|=0.03026 rms_x=0.03806 max|x|=0.3094 in_rms=107.6 out_rms=4.8
[eq-long t= 31.24s] fs=1232 fs_err_rms=0.5510 |taps|=1.393 mu=5e-05 frz=0 hub=0.000 clmp=0
[mer-probe long] dd_err_rms=0.4936 dd_mer=20.11
[eq-long t= 31.49s] fs=1240 fs_err_rms=0.5467 |taps|=1.393 mu=5e-05 frz=0 hub=0.000 clmp=0
[fpll t= 31.98s] nco_freq_hz=-2690063.2 mean|x|=0.03035 rms_x=0.03815 max|x|=0.2793 in_rms=107.5 out_rms=4.8
[eq-long t= 31.74s] fs=1248 fs_err_rms=0.5419 |taps|=1.393 mu=5e-05 frz=0 hub=0.000 clmp=0
[fpll t= 32.24s] nco_freq_hz=-2690066.8 mean|x|=0.03020 rms_x=0.03801 max|x|=0.2552 in_rms=107.5 out_rms=4.8
[mer-probe long] dd_err_rms=0.4928 dd_mer=20.13
[eq-long t= 31.99s] fs=1256 fs_err_rms=0.5669 |taps|=1.393 mu=5e-05 frz=0 hub=0.000 clmp=0
[fpll t= 32.53s] nco_freq_hz=-2690065.9 mean|x|=0.03031 rms_x=0.03813 max|x|=0.2781 in_rms=107.6 out_rms=4.8
[eq-long t= 32.33s] fs=1264 fs_err_rms=0.5413 |taps|=1.391 mu=5e-05 frz=0 hub=0.000 clmp=0
[fpll t= 32.83s] nco_freq_hz=-2690065.9 mean|x|=0.03013 rms_x=0.03790 max|x|=0.2555 in_rms=107.5 out_rms=4.8
[eq-long t= 32.57s] fs=1272 fs_err_rms=0.5461 |taps|=1.393 mu=5e-05 frz=0 hub=0.000 clmp=0
[mer-probe long] dd_err_rms=0.4917 dd_mer=20.15
[fpll t= 33.12s] nco_freq_hz=-2690063.5 mean|x|=0.03009 rms_x=0.03782 max|x|=0.2376 in_rms=107.4 out_rms=4.8
[eq-long t= 32.75s] fs=1280 fs_err_rms=0.5435 |taps|=1.395 mu=5e-05 frz=0 hub=0.000 clmp=0
[fpll t= 33.38s] nco_freq_hz=-2690064.8 mean|x|=0.03016 rms_x=0.03792 max|x|=0.2550 in_rms=107.2 out_rms=4.8
[eq-long t= 33.00s] fs=1288 fs_err_rms=0.5820 |taps|=1.391 mu=5e-05 frz=0 hub=0.000 clmp=0
[mer-probe long] dd_err_rms=0.4923 dd_mer=20.13
[fpll t= 33.66s] nco_freq_hz=-2690064.1 mean|x|=0.03001 rms_x=0.03774 max|x|=0.2656 in_rms=107.0 out_rms=4.8
[eq-long t= 33.24s] fs=1296 fs_err_rms=0.5487 |taps|=1.390 mu=5e-05 frz=0 hub=0.000 clmp=0
[eq-long t= 33.45s] fs=1304 fs_err_rms=0.5310 |taps|=1.392 mu=5e-05 frz=0 hub=0.000 clmp=0
[fpll t= 33.90s] nco_freq_hz=-2690065.5 mean|x|=0.03014 rms_x=0.03790 max|x|=0.3294 in_rms=106.9 out_rms=4.8
[eq-long t= 33.64s] fs=1312 fs_err_rms=0.5369 |taps|=1.393 mu=5e-05 frz=0 hub=0.000 clmp=0
[mer-probe long] dd_err_rms=0.4923 dd_mer=20.13
[fpll t= 34.15s] nco_freq_hz=-2690062.9 mean|x|=0.02998 rms_x=0.03766 max|x|=0.2339 in_rms=106.9 out_rms=4.8
[eq-long t= 33.87s] fs=1320 fs_err_rms=0.5401 |taps|=1.390 mu=5e-05 frz=0 hub=0.000 clmp=0
[fpll t= 34.42s] nco_freq_hz=-2690065.9 mean|x|=0.03022 rms_x=0.03798 max|x|=0.2653 in_rms=106.6 out_rms=4.8
[eq-long t= 34.11s] fs=1328 fs_err_rms=0.5409 |taps|=1.387 mu=5e-05 frz=0 hub=0.000 clmp=0
[fpll t= 34.67s] nco_freq_hz=-2690065.7 mean|x|=0.03026 rms_x=0.03803 max|x|=0.2794 in_rms=106.9 out_rms=4.8
[mer-probe long] dd_err_rms=0.4926 dd_mer=20.13
[eq-long t= 34.32s] fs=1336 fs_err_rms=0.5385 |taps|=1.387 mu=5e-05 frz=0 hub=0.000 clmp=0
[fpll t= 34.87s] nco_freq_hz=-2690066.4 mean|x|=0.03010 rms_x=0.03784 max|x|=0.2755 in_rms=107.0 out_rms=4.8
[eq-long t= 34.49s] fs=1344 fs_err_rms=0.5418 |taps|=1.394 mu=5e-05 frz=0 hub=0.000 clmp=0
[fpll t= 35.08s] nco_freq_hz=-2690064.7 mean|x|=0.03028 rms_x=0.03809 max|x|=0.3082 in_rms=107.1 out_rms=4.8
[eq-long t= 34.67s] fs=1352 fs_err_rms=0.5396 |taps|=1.389 mu=5e-05 frz=0 hub=0.000 clmp=0
[mer-probe long] dd_err_rms=0.4917 dd_mer=20.14
[eq-long t= 34.82s] fs=1360 fs_err_rms=0.5532 |taps|=1.390 mu=5e-05 frz=0 hub=0.000 clmp=0
[fpll t= 35.27s] nco_freq_hz=-2690065.1 mean|x|=0.03020 rms_x=0.03797 max|x|=0.2629 in_rms=107.1 out_rms=4.8
[eq-long t= 35.00s] fs=1368 fs_err_rms=0.5408 |taps|=1.395 mu=5e-05 frz=0 hub=0.000 clmp=0
[fpll t= 35.46s] nco_freq_hz=-2690064.3 mean|x|=0.03019 rms_x=0.03793 max|x|=0.2304 in_rms=106.8 out_rms=4.8
[mer-probe long] dd_err_rms=0.4920 dd_mer=20.14
[eq-long t= 35.17s] fs=1376 fs_err_rms=0.5456 |taps|=1.390 mu=5e-05 frz=0 hub=0.000 clmp=0
[fpll t= 35.66s] nco_freq_hz=-2690063.6 mean|x|=0.03022 rms_x=0.03801 max|x|=0.2580 in_rms=106.5 out_rms=4.8
[eq-long t= 35.33s] fs=1384 fs_err_rms=0.5282 |taps|=1.391 mu=5e-05 frz=0 hub=0.000 clmp=0
[fpll t= 35.85s] nco_freq_hz=-2690067.1 mean|x|=0.03044 rms_x=0.03828 max|x|=0.2402 in_rms=106.4 out_rms=4.8
[mer-probe long] dd_err_rms=0.4926 dd_mer=20.13
[eq-long t= 35.55s] fs=1392 fs_err_rms=0.5403 |taps|=1.393 mu=5e-05 frz=0 hub=0.000 clmp=0
[fpll t= 36.11s] nco_freq_hz=-2690064.5 mean|x|=0.03005 rms_x=0.03779 max|x|=0.2499 in_rms=106.2 out_rms=4.8
[eq-long t= 35.77s] fs=1400 fs_err_rms=0.5453 |taps|=1.391 mu=5e-05 frz=0 hub=0.000 clmp=0
[fpll t= 36.35s] nco_freq_hz=-2690068.1 mean|x|=0.03023 rms_x=0.03800 max|x|=0.2838 in_rms=106.5 out_rms=4.8
[eq-long t= 35.97s] fs=1408 fs_err_rms=0.5604 |taps|=1.387 mu=5e-05 frz=0 hub=0.000 clmp=0
[mer-probe long] dd_err_rms=0.4926 dd_mer=20.13
[fpll t= 36.61s] nco_freq_hz=-2690067.2 mean|x|=0.03042 rms_x=0.03826 max|x|=0.2582 in_rms=106.8 out_rms=4.8
[eq-long t= 36.20s] fs=1416 fs_err_rms=0.5352 |taps|=1.392 mu=5e-05 frz=0 hub=0.000 clmp=0
[eq-long t= 36.42s] fs=1424 fs_err_rms=0.5596 |taps|=1.393 mu=5e-05 frz=0 hub=0.000 clmp=0
[fpll t= 36.87s] nco_freq_hz=-2690064.4 mean|x|=0.03024 rms_x=0.03809 max|x|=0.2842 in_rms=106.9 out_rms=4.8
[mer-probe long] dd_err_rms=0.4919 dd_mer=20.14
[eq-long t= 36.64s] fs=1432 fs_err_rms=0.5560 |taps|=1.390 mu=5e-05 frz=0 hub=0.000 clmp=0
[fpll t= 37.10s] nco_freq_hz=-2690064.9 mean|x|=0.03034 rms_x=0.03815 max|x|=0.2870 in_rms=106.9 out_rms=4.8
[eq-long t= 36.85s] fs=1440 fs_err_rms=0.5490 |taps|=1.389 mu=5e-05 frz=0 hub=0.000 clmp=0
[fpll t= 37.36s] nco_freq_hz=-2690065.0 mean|x|=0.03031 rms_x=0.03811 max|x|=0.2493 in_rms=106.9 out_rms=4.8
[eq-long t= 37.07s] fs=1448 fs_err_rms=0.5582 |taps|=1.392 mu=5e-05 frz=0 hub=0.000 clmp=0
[mer-probe long] dd_err_rms=0.4926 dd_mer=20.13
[fpll t= 37.60s] nco_freq_hz=-2690065.4 mean|x|=0.03028 rms_x=0.03811 max|x|=0.3357 in_rms=107.0 out_rms=4.8
[eq-long t= 37.30s] fs=1456 fs_err_rms=0.5417 |taps|=1.390 mu=5e-05 frz=0 hub=0.000 clmp=0
[fpll t= 37.86s] nco_freq_hz=-2690068.1 mean|x|=0.03022 rms_x=0.03801 max|x|=0.2548 in_rms=107.0 out_rms=4.8
[eq-long t= 37.52s] fs=1464 fs_err_rms=0.5531 |taps|=1.390 mu=5e-05 frz=0 hub=0.000 clmp=0
[mer-probe long] dd_err_rms=0.4926 dd_mer=20.13
[fpll t= 38.11s] nco_freq_hz=-2690063.4 mean|x|=0.03014 rms_x=0.03787 max|x|=0.2350 in_rms=107.0 out_rms=4.8
[eq-long t= 37.74s] fs=1472 fs_err_rms=0.5485 |taps|=1.389 mu=5e-05 frz=0 hub=0.000 clmp=0
[fpll t= 38.38s] nco_freq_hz=-2690067.3 mean|x|=0.03010 rms_x=0.03783 max|x|=0.2059 in_rms=107.2 out_rms=4.8
[eq-long t= 37.96s] fs=1480 fs_err_rms=0.5401 |taps|=1.389 mu=5e-05 frz=0 hub=0.000 clmp=0
[mer-probe long] dd_err_rms=0.4929 dd_mer=20.12
[fpll t= 38.61s] nco_freq_hz=-2690063.9 mean|x|=0.03012 rms_x=0.03786 max|x|=0.3252 in_rms=107.2 out_rms=4.8
[eq-long t= 38.18s] fs=1488 fs_err_rms=0.5447 |taps|=1.388 mu=5e-05 frz=0 hub=0.000 clmp=0
[eq-long t= 38.39s] fs=1496 fs_err_rms=0.5566 |taps|=1.392 mu=5e-05 frz=0 hub=0.000 clmp=0
[fpll t= 38.88s] nco_freq_hz=-2690067.3 mean|x|=0.03021 rms_x=0.03796 max|x|=0.2469 in_rms=107.0 out_rms=4.8
[eq-long t= 38.62s] fs=1504 fs_err_rms=0.5531 |taps|=1.391 mu=5e-05 frz=0 hub=0.000 clmp=0
[mer-probe long] dd_err_rms=0.4918 dd_mer=20.14
[fpll t= 39.13s] nco_freq_hz=-2690070.3 mean|x|=0.03006 rms_x=0.03783 max|x|=0.3570 in_rms=106.7 out_rms=4.8
[eq-long t= 38.84s] fs=1512 fs_err_rms=0.5563 |taps|=1.387 mu=5e-05 frz=0 hub=0.000 clmp=0
[fpll t= 39.36s] nco_freq_hz=-2690069.4 mean|x|=0.03013 rms_x=0.03787 max|x|=0.2239 in_rms=106.3 out_rms=4.8
[eq-long t= 39.06s] fs=1520 fs_err_rms=0.5486 |taps|=1.391 mu=5e-05 frz=0 hub=0.000 clmp=0
[fpll t= 39.62s] nco_freq_hz=-2690064.7 mean|x|=0.03035 rms_x=0.03816 max|x|=0.2853 in_rms=106.0 out_rms=4.8
[mer-probe long] dd_err_rms=0.4939 dd_mer=20.11
[eq-long t= 39.27s] fs=1528 fs_err_rms=0.5511 |taps|=1.388 mu=5e-05 frz=0 hub=0.000 clmp=0
[fpll t= 39.87s] nco_freq_hz=-2690065.2 mean|x|=0.03030 rms_x=0.03811 max|x|=0.2869 in_rms=105.7 out_rms=4.8
[eq-long t= 39.47s] fs=1536 fs_err_rms=0.5556 |taps|=1.387 mu=5e-05 frz=0 hub=0.000 clmp=0
OsO[fpll t= 40.11s] nco_freq_hz=-2690064.1 mean|x|=0.03032 rms_x=0.03811 max|x|=0.2540 in_rms=105.4 out_rms=4.8
[eq-long t= 39.71s] fs=1544 fs_err_rms=0.5430 |taps|=1.389 mu=5e-05 frz=0 hub=0.000 clmp=0
[mer-probe long] dd_err_rms=0.4920 dd_mer=20.14
[eq-long t= 39.93s] fs=1552 fs_err_rms=0.5524 |taps|=1.392 mu=5e-05 frz=0 hub=0.000 clmp=0
[fpll t= 40.38s] nco_freq_hz=-2690061.4 mean|x|=0.03034 rms_x=0.03813 max|x|=0.2494 in_rms=105.2 out_rms=4.8
[eq-long t= 40.17s] fs=1560 fs_err_rms=0.5454 |taps|=1.388 mu=5e-05 frz=0 hub=0.000 clmp=0
[fpll t= 40.63s] nco_freq_hz=-2690068.2 mean|x|=0.03115 rms_x=0.04691 max|x|=1.5702 in_rms=105.3 out_rms=4.8
[mer-probe long] dd_err_rms=0.4952 dd_mer=20.08
[eq-long t= 40.40s] fs=1568 fs_err_rms=0.5352 |taps|=1.387 mu=5e-05 frz=0 hub=0.000 clmp=0
[fpll t= 40.89s] nco_freq_hz=-2690063.7 mean|x|=0.03034 rms_x=0.03820 max|x|=0.2252 in_rms=105.2 out_rms=4.8
[eq-long t= 40.63s] fs=1576 fs_err_rms=0.5334 |taps|=1.390 mu=5e-05 frz=0 hub=0.000 clmp=0
[fpll t= 41.15s] nco_freq_hz=-2690067.1 mean|x|=0.03031 rms_x=0.03809 max|x|=0.3471 in_rms=105.2 out_rms=4.8
[eq-long t= 40.85s] fs=1584 fs_err_rms=0.5194 |taps|=1.388 mu=5e-05 frz=0 hub=0.000 clmp=0
[mer-probe long] dd_err_rms=0.4929 dd_mer=20.12
[fpll t= 41.38s] nco_freq_hz=-2690064.5 mean|x|=0.03024 rms_x=0.03805 max|x|=0.2557 in_rms=105.2 out_rms=4.8
[eq-long t= 41.06s] fs=1592 fs_err_rms=0.5262 |taps|=1.386 mu=5e-05 frz=0 hub=0.000 clmp=0
[fpll t= 41.66s] nco_freq_hz=-2690067.8 mean|x|=0.02994 rms_x=0.03763 max|x|=0.2363 in_rms=105.0 out_rms=4.8
[eq-long t= 41.30s] fs=1600 fs_err_rms=0.5301 |taps|=1.390 mu=5e-05 frz=0 hub=0.000 clmp=0
[mer-probe long] dd_err_rms=0.4926 dd_mer=20.13
[fpll t= 41.91s] nco_freq_hz=-2690064.4 mean|x|=0.02997 rms_x=0.03772 max|x|=0.2812 in_rms=105.1 out_rms=4.8
[eq-long t= 41.52s] fs=1608 fs_err_rms=0.5296 |taps|=1.388 mu=5e-05 frz=0 hub=0.000 clmp=0
[fpll t= 42.16s] nco_freq_hz=-2690068.3 mean|x|=0.03013 rms_x=0.03787 max|x|=0.2545 in_rms=105.4 out_rms=4.8
[eq-long t= 41.75s] fs=1616 fs_err_rms=0.5241 |taps|=1.388 mu=5e-05 frz=0 hub=0.000 clmp=0
[mer-probe long] dd_err_rms=0.4924 dd_mer=20.13
[eq-long t= 41.97s] fs=1624 fs_err_rms=0.5404 |taps|=1.385 mu=5e-05 frz=0 hub=0.000 clmp=0
[fpll t= 42.41s] nco_freq_hz=-2690065.5 mean|x|=0.03024 rms_x=0.03802 max|x|=0.2510 in_rms=105.4 out_rms=4.8
[eq-long t= 42.19s] fs=1632 fs_err_rms=0.5322 |taps|=1.387 mu=5e-05 frz=0 hub=0.000 clmp=0
[fpll t= 42.66s] nco_freq_hz=-2690066.8 mean|x|=0.03029 rms_x=0.03812 max|x|=0.2792 in_rms=105.3 out_rms=4.8
[eq-long t= 42.35s] fs=1640 fs_err_rms=0.5349 |taps|=1.385 mu=5e-05 frz=0 hub=0.000 clmp=0
[mer-probe long] dd_err_rms=0.4911 dd_mer=20.16
[fpll t= 42.86s] nco_freq_hz=-2690063.3 mean|x|=0.03019 rms_x=0.03796 max|x|=0.2161 in_rms=105.5 out_rms=4.8
[eq-long t= 42.53s] fs=1648 fs_err_rms=0.5352 |taps|=1.388 mu=5e-05 frz=0 hub=0.000 clmp=0
[fpll t= 43.06s] nco_freq_hz=-2690066.6 mean|x|=0.03000 rms_x=0.03771 max|x|=0.2289 in_rms=105.3 out_rms=4.8
[eq-long t= 42.70s] fs=1656 fs_err_rms=0.5323 |taps|=1.384 mu=5e-05 frz=0 hub=0.000 clmp=0
[fpll t= 43.26s] nco_freq_hz=-2690069.0 mean|x|=0.03029 rms_x=0.03811 max|x|=0.2394 in_rms=105.2 out_rms=4.8
[mer-probe long] dd_err_rms=0.4925 dd_mer=20.13
[eq-long t= 42.88s] fs=1664 fs_err_rms=0.5167 |taps|=1.382 mu=5e-05 frz=0 hub=0.000 clmp=0
[fpll t= 43.45s] nco_freq_hz=-2690065.9 mean|x|=0.03040 rms_x=0.03821 max|x|=0.2832 in_rms=105.3 out_rms=4.8
[eq-long t= 43.07s] fs=1672 fs_err_rms=0.5398 |taps|=1.389 mu=5e-05 frz=0 hub=0.000 clmp=0
[fpll t= 43.65s] nco_freq_hz=-2690063.1 mean|x|=0.03009 rms_x=0.03785 max|x|=0.2800 in_rms=105.6 out_rms=4.8
[eq-long t= 43.24s] fs=1680 fs_err_rms=0.5500 |taps|=1.389 mu=5e-05 frz=0 hub=0.000 clmp=0
[mer-probe long] dd_err_rms=0.4919 dd_mer=20.14
[eq-long t= 43.47s] fs=1688 fs_err_rms=0.5361 |taps|=1.389 mu=5e-05 frz=0 hub=0.000 clmp=0
[fpll t= 43.91s] nco_freq_hz=-2690064.2 mean|x|=0.03014 rms_x=0.03790 max|x|=0.2662 in_rms=105.8 out_rms=4.8
[fpll t= 44.17s] nco_freq_hz=-2690064.3 mean|x|=0.03015 rms_x=0.03793 max|x|=0.2807 in_rms=105.7 out_rms=4.8
[eq-long t= 43.73s] fs=1696 fs_err_rms=0.5569 |taps|=1.386 mu=5e-05 frz=0 hub=0.000 clmp=0
[mer-probe long] dd_err_rms=0.4917 dd_mer=20.15
[eq-long t= 43.93s] fs=1704 fs_err_rms=0.5453 |taps|=1.388 mu=5e-05 frz=0 hub=0.000 clmp=0
[fpll t= 44.44s] nco_freq_hz=-2690064.2 mean|x|=0.03021 rms_x=0.03798 max|x|=0.2341 in_rms=105.5 out_rms=4.8
[eq-long t= 44.16s] fs=1712 fs_err_rms=0.5398 |taps|=1.386 mu=5e-05 frz=0 hub=0.000 clmp=0
[fpll t= 44.69s] nco_freq_hz=-2690067.2 mean|x|=0.03014 rms_x=0.03792 max|x|=0.2338 in_rms=105.6 out_rms=4.8
[mer-probe long] dd_err_rms=0.4925 dd_mer=20.13
[eq-long t= 44.39s] fs=1720 fs_err_rms=0.5474 |taps|=1.384 mu=5e-05 frz=0 hub=0.000 clmp=0
[fpll t= 44.95s] nco_freq_hz=-2690067.1 mean|x|=0.03015 rms_x=0.03790 max|x|=0.3109 in_rms=105.5 out_rms=4.8
[eq-long t= 44.60s] fs=1728 fs_err_rms=0.5372 |taps|=1.383 mu=5e-05 frz=0 hub=0.000 clmp=0
[fpll t= 45.22s] nco_freq_hz=-2690066.4 mean|x|=0.03008 rms_x=0.03782 max|x|=0.2930 in_rms=104.9 out_rms=4.8
[eq-long t= 44.83s] fs=1736 fs_err_rms=0.5437 |taps|=1.388 mu=5e-05 frz=0 hub=0.000 clmp=0
[mer-probe long] dd_err_rms=0.4910 dd_mer=20.16
[fpll t= 45.47s] nco_freq_hz=-2690066.7 mean|x|=0.02995 rms_x=0.03766 max|x|=0.2369 in_rms=105.0 out_rms=4.8
[eq-long t= 45.07s] fs=1744 fs_err_rms=0.5854 |taps|=1.388 mu=5e-05 frz=0 hub=0.000 clmp=0
[fpll t= 45.74s] nco_freq_hz=-2690064.7 mean|x|=0.03002 rms_x=0.03771 max|x|=0.2596 in_rms=105.2 out_rms=4.8
[eq-long t= 45.30s] fs=1752 fs_err_rms=0.5298 |taps|=1.386 mu=5e-05 frz=0 hub=0.000 clmp=0
[mer-probe long] dd_err_rms=0.4926 dd_mer=20.13
[fpll t= 45.97s] nco_freq_hz=-2690065.9 mean|x|=0.03004 rms_x=0.03776 max|x|=0.2401 in_rms=105.3 out_rms=4.8
[eq-long t= 45.53s] fs=1760 fs_err_rms=0.5450 |taps|=1.380 mu=5e-05 frz=0 hub=0.000 clmp=0
[eq-long t= 45.74s] fs=1768 fs_err_rms=0.5336 |taps|=1.383 mu=5e-05 frz=0 hub=0.000 clmp=0
[fpll t= 46.24s] nco_freq_hz=-2690065.2 mean|x|=0.03013 rms_x=0.03790 max|x|=0.2629 in_rms=105.4 out_rms=4.8
[eq-long t= 45.97s] fs=1776 fs_err_rms=0.5469 |taps|=1.383 mu=5e-05 frz=0 hub=0.000 clmp=0
[mer-probe long] dd_err_rms=0.4915 dd_mer=20.15
[fpll t= 46.50s] nco_freq_hz=-2690066.4 mean|x|=0.03018 rms_x=0.03792 max|x|=0.2487 in_rms=105.5 out_rms=4.8
[eq-long t= 46.19s] fs=1784 fs_err_rms=0.5422 |taps|=1.377 mu=5e-05 frz=0 hub=0.000 clmp=0
[fpll t= 46.75s] nco_freq_hz=-2690068.5 mean|x|=0.02999 rms_x=0.03773 max|x|=0.2595 in_rms=105.8 out_rms=4.8
[eq-long t= 46.42s] fs=1792 fs_err_rms=0.5459 |taps|=1.384 mu=5e-05 frz=0 hub=0.000 clmp=0
[mer-probe long] dd_err_rms=0.4914 dd_mer=20.15
[fpll t= 47.02s] nco_freq_hz=-2690067.2 mean|x|=0.03016 rms_x=0.03796 max|x|=0.2867 in_rms=105.6 out_rms=4.8
[eq-long t= 46.66s] fs=1800 fs_err_rms=0.5532 |taps|=1.383 mu=5e-05 frz=0 hub=0.000 clmp=0
[fpll t= 47.29s] nco_freq_hz=-2690062.4 mean|x|=0.03007 rms_x=0.03783 max|x|=0.2382 in_rms=105.7 out_rms=4.8
[eq-long t= 46.90s] fs=1808 fs_err_rms=0.5440 |taps|=1.383 mu=5e-05 frz=0 hub=0.000 clmp=0
[fpll t= 47.56s] nco_freq_hz=-2690065.9 mean|x|=0.03005 rms_x=0.03776 max|x|=0.2342 in_rms=105.7 out_rms=4.8
[eq-long t= 47.12s] fs=1816 fs_err_rms=0.5490 |taps|=1.384 mu=5e-05 frz=0 hub=0.000 clmp=0
[mer-probe long] dd_err_rms=0.4913 dd_mer=20.15
[eq-long t= 47.34s] fs=1824 fs_err_rms=0.5484 |taps|=1.387 mu=5e-05 frz=0 hub=0.000 clmp=0
[fpll t= 47.80s] nco_freq_hz=-2690065.3 mean|x|=0.03012 rms_x=0.03787 max|x|=0.2395 in_rms=105.9 out_rms=4.8
[eq-long t= 47.52s] fs=1832 fs_err_rms=0.5493 |taps|=1.381 mu=5e-05 frz=0 hub=0.000 clmp=0
[fpll t= 48.01s] nco_freq_hz=-2690067.6 mean|x|=0.03022 rms_x=0.03800 max|x|=0.2966 in_rms=105.8 out_rms=4.8
[mer-probe long] dd_err_rms=0.4914 dd_mer=20.15
[eq-long t= 47.69s] fs=1840 fs_err_rms=0.5367 |taps|=1.384 mu=5e-05 frz=0 hub=0.000 clmp=0
[fpll t= 48.21s] nco_freq_hz=-2690066.9 mean|x|=0.03008 rms_x=0.03782 max|x|=0.2485 in_rms=105.6 out_rms=4.8
[eq-long t= 47.87s] fs=1848 fs_err_rms=0.5598 |taps|=1.380 mu=5e-05 frz=0 hub=0.000 clmp=0
[fpll t= 48.41s] nco_freq_hz=-2690068.2 mean|x|=0.03013 rms_x=0.03788 max|x|=0.2737 in_rms=105.6 out_rms=4.8
[mer-probe long] dd_err_rms=0.4914 dd_mer=20.15
[eq-long t= 48.04s] fs=1856 fs_err_rms=0.5482 |taps|=1.382 mu=5e-05 frz=0 hub=0.000 clmp=0
[fpll t= 48.60s] nco_freq_hz=-2690066.0 mean|x|=0.03028 rms_x=0.03807 max|x|=0.2393 in_rms=105.8 out_rms=4.8
[eq-long t= 48.20s] fs=1864 fs_err_rms=0.5443 |taps|=1.382 mu=5e-05 frz=0 hub=0.000 clmp=0
[fpll t= 48.79s] nco_freq_hz=-2690065.0 mean|x|=0.03006 rms_x=0.03777 max|x|=0.2688 in_rms=105.4 out_rms=4.8
[eq-long t= 48.38s] fs=1872 fs_err_rms=0.5415 |taps|=1.386 mu=5e-05 frz=0 hub=0.000 clmp=0
[mer-probe long] dd_err_rms=0.4921 dd_mer=20.14
[eq-long t= 48.57s] fs=1880 fs_err_rms=0.5489 |taps|=1.380 mu=5e-05 frz=0 hub=0.000 clmp=0
[fpll t= 49.02s] nco_freq_hz=-2690063.7 mean|x|=0.03008 rms_x=0.03781 max|x|=0.2950 in_rms=105.1 out_rms=4.8
[eq-long t= 48.79s] fs=1888 fs_err_rms=0.5427 |taps|=1.382 mu=5e-05 frz=0 hub=0.000 clmp=0
[fpll t= 49.25s] nco_freq_hz=-2690064.1 mean|x|=0.03021 rms_x=0.03803 max|x|=0.2802 in_rms=105.1 out_rms=4.8
[mer-probe long] dd_err_rms=0.4933 dd_mer=20.12
[eq-long t= 49.01s] fs=1896 fs_err_rms=0.5337 |taps|=1.383 mu=5e-05 frz=0 hub=0.000 clmp=0
[fpll t= 49.51s] nco_freq_hz=-2690067.8 mean|x|=0.03020 rms_x=0.03797 max|x|=0.3219 in_rms=105.1 out_rms=4.8
[eq-long t= 49.22s] fs=1904 fs_err_rms=0.5515 |taps|=1.383 mu=5e-05 frz=0 hub=0.000 clmp=0
[fpll t= 49.77s] nco_freq_hz=-2690066.9 mean|x|=0.03028 rms_x=0.03807 max|x|=0.3066 in_rms=105.4 out_rms=4.8
[eq-long t= 49.46s] fs=1912 fs_err_rms=0.5426 |taps|=1.384 mu=5e-05 frz=0 hub=0.000 clmp=0
[mer-probe long] dd_err_rms=0.4918 dd_mer=20.14
[fpll t= 50.01s] nco_freq_hz=-2690069.8 mean|x|=0.03009 rms_x=0.03783 max|x|=0.3090 in_rms=105.7 out_rms=4.8
[eq-long t= 49.67s] fs=1920 fs_err_rms=0.5484 |taps|=1.381 mu=5e-05 frz=0 hub=0.000 clmp=0
[fpll t= 50.25s] nco_freq_hz=-2690062.9 mean|x|=0.03021 rms_x=0.03796 max|x|=0.2423 in_rms=105.8 out_rms=4.8
[eq-long t= 49.89s] fs=1928 fs_err_rms=0.5517 |taps|=1.381 mu=5e-05 frz=0 hub=0.000 clmp=0
[mer-probe long] dd_err_rms=0.4913 dd_mer=20.15
[fpll t= 50.49s] nco_freq_hz=-2690066.2 mean|x|=0.03009 rms_x=0.03785 max|x|=0.2447 in_rms=106.2 out_rms=4.8
[eq-long t= 50.10s] fs=1936 fs_err_rms=0.5448 |taps|=1.381 mu=5e-05 frz=0 hub=0.000 clmp=0
[eq-long t= 50.31s] fs=1944 fs_err_rms=0.5515 |taps|=1.383 mu=5e-05 frz=0 hub=0.000 clmp=0
[fpll t= 50.76s] nco_freq_hz=-2690067.6 mean|x|=0.03013 rms_x=0.03791 max|x|=0.2946 in_rms=106.2 out_rms=4.8
[mer-probe long] dd_err_rms=0.4921 dd_mer=20.14
[eq-long t= 50.53s] fs=1952 fs_err_rms=0.5425 |taps|=1.383 mu=5e-05 frz=0 hub=0.000 clmp=0
[fpll t= 50.98s] nco_freq_hz=-2690066.1 mean|x|=0.03019 rms_x=0.03796 max|x|=0.2333 in_rms=105.8 out_rms=4.8
[eq-long t= 50.74s] fs=1960 fs_err_rms=0.5401 |taps|=1.381 mu=5e-05 frz=0 hub=0.000 clmp=0
[fpll t= 51.25s] nco_freq_hz=-2690064.4 mean|x|=0.02988 rms_x=0.03753 max|x|=0.2494 in_rms=105.9 out_rms=4.8
[eq-long t= 50.98s] fs=1968 fs_err_rms=0.5496 |taps|=1.379 mu=5e-05 frz=0 hub=0.000 clmp=0
[mer-probe long] dd_err_rms=0.4906 dd_mer=20.16
[fpll t= 51.49s] nco_freq_hz=-2690068.7 mean|x|=0.03008 rms_x=0.03781 max|x|=0.2502 in_rms=105.7 out_rms=4.8
[eq-long t= 51.20s] fs=1976 fs_err_rms=0.5347 |taps|=1.383 mu=5e-05 frz=0 hub=0.000 clmp=0
[fpll t= 51.76s] nco_freq_hz=-2690066.4 mean|x|=0.03024 rms_x=0.03802 max|x|=0.2122 in_rms=105.5 out_rms=4.8
[eq-long t= 51.41s] fs=1984 fs_err_rms=0.5492 |taps|=1.379 mu=5e-05 frz=0 hub=0.000 clmp=0
OsO[fpll t= 52.01s] nco_freq_hz=-2690063.3 mean|x|=0.03018 rms_x=0.03794 max|x|=0.2624 in_rms=105.3 out_rms=4.8
[mer-probe long] dd_err_rms=0.4912 dd_mer=20.15
[eq-long t= 51.63s] fs=1992 fs_err_rms=0.5547 |taps|=1.380 mu=5e-05 frz=0 hub=0.000 clmp=0
[fpll t= 52.26s] nco_freq_hz=-2690068.0 mean|x|=0.03100 rms_x=0.04388 max|x|=1.1873 in_rms=105.6 out_rms=4.8
[eq-long t= 51.88s] fs=2000 fs_err_rms=0.5403 |taps|=1.381 mu=5e-05 frz=0 hub=0.000 clmp=0
[fpll t= 52.51s] nco_freq_hz=-2690068.0 mean|x|=0.03002 rms_x=0.03776 max|x|=0.2273 in_rms=105.5 out_rms=4.8
[eq-long t= 52.07s] fs=2008 fs_err_rms=0.5280 |taps|=1.378 mu=5e-05 frz=0 hub=0.000 clmp=0
[mer-probe long] dd_err_rms=0.4936 dd_mer=20.11
[eq-long t= 52.30s] fs=2016 fs_err_rms=0.5362 |taps|=1.382 mu=5e-05 frz=0 hub=0.000 clmp=0
[fpll t= 52.76s] nco_freq_hz=-2690067.4 mean|x|=0.03004 rms_x=0.03775 max|x|=0.2666 in_rms=105.6 out_rms=4.8
[eq-long t= 52.54s] fs=2024 fs_err_rms=0.5299 |taps|=1.381 mu=5e-05 frz=0 hub=0.000 clmp=0
[fpll t= 53.02s] nco_freq_hz=-2690068.8 mean|x|=0.03005 rms_x=0.03776 max|x|=0.2397 in_rms=105.8 out_rms=4.8
[mer-probe long] dd_err_rms=0.4916 dd_mer=20.15
[eq-long t= 52.76s] fs=2032 fs_err_rms=0.5412 |taps|=1.379 mu=5e-05 frz=0 hub=0.000 clmp=0
[fpll t= 53.27s] nco_freq_hz=-2690063.1 mean|x|=0.03018 rms_x=0.03795 max|x|=0.2659 in_rms=105.8 out_rms=4.8
[eq-long t= 52.98s] fs=2040 fs_err_rms=0.5254 |taps|=1.384 mu=5e-05 frz=0 hub=0.000 clmp=0
[fpll t= 53.55s] nco_freq_hz=-2690063.4 mean|x|=0.03010 rms_x=0.03784 max|x|=0.2253 in_rms=105.9 out_rms=4.8
[eq-long t= 53.20s] fs=2048 fs_err_rms=0.5291 |taps|=1.380 mu=5e-05 frz=0 hub=0.000 clmp=0
[mer-probe long] dd_err_rms=0.4920 dd_mer=20.14
[fpll t= 53.79s] nco_freq_hz=-2690069.4 mean|x|=0.03002 rms_x=0.03776 max|x|=0.3036 in_rms=105.7 out_rms=4.8
[eq-long t= 53.44s] fs=2056 fs_err_rms=0.5509 |taps|=1.380 mu=5e-05 frz=0 hub=0.000 clmp=0
[fpll t= 54.07s] nco_freq_hz=-2690063.7 mean|x|=0.03001 rms_x=0.03778 max|x|=0.2407 in_rms=105.8 out_rms=4.8
[eq-long t= 53.66s] fs=2064 fs_err_rms=0.5283 |taps|=1.382 mu=5e-05 frz=0 hub=0.000 clmp=0
[mer-probe long] dd_err_rms=0.4914 dd_mer=20.15
[fpll t= 54.27s] nco_freq_hz=-2690064.4 mean|x|=0.03008 rms_x=0.03782 max|x|=0.2520 in_rms=106.1 out_rms=4.8
[eq-long t= 53.83s] fs=2072 fs_err_rms=0.5321 |taps|=1.381 mu=5e-05 frz=0 hub=0.000 clmp=0
[eq-long t= 54.02s] fs=2080 fs_err_rms=0.5262 |taps|=1.385 mu=5e-05 frz=0 hub=0.000 clmp=0
[fpll t= 54.48s] nco_freq_hz=-2690069.1 mean|x|=0.03003 rms_x=0.03777 max|x|=0.2874 in_rms=105.8 out_rms=4.8
[mer-probe long] dd_err_rms=0.4901 dd_mer=20.17
[eq-long t= 54.19s] fs=2088 fs_err_rms=0.5375 |taps|=1.380 mu=5e-05 frz=0 hub=0.000 clmp=0
[fpll t= 54.67s] nco_freq_hz=-2690068.8 mean|x|=0.03015 rms_x=0.03794 max|x|=0.2621 in_rms=105.8 out_rms=4.8
[eq-long t= 54.35s] fs=2096 fs_err_rms=0.5271 |taps|=1.378 mu=5e-05 frz=0 hub=0.000 clmp=0
[fpll t= 54.86s] nco_freq_hz=-2690066.5 mean|x|=0.03012 rms_x=0.03790 max|x|=0.2839 in_rms=106.0 out_rms=4.8
[eq-long t= 54.53s] fs=2104 fs_err_rms=0.5208 |taps|=1.384 mu=5e-05 frz=0 hub=0.000 clmp=0
[mer-probe long] dd_err_rms=0.4919 dd_mer=20.14
[fpll t= 55.07s] nco_freq_hz=-2690064.7 mean|x|=0.03013 rms_x=0.03789 max|x|=0.2714 in_rms=106.1 out_rms=4.8
[eq-long t= 54.71s] fs=2112 fs_err_rms=0.5160 |taps|=1.382 mu=5e-05 frz=0 hub=0.000 clmp=0
[fpll t= 55.26s] nco_freq_hz=-2690065.7 mean|x|=0.03029 rms_x=0.03808 max|x|=0.3061 in_rms=106.4 out_rms=4.8
[eq-long t= 54.88s] fs=2120 fs_err_rms=0.5493 |taps|=1.378 mu=5e-05 frz=0 hub=0.000 clmp=0
[mer-probe long] dd_err_rms=0.4916 dd_mer=20.15
[fpll t= 55.46s] nco_freq_hz=-2690066.3 mean|x|=0.03015 rms_x=0.03796 max|x|=0.2717 in_rms=106.3 out_rms=4.8
[eq-long t= 55.06s] fs=2128 fs_err_rms=0.5275 |taps|=1.382 mu=5e-05 frz=0 hub=0.000 clmp=0
[fpll t= 55.65s] nco_freq_hz=-2690064.7 mean|x|=0.03000 rms_x=0.03773 max|x|=0.2698 in_rms=106.4 out_rms=4.8
[eq-long t= 55.23s] fs=2136 fs_err_rms=0.5366 |taps|=1.383 mu=5e-05 frz=0 hub=0.000 clmp=0
[eq-long t= 55.38s] fs=2144 fs_err_rms=0.5351 |taps|=1.384 mu=5e-05 frz=0 hub=0.000 clmp=0
[mer-probe long] dd_err_rms=0.4931 dd_mer=20.12
[fpll t= 55.85s] nco_freq_hz=-2690068.5 mean|x|=0.03030 rms_x=0.03810 max|x|=0.2607 in_rms=106.3 out_rms=4.8
[eq-long t= 55.56s] fs=2152 fs_err_rms=0.5239 |taps|=1.382 mu=5e-05 frz=0 hub=0.000 clmp=0
[fpll t= 56.06s] nco_freq_hz=-2690065.5 mean|x|=0.03018 rms_x=0.03793 max|x|=0.2374 in_rms=105.9 out_rms=4.8
[eq-long t= 55.80s] fs=2160 fs_err_rms=0.5216 |taps|=1.383 mu=5e-05 frz=0 hub=0.000 clmp=0
[fpll t= 56.34s] nco_freq_hz=-2690064.8 mean|x|=0.03000 rms_x=0.03774 max|x|=0.2456 in_rms=105.6 out_rms=4.8
[mer-probe long] dd_err_rms=0.4930 dd_mer=20.12
[eq-long t= 56.05s] fs=2168 fs_err_rms=0.5479 |taps|=1.384 mu=5e-05 frz=0 hub=0.000 clmp=0
[fpll t= 56.59s] nco_freq_hz=-2690067.7 mean|x|=0.03014 rms_x=0.03794 max|x|=0.3207 in_rms=105.8 out_rms=4.8
[eq-long t= 56.28s] fs=2176 fs_err_rms=0.5410 |taps|=1.383 mu=5e-05 frz=0 hub=0.000 clmp=0
[fpll t= 56.87s] nco_freq_hz=-2690066.4 mean|x|=0.03006 rms_x=0.03778 max|x|=0.2942 in_rms=105.8 out_rms=4.8
[mer-probe long] dd_err_rms=0.4921 dd_mer=20.14
[eq-long t= 56.52s] fs=2184 fs_err_rms=0.5226 |taps|=1.387 mu=5e-05 frz=0 hub=0.000 clmp=0
[fpll t= 57.17s] nco_freq_hz=-2690063.5 mean|x|=0.03028 rms_x=0.03806 max|x|=0.2436 in_rms=105.2 out_rms=4.8
[eq-long t= 56.78s] fs=2192 fs_err_rms=0.5369 |taps|=1.384 mu=5e-05 frz=0 hub=0.000 clmp=0
[fpll t= 57.45s] nco_freq_hz=-2690066.2 mean|x|=0.03035 rms_x=0.03817 max|x|=0.2868 in_rms=105.2 out_rms=4.8
[eq-long t= 57.02s] fs=2200 fs_err_rms=0.5384 |taps|=1.386 mu=5e-05 frz=0 hub=0.000 clmp=0
[mer-probe long] dd_err_rms=0.4931 dd_mer=20.12
[eq-long t= 57.28s] fs=2208 fs_err_rms=0.5281 |taps|=1.385 mu=5e-05 frz=0 hub=0.000 clmp=0
[fpll t= 57.73s] nco_freq_hz=-2690068.2 mean|x|=0.03036 rms_x=0.03818 max|x|=0.3617 in_rms=105.3 out_rms=4.8
[eq-long t= 57.49s] fs=2216 fs_err_rms=0.5255 |taps|=1.384 mu=5e-05 frz=0 hub=0.000 clmp=0
[fpll t= 57.99s] nco_freq_hz=-2690069.3 mean|x|=0.03038 rms_x=0.03817 max|x|=0.2601 in_rms=105.1 out_rms=4.8
[mer-probe long] dd_err_rms=0.4932 dd_mer=20.12
[eq-long t= 57.70s] fs=2224 fs_err_rms=0.5481 |taps|=1.386 mu=5e-05 frz=0 hub=0.000 clmp=0
[fpll t= 58.25s] nco_freq_hz=-2690071.3 mean|x|=0.03032 rms_x=0.03813 max|x|=0.2438 in_rms=104.8 out_rms=4.8
[eq-long t= 57.94s] fs=2232 fs_err_rms=0.5281 |taps|=1.386 mu=5e-05 frz=0 hub=0.000 clmp=0
[fpll t= 58.50s] nco_freq_hz=-2690063.5 mean|x|=0.03059 rms_x=0.03846 max|x|=0.2588 in_rms=104.9 out_rms=4.8
[eq-long t= 58.16s] fs=2240 fs_err_rms=0.5247 |taps|=1.386 mu=5e-05 frz=0 hub=0.000 clmp=0
[mer-probe long] dd_err_rms=0.4919 dd_mer=20.14
[fpll t= 58.75s] nco_freq_hz=-2690065.3 mean|x|=0.03035 rms_x=0.03815 max|x|=0.2346 in_rms=105.5 out_rms=4.8
[eq-long t= 58.40s] fs=2248 fs_err_rms=0.5380 |taps|=1.385 mu=5e-05 frz=0 hub=0.000 clmp=0
[fpll t= 59.03s] nco_freq_hz=-2690069.7 mean|x|=0.03042 rms_x=0.03826 max|x|=0.2826 in_rms=105.6 out_rms=4.8
[eq-long t= 58.63s] fs=2256 fs_err_rms=0.5385 |taps|=1.385 mu=5e-05 frz=0 hub=0.000 clmp=0
[mer-probe long] dd_err_rms=0.4931 dd_mer=20.12
[fpll t= 59.29s] nco_freq_hz=-2690066.9 mean|x|=0.03031 rms_x=0.03810 max|x|=0.2653 in_rms=105.6 out_rms=4.8
[eq-long t= 58.86s] fs=2264 fs_err_rms=0.5421 |taps|=1.389 mu=5e-05 frz=0 hub=0.000 clmp=0
[eq-long t= 59.10s] fs=2272 fs_err_rms=0.5280 |taps|=1.387 mu=5e-05 frz=0 hub=0.000 clmp=0
[fpll t= 59.56s] nco_freq_hz=-2690069.0 mean|x|=0.03038 rms_x=0.03817 max|x|=0.2778 in_rms=105.9 out_rms=4.8
[mer-probe long] dd_err_rms=0.4924 dd_mer=20.13
[eq-long t= 59.33s] fs=2280 fs_err_rms=0.5363 |taps|=1.388 mu=5e-05 frz=0 hub=0.000 clmp=0
[fpll t= 59.80s] nco_freq_hz=-2690063.9 mean|x|=0.03052 rms_x=0.03841 max|x|=0.2904 in_rms=106.4 out_rms=4.8
[eq-long t= 59.53s] fs=2288 fs_err_rms=0.5256 |taps|=1.390 mu=5e-05 frz=0 hub=0.000 clmp=0
[fpll t= 60.07s] nco_freq_hz=-2690063.1 mean|x|=0.03055 rms_x=0.03841 max|x|=0.2507 in_rms=106.3 out_rms=4.8
[eq-long t= 59.76s] fs=2296 fs_err_rms=0.5143 |taps|=1.387 mu=5e-05 frz=0 hub=0.000 clmp=0
[mer-probe long] dd_err_rms=0.4930 dd_mer=20.12
[fpll t= 60.29s] nco_freq_hz=-2690067.3 mean|x|=0.03065 rms_x=0.03856 max|x|=0.2626 in_rms=106.3 out_rms=4.8
[eq-long t= 59.93s] fs=2304 fs_err_rms=0.5319 |taps|=1.384 mu=5e-05 frz=0 hub=0.000 clmp=0
[fpll t= 60.49s] nco_freq_hz=-2690066.7 mean|x|=0.03040 rms_x=0.03823 max|x|=0.2536 in_rms=106.4 out_rms=4.8
[eq-long t= 60.11s] fs=2312 fs_err_rms=0.5214 |taps|=1.386 mu=5e-05 frz=0 hub=0.000 clmp=0
[fpll t= 60.69s] nco_freq_hz=-2690065.9 mean|x|=0.03049 rms_x=0.03833 max|x|=0.2440 in_rms=106.4 out_rms=4.8
[mer-probe long] dd_err_rms=0.4919 dd_mer=20.14
[eq-long t= 60.28s] fs=2320 fs_err_rms=0.5231 |taps|=1.387 mu=5e-05 frz=0 hub=0.000 clmp=0
[fpll t= 60.88s] nco_freq_hz=-2690069.2 mean|x|=0.03048 rms_x=0.03831 max|x|=0.2445 in_rms=106.2 out_rms=4.8
[eq-long t= 60.44s] fs=2328 fs_err_rms=0.5374 |taps|=1.384 mu=5e-05 frz=0 hub=0.000 clmp=0
[eq-long t= 60.61s] fs=2336 fs_err_rms=0.5317 |taps|=1.384 mu=5e-05 frz=0 hub=0.000 clmp=0
[fpll t= 61.07s] nco_freq_hz=-2690068.5 mean|x|=0.03033 rms_x=0.03818 max|x|=0.2797 in_rms=106.1 out_rms=4.8
[mer-probe long] dd_err_rms=0.4923 dd_mer=20.14
[eq-long t= 60.78s] fs=2344 fs_err_rms=0.5339 |taps|=1.389 mu=5e-05 frz=0 hub=0.000 clmp=0
[fpll t= 61.27s] nco_freq_hz=-2690066.7 mean|x|=0.03035 rms_x=0.03814 max|x|=0.2432 in_rms=106.4 out_rms=4.8
[eq-long t= 60.99s] fs=2352 fs_err_rms=0.5296 |taps|=1.386 mu=5e-05 frz=0 hub=0.000 clmp=0
[fpll t= 61.52s] nco_freq_hz=-2690068.3 mean|x|=0.03044 rms_x=0.03830 max|x|=0.3649 in_rms=106.5 out_rms=4.8
[mer-probe long] dd_err_rms=0.4922 dd_mer=20.14
[eq-long t= 61.21s] fs=2360 fs_err_rms=0.5358 |taps|=1.387 mu=5e-05 frz=0 hub=0.000 clmp=0
[fpll t= 61.77s] nco_freq_hz=-2690068.5 mean|x|=0.03038 rms_x=0.03823 max|x|=0.2334 in_rms=106.6 out_rms=4.8
[eq-long t= 61.43s] fs=2368 fs_err_rms=0.5277 |taps|=1.387 mu=5e-05 frz=0 hub=0.000 clmp=0
[fpll t= 62.02s] nco_freq_hz=-2690060.7 mean|x|=0.03041 rms_x=0.03822 max|x|=0.4324 in_rms=106.4 out_rms=4.8
[eq-long t= 61.65s] fs=2376 fs_err_rms=0.5288 |taps|=1.388 mu=5e-05 frz=0 hub=0.000 clmp=0
[mer-probe long] dd_err_rms=0.4932 dd_mer=20.12
[fpll t= 62.29s] nco_freq_hz=-2690064.0 mean|x|=0.03052 rms_x=0.03837 max|x|=0.2647 in_rms=106.3 out_rms=4.8
[eq-long t= 61.88s] fs=2384 fs_err_rms=0.5381 |taps|=1.388 mu=5e-05 frz=0 hub=0.000 clmp=0
[fpll t= 62.53s] nco_freq_hz=-2690065.9 mean|x|=0.03044 rms_x=0.03827 max|x|=0.2462 in_rms=106.3 out_rms=4.8
[eq-long t= 62.11s] fs=2392 fs_err_rms=0.5443 |taps|=1.389 mu=5e-05 frz=0 hub=0.000 clmp=0
[mer-probe long] dd_err_rms=0.4930 dd_mer=20.12
[fpll t= 62.75s] nco_freq_hz=-2690065.0 mean|x|=0.03025 rms_x=0.03804 max|x|=0.2324 in_rms=106.5 out_rms=4.8
[eq-long t= 62.33s] fs=2400 fs_err_rms=0.5553 |taps|=1.389 mu=5e-05 frz=0 hub=0.000 clmp=0
[eq-long t= 62.53s] fs=2408 fs_err_rms=0.5344 |taps|=1.389 mu=5e-05 frz=0 hub=0.000 clmp=0
[fpll t= 63.01s] nco_freq_hz=-2690068.8 mean|x|=0.03020 rms_x=0.03798 max|x|=0.3218 in_rms=106.5 out_rms=4.8
[mer-probe long] dd_err_rms=0.4925 dd_mer=20.13
[eq-long t= 62.74s] fs=2416 fs_err_rms=0.5365 |taps|=1.390 mu=5e-05 frz=0 hub=0.000 clmp=0
[fpll t= 63.26s] nco_freq_hz=-2690065.5 mean|x|=0.03029 rms_x=0.03808 max|x|=0.2845 in_rms=107.0 out_rms=4.8
[eq-long t= 62.96s] fs=2424 fs_err_rms=0.5260 |taps|=1.389 mu=5e-05 frz=0 hub=0.000 clmp=0
[fpll t= 63.51s] nco_freq_hz=-2690063.7 mean|x|=0.03042 rms_x=0.03823 max|x|=0.2364 in_rms=107.4 out_rms=4.8
[eq-long t= 63.16s] fs=2432 fs_err_rms=0.5610 |taps|=1.386 mu=5e-05 frz=0 hub=0.000 clmp=0
[mer-probe long] dd_err_rms=0.4916 dd_mer=20.15
[fpll t= 63.75s] nco_freq_hz=-2690065.8 mean|x|=0.03035 rms_x=0.03815 max|x|=0.2427 in_rms=107.4 out_rms=4.8
[eq-long t= 63.39s] fs=2440 fs_err_rms=0.5361 |taps|=1.388 mu=5e-05 frz=0 hub=0.000 clmp=0
[fpll t= 64.00s] nco_freq_hz=-2690064.8 mean|x|=0.03031 rms_x=0.03813 max|x|=0.2282 in_rms=107.3 out_rms=4.8
[eq-long t= 63.59s] fs=2448 fs_err_rms=0.5423 |taps|=1.389 mu=5e-05 frz=0 hub=0.000 clmp=0
[mer-probe long] dd_err_rms=0.4921 dd_mer=20.14
[fpll t= 64.26s] nco_freq_hz=-2690067.1 mean|x|=0.03021 rms_x=0.03797 max|x|=0.2424 in_rms=107.0 out_rms=4.8
[eq-long t= 63.82s] fs=2456 fs_err_rms=0.5317 |taps|=1.389 mu=5e-05 frz=0 hub=0.000 clmp=0
[eq-long t= 64.04s] fs=2464 fs_err_rms=0.5336 |taps|=1.386 mu=5e-05 frz=0 hub=0.000 clmp=0
[fpll t= 64.50s] nco_freq_hz=-2690064.0 mean|x|=0.03032 rms_x=0.03812 max|x|=0.2518 in_rms=106.9 out_rms=4.8
OsO[eq-long t= 64.31s] fs=2472 fs_err_rms=0.5439 |taps|=1.388 mu=5e-05 frz=0 hub=0.000 clmp=0
[mer-probe long] dd_err_rms=0.4927 dd_mer=20.13
[fpll t= 64.80s] nco_freq_hz=-2690064.6 mean|x|=0.03040 rms_x=0.03823 max|x|=0.3165 in_rms=106.7 out_rms=4.8
[eq-long t= 64.51s] fs=2480 fs_err_rms=0.5341 |taps|=1.389 mu=5e-05 frz=0 hub=0.000 clmp=0
[fpll t= 65.07s] nco_freq_hz=-2690065.5 mean|x|=0.03098 rms_x=0.04226 max|x|=0.9831 in_rms=107.7 out_rms=4.8
[eq-long t= 64.78s] fs=2488 fs_err_rms=0.5403 |taps|=1.384 mu=5e-05 frz=0 hub=0.000 clmp=0
[fpll t= 65.34s] nco_freq_hz=-2690067.8 mean|x|=0.03029 rms_x=0.03806 max|x|=0.2140 in_rms=108.3 out_rms=4.8
[mer-probe long] dd_err_rms=0.4978 dd_mer=20.04
[eq-long t= 65.04s] fs=2496 fs_err_rms=0.5469 |taps|=1.385 mu=5e-05 frz=0 hub=0.000 clmp=0
[fpll t= 65.57s] nco_freq_hz=-2690065.2 mean|x|=0.03028 rms_x=0.03807 max|x|=0.2633 in_rms=108.2 out_rms=4.8
[eq-long t= 65.26s] fs=2504 fs_err_rms=0.5372 |taps|=1.385 mu=5e-05 frz=0 hub=0.000 clmp=0
[fpll t= 65.78s] nco_freq_hz=-2690065.4 mean|x|=0.03033 rms_x=0.03814 max|x|=0.2693 in_rms=107.8 out_rms=4.8
[mer-probe long] dd_err_rms=0.4915 dd_mer=20.15
[eq-long t= 65.47s] fs=2512 fs_err_rms=0.5346 |taps|=1.385 mu=5e-05 frz=0 hub=0.000 clmp=0
[fpll t= 66.04s] nco_freq_hz=-2690065.3 mean|x|=0.03039 rms_x=0.03823 max|x|=0.2386 in_rms=107.9 out_rms=4.8
[eq-long t= 65.64s] fs=2520 fs_err_rms=0.5457 |taps|=1.389 mu=5e-05 frz=0 hub=0.000 clmp=0
[eq-long t= 65.86s] fs=2528 fs_err_rms=0.5528 |taps|=1.384 mu=5e-05 frz=0 hub=0.000 clmp=0
[fpll t= 66.31s] nco_freq_hz=-2690068.0 mean|x|=0.03030 rms_x=0.03808 max|x|=0.3016 in_rms=108.0 out_rms=4.8
[mer-probe long] dd_err_rms=0.4925 dd_mer=20.13
[eq-long t= 66.08s] fs=2536 fs_err_rms=0.5543 |taps|=1.380 mu=5e-05 frz=0 hub=0.000 clmp=0
[fpll t= 66.55s] nco_freq_hz=-2690062.6 mean|x|=0.03032 rms_x=0.03813 max|x|=0.2442 in_rms=107.9 out_rms=4.8
[eq-long t= 66.28s] fs=2544 fs_err_rms=0.5418 |taps|=1.386 mu=5e-05 frz=0 hub=0.000 clmp=0
[fpll t= 66.80s] nco_freq_hz=-2690068.5 mean|x|=0.03028 rms_x=0.03808 max|x|=0.2745 in_rms=108.0 out_rms=4.8
[mer-probe long] dd_err_rms=0.4909 dd_mer=20.16
[eq-long t= 66.52s] fs=2552 fs_err_rms=0.5446 |taps|=1.384 mu=5e-05 frz=0 hub=0.000 clmp=0
[fpll t= 67.07s] nco_freq_hz=-2690065.4 mean|x|=0.03006 rms_x=0.03779 max|x|=0.2398 in_rms=108.2 out_rms=4.8
[eq-long t= 66.72s] fs=2560 fs_err_rms=0.5488 |taps|=1.386 mu=5e-05 frz=0 hub=0.000 clmp=0
[fpll t= 67.29s] nco_freq_hz=-2690064.9 mean|x|=0.03019 rms_x=0.03798 max|x|=0.2460 in_rms=108.3 out_rms=4.8
[eq-long t= 66.91s] fs=2568 fs_err_rms=0.5493 |taps|=1.383 mu=5e-05 frz=0 hub=0.000 clmp=0
[mer-probe long] dd_err_rms=0.4914 dd_mer=20.15
[fpll t= 67.50s] nco_freq_hz=-2690068.9 mean|x|=0.03038 rms_x=0.03821 max|x|=0.2562 in_rms=108.3 out_rms=4.8
[eq-long t= 67.09s] fs=2576 fs_err_rms=0.5583 |taps|=1.387 mu=5e-05 frz=0 hub=0.000 clmp=0
[fpll t= 67.69s] nco_freq_hz=-2690067.8 mean|x|=0.03010 rms_x=0.03785 max|x|=0.2681 in_rms=108.2 out_rms=4.8
[eq-long t= 67.25s] fs=2584 fs_err_rms=0.5556 |taps|=1.388 mu=5e-05 frz=0 hub=0.000 clmp=0
[mer-probe long] dd_err_rms=0.4927 dd_mer=20.13
[eq-long t= 67.45s] fs=2592 fs_err_rms=0.5454 |taps|=1.383 mu=5e-05 frz=0 hub=0.000 clmp=0
[fpll t= 67.91s] nco_freq_hz=-2690067.0 mean|x|=0.03013 rms_x=0.03786 max|x|=0.2641 in_rms=108.2 out_rms=4.8
[eq-long t= 67.68s] fs=2600 fs_err_rms=0.5297 |taps|=1.386 mu=5e-05 frz=0 hub=0.000 clmp=0
[fpll t= 68.18s] nco_freq_hz=-2690067.7 mean|x|=0.03018 rms_x=0.03794 max|x|=0.2123 in_rms=108.5 out_rms=4.8
[eq-long t= 67.90s] fs=2608 fs_err_rms=0.5417 |taps|=1.389 mu=5e-05 frz=0 hub=0.000 clmp=0
[mer-probe long] dd_err_rms=0.4909 dd_mer=20.16
[fpll t= 68.46s] nco_freq_hz=-2690069.4 mean|x|=0.03014 rms_x=0.03791 max|x|=0.3808 in_rms=108.7 out_rms=4.8
[eq-long t= 68.18s] fs=2616 fs_err_rms=0.5436 |taps|=1.382 mu=5e-05 frz=0 hub=0.000 clmp=0
[fpll t= 68.72s] nco_freq_hz=-2690065.0 mean|x|=0.03010 rms_x=0.03783 max|x|=0.2784 in_rms=108.9 out_rms=4.8
[eq-long t= 68.40s] fs=2624 fs_err_rms=0.5506 |taps|=1.384 mu=5e-05 frz=0 hub=0.000 clmp=0
[mer-probe long] dd_err_rms=0.4921 dd_mer=20.14
[fpll t= 68.98s] nco_freq_hz=-2690064.6 mean|x|=0.03016 rms_x=0.03793 max|x|=0.2584 in_rms=109.0 out_rms=4.8
[eq-long t= 68.63s] fs=2632 fs_err_rms=0.5662 |taps|=1.386 mu=5e-05 frz=0 hub=0.000 clmp=0
[fpll t= 69.26s] nco_freq_hz=-2690067.3 mean|x|=0.03040 rms_x=0.03824 max|x|=0.2398 in_rms=109.0 out_rms=4.8
[eq-long t= 68.85s] fs=2640 fs_err_rms=0.5448 |taps|=1.389 mu=5e-05 frz=0 hub=0.000 clmp=0
[fpll t= 69.50s] nco_freq_hz=-2690065.9 mean|x|=0.03019 rms_x=0.03794 max|x|=0.2287 in_rms=108.6 out_rms=4.8
[mer-probe long] dd_err_rms=0.4918 dd_mer=20.14
[eq-long t= 69.09s] fs=2648 fs_err_rms=0.5474 |taps|=1.386 mu=5e-05 frz=0 hub=0.000 clmp=0
[fpll t= 69.73s] nco_freq_hz=-2690068.2 mean|x|=0.03045 rms_x=0.03827 max|x|=0.2697 in_rms=108.2 out_rms=4.8
[eq-long t= 69.32s] fs=2656 fs_err_rms=0.5483 |taps|=1.387 mu=5e-05 frz=0 hub=0.000 clmp=0
[eq-long t= 69.51s] fs=2664 fs_err_rms=0.5463 |taps|=1.386 mu=5e-05 frz=0 hub=0.000 clmp=0
[fpll t= 70.01s] nco_freq_hz=-2690068.2 mean|x|=0.03030 rms_x=0.03812 max|x|=0.3488 in_rms=108.1 out_rms=4.8
[mer-probe long] dd_err_rms=0.4913 dd_mer=20.15
[eq-long t= 69.75s] fs=2672 fs_err_rms=0.5470 |taps|=1.382 mu=5e-05 frz=0 hub=0.000 clmp=0
[fpll t= 70.28s] nco_freq_hz=-2690067.0 mean|x|=0.03037 rms_x=0.03818 max|x|=0.2463 in_rms=108.0 out_rms=4.8
[eq-long t= 69.99s] fs=2680 fs_err_rms=0.5346 |taps|=1.386 mu=5e-05 frz=0 hub=0.000 clmp=0
[fpll t= 70.50s] nco_freq_hz=-2690067.4 mean|x|=0.03029 rms_x=0.03810 max|x|=0.3005 in_rms=108.0 out_rms=4.8
[mer-probe long] dd_err_rms=0.4913 dd_mer=20.15
[eq-long t= 70.18s] fs=2688 fs_err_rms=0.5635 |taps|=1.387 mu=5e-05 frz=0 hub=0.000 clmp=0
[fpll t= 70.76s] nco_freq_hz=-2690067.8 mean|x|=0.03030 rms_x=0.03811 max|x|=0.3006 in_rms=108.2 out_rms=4.8
[eq-long t= 70.39s] fs=2696 fs_err_rms=0.5557 |taps|=1.386 mu=5e-05 frz=0 hub=0.000 clmp=0
[fpll t= 70.99s] nco_freq_hz=-2690069.1 mean|x|=0.03032 rms_x=0.03808 max|x|=0.2504 in_rms=108.7 out_rms=4.8
[eq-long t= 70.58s] fs=2704 fs_err_rms=0.5444 |taps|=1.385 mu=5e-05 frz=0 hub=0.000 clmp=0
[mer-probe long] dd_err_rms=0.4926 dd_mer=20.13
[eq-long t= 70.75s] fs=2712 fs_err_rms=0.5487 |taps|=1.384 mu=5e-05 frz=0 hub=0.000 clmp=0
[fpll t= 71.20s] nco_freq_hz=-2690063.5 mean|x|=0.03036 rms_x=0.03819 max|x|=0.2404 in_rms=108.6 out_rms=4.8
[eq-long t= 70.93s] fs=2720 fs_err_rms=0.5588 |taps|=1.386 mu=5e-05 frz=0 hub=0.000 clmp=0
[fpll t= 71.39s] nco_freq_hz=-2690065.9 mean|x|=0.03058 rms_x=0.03847 max|x|=0.2468 in_rms=108.5 out_rms=4.8
[mer-probe long] dd_err_rms=0.4930 dd_mer=20.12
[eq-long t= 71.10s] fs=2728 fs_err_rms=0.5648 |taps|=1.384 mu=5e-05 frz=0 hub=0.000 clmp=0
[fpll t= 71.59s] nco_freq_hz=-2690066.3 mean|x|=0.03035 rms_x=0.03817 max|x|=0.2936 in_rms=108.6 out_rms=4.8
[eq-long t= 71.29s] fs=2736 fs_err_rms=0.5471 |taps|=1.385 mu=5e-05 frz=0 hub=0.000 clmp=0
[fpll t= 71.81s] nco_freq_hz=-2690070.6 mean|x|=0.03042 rms_x=0.03827 max|x|=0.2706 in_rms=108.6 out_rms=4.8
[mer-probe long] dd_err_rms=0.4912 dd_mer=20.15
[eq-long t= 71.50s] fs=2744 fs_err_rms=0.5459 |taps|=1.388 mu=5e-05 frz=0 hub=0.000 clmp=0
[fpll t= 72.06s] nco_freq_hz=-2690069.4 mean|x|=0.03039 rms_x=0.03820 max|x|=0.2599 in_rms=108.5 out_rms=4.8
[eq-long t= 71.73s] fs=2752 fs_err_rms=0.5486 |taps|=1.385 mu=5e-05 frz=0 hub=0.000 clmp=0
[fpll t= 72.31s] nco_freq_hz=-2690066.5 mean|x|=0.03041 rms_x=0.03823 max|x|=0.2310 in_rms=108.6 out_rms=4.8
[eq-long t= 71.95s] fs=2760 fs_err_rms=0.5402 |taps|=1.383 mu=5e-05 frz=0 hub=0.000 clmp=0
[mer-probe long] dd_err_rms=0.4924 dd_mer=20.13
[fpll t= 72.57s] nco_freq_hz=-2690064.6 mean|x|=0.03033 rms_x=0.03815 max|x|=0.2845 in_rms=108.7 out_rms=4.8
[eq-long t= 72.18s] fs=2768 fs_err_rms=0.5416 |taps|=1.388 mu=5e-05 frz=0 hub=0.000 clmp=0
[fpll t= 72.81s] nco_freq_hz=-2690064.2 mean|x|=0.03037 rms_x=0.03818 max|x|=0.2293 in_rms=109.0 out_rms=4.8
[eq-long t= 72.39s] fs=2776 fs_err_rms=0.5490 |taps|=1.384 mu=5e-05 frz=0 hub=0.000 clmp=0
[mer-probe long] dd_err_rms=0.4922 dd_mer=20.14
[eq-long t= 72.60s] fs=2784 fs_err_rms=0.5615 |taps|=1.382 mu=5e-05 frz=0 hub=0.000 clmp=0
[fpll t= 73.07s] nco_freq_hz=-2690064.4 mean|x|=0.03036 rms_x=0.03820 max|x|=0.3115 in_rms=108.8 out_rms=4.8
[eq-long t= 72.83s] fs=2792 fs_err_rms=0.5539 |taps|=1.382 mu=5e-05 frz=0 hub=0.000 clmp=0
[fpll t= 73.31s] nco_freq_hz=-2690067.2 mean|x|=0.03017 rms_x=0.03790 max|x|=0.2437 in_rms=108.6 out_rms=4.8
[eq-long t= 73.04s] fs=2800 fs_err_rms=0.5529 |taps|=1.383 mu=5e-05 frz=0 hub=0.000 clmp=0
[mer-probe long] dd_err_rms=0.4915 dd_mer=20.15
[fpll t= 73.57s] nco_freq_hz=-2690065.9 mean|x|=0.03032 rms_x=0.03812 max|x|=0.2909 in_rms=108.3 out_rms=4.8
[eq-long t= 73.28s] fs=2808 fs_err_rms=0.5517 |taps|=1.385 mu=5e-05 frz=0 hub=0.000 clmp=0
[fpll t= 73.82s] nco_freq_hz=-2690066.3 mean|x|=0.03031 rms_x=0.03814 max|x|=0.3729 in_rms=107.9 out_rms=4.8
[eq-long t= 73.48s] fs=2816 fs_err_rms=0.5352 |taps|=1.382 mu=5e-05 frz=0 hub=0.000 clmp=0
[mer-probe long] dd_err_rms=0.4926 dd_mer=20.13
[fpll t= 74.08s] nco_freq_hz=-2690068.9 mean|x|=0.03043 rms_x=0.03824 max|x|=0.2247 in_rms=107.8 out_rms=4.8
[eq-long t= 73.72s] fs=2824 fs_err_rms=0.5398 |taps|=1.386 mu=5e-05 frz=0 hub=0.000 clmp=0
[fpll t= 74.33s] nco_freq_hz=-2690063.7 mean|x|=0.03042 rms_x=0.03823 max|x|=0.2794 in_rms=108.0 out_rms=4.8
[eq-long t= 73.92s] fs=2832 fs_err_rms=0.5491 |taps|=1.385 mu=5e-05 frz=0 hub=0.000 clmp=0
[fpll t= 74.58s] nco_freq_hz=-2690066.8 mean|x|=0.03037 rms_x=0.03821 max|x|=0.2868 in_rms=108.3 out_rms=4.8
[mer-probe long] dd_err_rms=0.4921 dd_mer=20.14
[eq-long t= 74.14s] fs=2840 fs_err_rms=0.5426 |taps|=1.384 mu=5e-05 frz=0 hub=0.000 clmp=0
[eq-long t= 74.37s] fs=2848 fs_err_rms=0.5585 |taps|=1.381 mu=5e-05 frz=0 hub=0.000 clmp=0
[fpll t= 74.84s] nco_freq_hz=-2690069.8 mean|x|=0.03034 rms_x=0.03814 max|x|=0.4113 in_rms=108.8 out_rms=4.8
OsO[eq-long t= 74.59s] fs=2856 fs_err_rms=0.5512 |taps|=1.385 mu=5e-05 frz=0 hub=0.000 clmp=0
[fpll t= 75.08s] nco_freq_hz=-2690067.3 mean|x|=0.03028 rms_x=0.03809 max|x|=0.2236 in_rms=108.8 out_rms=4.8
[mer-probe long] dd_err_rms=0.4920 dd_mer=20.14
[eq-long t= 74.80s] fs=2864 fs_err_rms=0.5654 |taps|=1.384 mu=5e-05 frz=0 hub=0.000 clmp=0
[fpll t= 75.34s] nco_freq_hz=-2690066.4 mean|x|=0.03034 rms_x=0.03816 max|x|=0.2773 in_rms=109.0 out_rms=4.8
[eq-long t= 75.04s] fs=2872 fs_err_rms=0.6666 |taps|=1.377 mu=5e-05 frz=0 hub=0.000 clmp=0
[fpll t= 75.59s] nco_freq_hz=-2690065.1 mean|x|=0.03028 rms_x=0.03805 max|x|=0.2796 in_rms=108.5 out_rms=4.8
[mer-probe long] dd_err_rms=0.5086 dd_mer=19.85
[eq-long t= 75.25s] fs=2880 fs_err_rms=0.5482 |taps|=1.383 mu=5e-05 frz=0 hub=0.000 clmp=0
[fpll t= 75.84s] nco_freq_hz=-2690065.8 mean|x|=0.03029 rms_x=0.03808 max|x|=0.2415 in_rms=108.5 out_rms=4.8
[eq-long t= 75.47s] fs=2888 fs_err_rms=0.5390 |taps|=1.385 mu=5e-05 frz=0 hub=0.000 clmp=0
[fpll t= 76.08s] nco_freq_hz=-2690065.1 mean|x|=0.03036 rms_x=0.03817 max|x|=0.2350 in_rms=108.1 out_rms=4.8
[eq-long t= 75.69s] fs=2896 fs_err_rms=0.5504 |taps|=1.382 mu=5e-05 frz=0 hub=0.000 clmp=0
[mer-probe long] dd_err_rms=0.4917 dd_mer=20.15
[fpll t= 76.35s] nco_freq_hz=-2690065.8 mean|x|=0.03029 rms_x=0.03809 max|x|=0.2192 in_rms=108.0 out_rms=4.8
[eq-long t= 75.91s] fs=2904 fs_err_rms=0.5384 |taps|=1.383 mu=5e-05 frz=0 hub=0.000 clmp=0
[eq-long t= 76.14s] fs=2912 fs_err_rms=0.5444 |taps|=1.383 mu=5e-05 frz=0 hub=0.000 clmp=0
[fpll t= 76.58s] nco_freq_hz=-2690069.3 mean|x|=0.03017 rms_x=0.03794 max|x|=0.2436 in_rms=107.9 out_rms=4.8
[mer-probe long] dd_err_rms=0.4928 dd_mer=20.13
[eq-long t= 76.35s] fs=2920 fs_err_rms=0.5371 |taps|=1.384 mu=5e-05 frz=0 hub=0.000 clmp=0
[fpll t= 76.85s] nco_freq_hz=-2690065.6 mean|x|=0.03038 rms_x=0.03821 max|x|=0.2590 in_rms=107.8 out_rms=4.8
[eq-long t= 76.52s] fs=2928 fs_err_rms=0.5462 |taps|=1.386 mu=5e-05 frz=0 hub=0.000 clmp=0
[fpll t= 77.04s] nco_freq_hz=-2690066.5 mean|x|=0.03027 rms_x=0.03805 max|x|=0.2774 in_rms=107.9 out_rms=4.8
[eq-long t= 76.70s] fs=2936 fs_err_rms=0.5375 |taps|=1.387 mu=5e-05 frz=0 hub=0.000 clmp=0
[mer-probe long] dd_err_rms=0.4931 dd_mer=20.12
[fpll t= 77.24s] nco_freq_hz=-2690068.6 mean|x|=0.03024 rms_x=0.03806 max|x|=0.2737 in_rms=107.8 out_rms=4.8
[eq-long t= 76.87s] fs=2944 fs_err_rms=0.5456 |taps|=1.384 mu=5e-05 frz=0 hub=0.000 clmp=0
[fpll t= 77.43s] nco_freq_hz=-2690067.5 mean|x|=0.03033 rms_x=0.03814 max|x|=0.2590 in_rms=108.1 out_rms=4.8
[eq-long t= 77.05s] fs=2952 fs_err_rms=0.5400 |taps|=1.382 mu=5e-05 frz=0 hub=0.000 clmp=0
[mer-probe long] dd_err_rms=0.4921 dd_mer=20.14
[fpll t= 77.63s] nco_freq_hz=-2690070.3 mean|x|=0.03022 rms_x=0.03803 max|x|=0.2318 in_rms=108.4 out_rms=4.8
[eq-long t= 77.21s] fs=2960 fs_err_rms=0.5417 |taps|=1.385 mu=5e-05 frz=0 hub=0.000 clmp=0
[fpll t= 77.86s] nco_freq_hz=-2690066.7 mean|x|=0.03031 rms_x=0.03811 max|x|=0.2453 in_rms=108.6 out_rms=4.8
[eq-long t= 77.41s] fs=2968 fs_err_rms=0.5443 |taps|=1.384 mu=5e-05 frz=0 hub=0.000 clmp=0
[mer-probe long] dd_err_rms=0.4913 dd_mer=20.15
[eq-long t= 77.67s] fs=2976 fs_err_rms=0.5536 |taps|=1.386 mu=5e-05 frz=0 hub=0.000 clmp=0
[fpll t= 78.13s] nco_freq_hz=-2690069.6 mean|x|=0.03017 rms_x=0.03792 max|x|=0.3037 in_rms=108.9 out_rms=4.8
[eq-long t= 77.89s] fs=2984 fs_err_rms=0.5470 |taps|=1.383 mu=5e-05 frz=0 hub=0.000 clmp=0
[fpll t= 78.38s] nco_freq_hz=-2690065.9 mean|x|=0.03030 rms_x=0.03809 max|x|=0.2485 in_rms=109.0 out_rms=4.8
[eq-long t= 78.06s] fs=2992 fs_err_rms=0.5385 |taps|=1.382 mu=5e-05 frz=0 hub=0.000 clmp=0
[mer-probe long] dd_err_rms=0.4920 dd_mer=20.14
[fpll t= 78.57s] nco_freq_hz=-2690068.0 mean|x|=0.03023 rms_x=0.03798 max|x|=0.2950 in_rms=108.5 out_rms=4.8
[eq-long t= 78.23s] fs=3000 fs_err_rms=0.5472 |taps|=1.384 mu=5e-05 frz=0 hub=0.000 clmp=0
[fpll t= 78.77s] nco_freq_hz=-2690068.3 mean|x|=0.03028 rms_x=0.03806 max|x|=0.2300 in_rms=108.2 out_rms=4.8
[eq-long t= 78.41s] fs=3008 fs_err_rms=0.5549 |taps|=1.384 mu=5e-05 frz=0 hub=0.000 clmp=0
[fpll t= 78.98s] nco_freq_hz=-2690068.3 mean|x|=0.03017 rms_x=0.03794 max|x|=0.2656 in_rms=107.8 out_rms=4.8
[mer-probe long] dd_err_rms=0.4909 dd_mer=20.16
[eq-long t= 78.59s] fs=3016 fs_err_rms=0.5571 |taps|=1.386 mu=5e-05 frz=0 hub=0.000 clmp=0
[fpll t= 79.22s] nco_freq_hz=-2690066.8 mean|x|=0.03035 rms_x=0.03821 max|x|=0.2485 in_rms=107.7 out_rms=4.8
[eq-long t= 78.83s] fs=3024 fs_err_rms=0.5542 |taps|=1.383 mu=5e-05 frz=0 hub=0.000 clmp=0
[fpll t= 79.44s] nco_freq_hz=-2690065.7 mean|x|=0.03022 rms_x=0.03797 max|x|=0.2462 in_rms=107.7 out_rms=4.8
[eq-long t= 79.07s] fs=3032 fs_err_rms=0.5445 |taps|=1.386 mu=5e-05 frz=0 hub=0.000 clmp=0
[mer-probe long] dd_err_rms=0.4923 dd_mer=20.13
[eq-long t= 79.26s] fs=3040 fs_err_rms=0.5456 |taps|=1.384 mu=5e-05 frz=0 hub=0.000 clmp=0
[fpll t= 79.72s] nco_freq_hz=-2690066.0 mean|x|=0.03028 rms_x=0.03805 max|x|=0.2157 in_rms=107.8 out_rms=4.8
[eq-long t= 79.46s] fs=3048 fs_err_rms=0.5408 |taps|=1.381 mu=5e-05 frz=0 hub=0.000 clmp=0
[fpll t= 79.97s] nco_freq_hz=-2690065.7 mean|x|=0.03021 rms_x=0.03796 max|x|=0.2430 in_rms=108.0 out_rms=4.8
[mer-probe long] dd_err_rms=0.4905 dd_mer=20.17
[eq-long t= 79.71s] fs=3056 fs_err_rms=0.5369 |taps|=1.385 mu=5e-05 frz=0 hub=0.000 clmp=0
[fpll t= 80.24s] nco_freq_hz=-2690065.9 mean|x|=0.03033 rms_x=0.03811 max|x|=0.2598 in_rms=108.4 out_rms=4.8
[eq-long t= 79.94s] fs=3064 fs_err_rms=0.5464 |taps|=1.386 mu=5e-05 frz=0 hub=0.000 clmp=0
[fpll t= 80.51s] nco_freq_hz=-2690069.5 mean|x|=0.03017 rms_x=0.03795 max|x|=0.2812 in_rms=108.7 out_rms=4.8
[mer-probe long] dd_err_rms=0.4921 dd_mer=20.14
[eq-long t= 80.16s] fs=3072 fs_err_rms=0.5501 |taps|=1.385 mu=5e-05 frz=0 hub=0.000 clmp=0
[fpll t= 80.77s] nco_freq_hz=-2690067.1 mean|x|=0.03016 rms_x=0.03791 max|x|=0.2460 in_rms=108.6 out_rms=4.8
[eq-long t= 80.39s] fs=3080 fs_err_rms=0.5503 |taps|=1.386 mu=5e-05 frz=0 hub=0.000 clmp=0
[fpll t= 81.04s] nco_freq_hz=-2690066.9 mean|x|=0.03015 rms_x=0.03793 max|x|=0.2898 in_rms=108.4 out_rms=4.8
[eq-long t= 80.64s] fs=3088 fs_err_rms=0.5378 |taps|=1.383 mu=5e-05 frz=0 hub=0.000 clmp=0
[mer-probe long] dd_err_rms=0.4922 dd_mer=20.14
[eq-long t= 80.86s] fs=3096 fs_err_rms=0.5416 |taps|=1.385 mu=5e-05 frz=0 hub=0.000 clmp=0
[fpll t= 81.31s] nco_freq_hz=-2690067.1 mean|x|=0.03009 rms_x=0.03781 max|x|=0.2494 in_rms=108.6 out_rms=4.8
[eq-long t= 81.11s] fs=3104 fs_err_rms=0.5372 |taps|=1.388 mu=5e-05 frz=0 hub=0.000 clmp=0
[fpll t= 81.57s] nco_freq_hz=-2690063.6 mean|x|=0.03034 rms_x=0.03816 max|x|=0.3300 in_rms=108.8 out_rms=4.8
[mer-probe long] dd_err_rms=0.4928 dd_mer=20.13
[eq-long t= 81.33s] fs=3112 fs_err_rms=0.5492 |taps|=1.386 mu=5e-05 frz=0 hub=0.000 clmp=0
[fpll t= 81.84s] nco_freq_hz=-2690063.3 mean|x|=0.03014 rms_x=0.03795 max|x|=0.2269 in_rms=109.1 out_rms=4.8
[eq-long t= 81.56s] fs=3120 fs_err_rms=0.5348 |taps|=1.387 mu=5e-05 frz=0 hub=0.000 clmp=0
[fpll t= 82.10s] nco_freq_hz=-2690070.4 mean|x|=0.03023 rms_x=0.03806 max|x|=0.3047 in_rms=109.3 out_rms=4.8
[eq-long t= 81.80s] fs=3128 fs_err_rms=0.5467 |taps|=1.385 mu=5e-05 frz=0 hub=0.000 clmp=0
[mer-probe long] dd_err_rms=0.4929 dd_mer=20.12
[fpll t= 82.36s] nco_freq_hz=-2690066.7 mean|x|=0.03018 rms_x=0.03796 max|x|=0.2835 in_rms=109.4 out_rms=4.8
[eq-long t= 82.02s] fs=3136 fs_err_rms=0.5442 |taps|=1.384 mu=5e-05 frz=0 hub=0.000 clmp=0
[fpll t= 82.62s] nco_freq_hz=-2690063.6 mean|x|=0.03014 rms_x=0.03788 max|x|=0.2409 in_rms=109.3 out_rms=4.8
[eq-long t= 82.23s] fs=3144 fs_err_rms=0.5522 |taps|=1.385 mu=5e-05 frz=0 hub=0.000 clmp=0
[mer-probe long] dd_err_rms=0.4923 dd_mer=20.14
[fpll t= 82.87s] nco_freq_hz=-2690067.0 mean|x|=0.03009 rms_x=0.03784 max|x|=0.2553 in_rms=108.8 out_rms=4.8
[eq-long t= 82.46s] fs=3152 fs_err_rms=0.5435 |taps|=1.387 mu=5e-05 frz=0 hub=0.000 clmp=0
[fpll t= 83.10s] nco_freq_hz=-2690068.5 mean|x|=0.03007 rms_x=0.03781 max|x|=0.2758 in_rms=108.4 out_rms=4.8
[eq-long t= 82.68s] fs=3160 fs_err_rms=0.5604 |taps|=1.383 mu=5e-05 frz=0 hub=0.000 clmp=0
[eq-long t= 82.91s] fs=3168 fs_err_rms=0.5660 |taps|=1.381 mu=5e-05 frz=0 hub=0.000 clmp=0
[mer-probe long] dd_err_rms=0.4920 dd_mer=20.14
[fpll t= 83.38s] nco_freq_hz=-2690063.9 mean|x|=0.03028 rms_x=0.03810 max|x|=0.2480 in_rms=108.3 out_rms=4.8
[eq-long t= 83.13s] fs=3176 fs_err_rms=0.5418 |taps|=1.382 mu=5e-05 frz=0 hub=0.000 clmp=0
[fpll t= 83.63s] nco_freq_hz=-2690071.4 mean|x|=0.03016 rms_x=0.03791 max|x|=0.2564 in_rms=108.5 out_rms=4.8
[eq-long t= 83.35s] fs=3184 fs_err_rms=0.5417 |taps|=1.384 mu=5e-05 frz=0 hub=0.000 clmp=0
[fpll t= 83.89s] nco_freq_hz=-2690063.5 mean|x|=0.03007 rms_x=0.03781 max|x|=0.2479 in_rms=108.4 out_rms=4.8
[mer-probe long] dd_err_rms=0.4911 dd_mer=20.16
[eq-long t= 83.58s] fs=3192 fs_err_rms=0.5506 |taps|=1.384 mu=5e-05 frz=0 hub=0.000 clmp=0
[fpll t= 84.13s] nco_freq_hz=-2690065.2 mean|x|=0.03026 rms_x=0.03806 max|x|=0.3328 in_rms=108.5 out_rms=4.8
[eq-long t= 83.80s] fs=3200 fs_err_rms=0.5540 |taps|=1.380 mu=5e-05 frz=0 hub=0.000 clmp=0
[fpll t= 84.38s] nco_freq_hz=-2690063.7 mean|x|=0.03007 rms_x=0.03783 max|x|=0.2453 in_rms=108.9 out_rms=4.8
[mer-probe long] dd_err_rms=0.4916 dd_mer=20.15
[eq-long t= 84.01s] fs=3208 fs_err_rms=0.5438 |taps|=1.386 mu=5e-05 frz=0 hub=0.000 clmp=0
[fpll t= 84.65s] nco_freq_hz=-2690067.2 mean|x|=0.03014 rms_x=0.03789 max|x|=0.2537 in_rms=109.3 out_rms=4.8
[eq-long t= 84.24s] fs=3216 fs_err_rms=0.5535 |taps|=1.381 mu=5e-05 frz=0 hub=0.000 clmp=0
[eq-long t= 84.46s] fs=3224 fs_err_rms=0.5464 |taps|=1.380 mu=5e-05 frz=0 hub=0.000 clmp=0
[fpll t= 84.91s] nco_freq_hz=-2690068.5 mean|x|=0.03036 rms_x=0.03820 max|x|=0.2502 in_rms=109.2 out_rms=4.8
[mer-probe long] dd_err_rms=0.4919 dd_mer=20.14
[eq-long t= 84.66s] fs=3232 fs_err_rms=0.5385 |taps|=1.383 mu=5e-05 frz=0 hub=0.000 clmp=0
[fpll t= 85.16s] nco_freq_hz=-2690067.7 mean|x|=0.03026 rms_x=0.03804 max|x|=0.2896 in_rms=109.0 out_rms=4.8
OsO[eq-long t= 84.91s] fs=3240 fs_err_rms=0.5704 |taps|=1.384 mu=5e-05 frz=0 hub=0.000 clmp=0
[fpll t= 85.41s] nco_freq_hz=-2690069.9 mean|x|=0.03020 rms_x=0.03796 max|x|=0.2478 in_rms=108.8 out_rms=4.8
[mer-probe long] dd_err_rms=0.4919 dd_mer=20.14
[eq-long t= 85.13s] fs=3248 fs_err_rms=0.5425 |taps|=1.380 mu=5e-05 frz=0 hub=0.000 clmp=0
[fpll t= 85.68s] nco_freq_hz=-2690067.6 mean|x|=0.03044 rms_x=0.03870 max|x|=0.4997 in_rms=108.1 out_rms=4.8
[eq-long t= 85.38s] fs=3256 fs_err_rms=0.5476 |taps|=1.383 mu=5e-05 frz=0 hub=0.000 clmp=0
[fpll t= 85.93s] nco_freq_hz=-2690065.6 mean|x|=0.03025 rms_x=0.03803 max|x|=0.2542 in_rms=107.5 out_rms=4.8
[eq-long t= 85.59s] fs=3264 fs_err_rms=0.5615 |taps|=1.384 mu=5e-05 frz=0 hub=0.000 clmp=0
[mer-probe long] dd_err_rms=0.4956 dd_mer=20.08
[fpll t= 86.17s] nco_freq_hz=-2690066.8 mean|x|=0.03029 rms_x=0.03810 max|x|=0.2656 in_rms=107.6 out_rms=4.8
[eq-long t= 85.82s] fs=3272 fs_err_rms=0.5439 |taps|=1.381 mu=5e-05 frz=0 hub=0.000 clmp=0
[fpll t= 86.41s] nco_freq_hz=-2690064.2 mean|x|=0.03028 rms_x=0.03809 max|x|=0.4715 in_rms=107.4 out_rms=4.8
[eq-long t= 86.05s] fs=3280 fs_err_rms=0.5342 |taps|=1.383 mu=5e-05 frz=0 hub=0.000 clmp=0
[mer-probe long] dd_err_rms=0.4929 dd_mer=20.13
[fpll t= 86.66s] nco_freq_hz=-2690069.0 mean|x|=0.03018 rms_x=0.03792 max|x|=0.2287 in_rms=107.2 out_rms=4.8
[eq-long t= 86.24s] fs=3288 fs_err_rms=0.5275 |taps|=1.382 mu=5e-05 frz=0 hub=0.000 clmp=0
[eq-long t= 86.45s] fs=3296 fs_err_rms=0.5502 |taps|=1.381 mu=5e-05 frz=0 hub=0.000 clmp=0
[fpll t= 86.91s] nco_freq_hz=-2690065.9 mean|x|=0.03004 rms_x=0.03780 max|x|=0.2537 in_rms=107.2 out_rms=4.8
[mer-probe long] dd_err_rms=0.4927 dd_mer=20.13
[eq-long t= 86.63s] fs=3304 fs_err_rms=0.5299 |taps|=1.379 mu=5e-05 frz=0 hub=0.000 clmp=0
[fpll t= 87.10s] nco_freq_hz=-2690067.3 mean|x|=0.03014 rms_x=0.03788 max|x|=0.3081 in_rms=107.9 out_rms=4.8
[eq-long t= 86.80s] fs=3312 fs_err_rms=0.5335 |taps|=1.385 mu=5e-05 frz=0 hub=0.000 clmp=0
[fpll t= 87.31s] nco_freq_hz=-2690065.5 mean|x|=0.03020 rms_x=0.03793 max|x|=0.2186 in_rms=108.3 out_rms=4.8
[eq-long t= 87.00s] fs=3320 fs_err_rms=0.5277 |taps|=1.381 mu=5e-05 frz=0 hub=0.000 clmp=0
[mer-probe long] dd_err_rms=0.4914 dd_mer=20.15
[fpll t= 87.56s] nco_freq_hz=-2690069.2 mean|x|=0.03004 rms_x=0.03774 max|x|=0.2265 in_rms=108.5 out_rms=4.8
[eq-long t= 87.24s] fs=3328 fs_err_rms=0.5296 |taps|=1.389 mu=5e-05 frz=0 hub=0.000 clmp=0
[fpll t= 87.85s] nco_freq_hz=-2690065.9 mean|x|=0.03016 rms_x=0.03790 max|x|=0.2539 in_rms=108.4 out_rms=4.8
[eq-long t= 87.49s] fs=3336 fs_err_rms=0.5409 |taps|=1.380 mu=5e-05 frz=0 hub=0.000 clmp=0
[fpll t= 88.05s] nco_freq_hz=-2690065.8 mean|x|=0.03035 rms_x=0.03820 max|x|=0.2298 in_rms=108.3 out_rms=4.8
[mer-probe long] dd_err_rms=0.4920 dd_mer=20.14
[eq-long t= 87.65s] fs=3344 fs_err_rms=0.5340 |taps|=1.381 mu=5e-05 frz=0 hub=0.000 clmp=0
[fpll t= 88.23s] nco_freq_hz=-2690067.4 mean|x|=0.03008 rms_x=0.03782 max|x|=0.2602 in_rms=107.8 out_rms=4.8
[eq-long t= 87.82s] fs=3352 fs_err_rms=0.5349 |taps|=1.387 mu=5e-05 frz=0 hub=0.000 clmp=0
[eq-long t= 88.02s] fs=3360 fs_err_rms=0.5317 |taps|=1.383 mu=5e-05 frz=0 hub=0.000 clmp=0
[fpll t= 88.47s] nco_freq_hz=-2690064.7 mean|x|=0.03037 rms_x=0.03815 max|x|=0.2653 in_rms=107.2 out_rms=4.8
[mer-probe long] dd_err_rms=0.4916 dd_mer=20.15
[eq-long t= 88.19s] fs=3368 fs_err_rms=0.5307 |taps|=1.383 mu=5e-05 frz=0 hub=0.000 clmp=0
[fpll t= 88.68s] nco_freq_hz=-2690067.9 mean|x|=0.03037 rms_x=0.03817 max|x|=0.3409 in_rms=106.9 out_rms=4.8
[eq-long t= 88.39s] fs=3376 fs_err_rms=0.5225 |taps|=1.385 mu=5e-05 frz=0 hub=0.000 clmp=0
[fpll t= 88.89s] nco_freq_hz=-2690070.3 mean|x|=0.03028 rms_x=0.03806 max|x|=0.2429 in_rms=107.0 out_rms=4.8
[mer-probe long] dd_err_rms=0.4924 dd_mer=20.13
[eq-long t= 88.60s] fs=3384 fs_err_rms=0.5648 |taps|=1.385 mu=5e-05 frz=0 hub=0.000 clmp=0
[fpll t= 89.14s] nco_freq_hz=-2690067.5 mean|x|=0.03028 rms_x=0.03808 max|x|=0.2828 in_rms=107.0 out_rms=4.8
[eq-long t= 88.82s] fs=3392 fs_err_rms=0.5396 |taps|=1.383 mu=5e-05 frz=0 hub=0.000 clmp=0
[fpll t= 89.43s] nco_freq_hz=-2690069.7 mean|x|=0.03023 rms_x=0.03803 max|x|=0.2269 in_rms=107.1 out_rms=4.8
[eq-long t= 89.09s] fs=3400 fs_err_rms=0.5313 |taps|=1.383 mu=5e-05 frz=0 hub=0.000 clmp=0
[mer-probe long] dd_err_rms=0.4924 dd_mer=20.13
[fpll t= 89.70s] nco_freq_hz=-2690069.6 mean|x|=0.03028 rms_x=0.03808 max|x|=0.2782 in_rms=107.5 out_rms=4.8
[eq-long t= 89.33s] fs=3408 fs_err_rms=0.5219 |taps|=1.381 mu=5e-05 frz=0 hub=0.000 clmp=0
[fpll t= 89.95s] nco_freq_hz=-2690070.1 mean|x|=0.03028 rms_x=0.03808 max|x|=0.2506 in_rms=107.8 out_rms=4.8
[eq-long t= 89.55s] fs=3416 fs_err_rms=0.5305 |taps|=1.381 mu=5e-05 frz=0 hub=0.000 clmp=0
[mer-probe long] dd_err_rms=0.4918 dd_mer=20.14
[eq-long t= 89.77s] fs=3424 fs_err_rms=0.5407 |taps|=1.385 mu=5e-05 frz=0 hub=0.000 clmp=0
[fpll t= 90.22s] nco_freq_hz=-2690070.5 mean|x|=0.03029 rms_x=0.03810 max|x|=0.2841 in_rms=107.6 out_rms=4.8
[fpll t= 90.44s] nco_freq_hz=-2690068.0 mean|x|=0.03040 rms_x=0.03823 max|x|=0.3099 in_rms=107.5 out_rms=4.8
[eq-long t= 90.01s] fs=3432 fs_err_rms=0.5238 |taps|=1.382 mu=5e-05 frz=0 hub=0.000 clmp=0
[mer-probe long] dd_err_rms=0.4930 dd_mer=20.12
[eq-long t= 90.20s] fs=3440 fs_err_rms=0.5354 |taps|=1.384 mu=5e-05 frz=0 hub=0.000 clmp=0
[fpll t= 90.72s] nco_freq_hz=-2690063.8 mean|x|=0.03035 rms_x=0.03816 max|x|=0.2850 in_rms=107.3 out_rms=4.8
[eq-long t= 90.42s] fs=3448 fs_err_rms=0.5165 |taps|=1.388 mu=5e-05 frz=0 hub=0.000 clmp=0
[fpll t= 90.98s] nco_freq_hz=-2690067.8 mean|x|=0.03045 rms_x=0.03831 max|x|=0.2832 in_rms=107.6 out_rms=4.8
[eq-long t= 90.67s] fs=3456 fs_err_rms=0.5283 |taps|=1.381 mu=5e-05 frz=0 hub=0.000 clmp=0
[mer-probe long] dd_err_rms=0.4927 dd_mer=20.13
[fpll t= 91.25s] nco_freq_hz=-2690068.9 mean|x|=0.03020 rms_x=0.03799 max|x|=0.2913 in_rms=107.5 out_rms=4.8
[eq-long t= 90.89s] fs=3464 fs_err_rms=0.5295 |taps|=1.386 mu=5e-05 frz=0 hub=0.000 clmp=0
[fpll t= 91.49s] nco_freq_hz=-2690070.0 mean|x|=0.03012 rms_x=0.03784 max|x|=0.2490 in_rms=107.4 out_rms=4.8
[eq-long t= 91.10s] fs=3472 fs_err_rms=0.5325 |taps|=1.383 mu=5e-05 frz=0 hub=0.000 clmp=0
[mer-probe long] dd_err_rms=0.4919 dd_mer=20.14
[fpll t= 91.73s] nco_freq_hz=-2690069.2 mean|x|=0.03028 rms_x=0.03809 max|x|=0.2609 in_rms=107.4 out_rms=4.8
[eq-long t= 91.32s] fs=3480 fs_err_rms=0.5389 |taps|=1.385 mu=5e-05 frz=0 hub=0.000 clmp=0
[eq-long t= 91.55s] fs=3488 fs_err_rms=0.5296 |taps|=1.385 mu=5e-05 frz=0 hub=0.000 clmp=0
[fpll t= 92.00s] nco_freq_hz=-2690071.7 mean|x|=0.03025 rms_x=0.03805 max|x|=0.2641 in_rms=107.5 out_rms=4.8
[eq-long t= 91.75s] fs=3496 fs_err_rms=0.5283 |taps|=1.385 mu=5e-05 frz=0 hub=0.000 clmp=0
[mer-probe long] dd_err_rms=0.4928 dd_mer=20.13
[fpll t= 92.26s] nco_freq_hz=-2690066.0 mean|x|=0.03015 rms_x=0.03789 max|x|=0.2442 in_rms=107.2 out_rms=4.8
[eq-long t= 91.97s] fs=3504 fs_err_rms=0.5394 |taps|=1.382 mu=5e-05 frz=0 hub=0.000 clmp=0
[fpll t= 92.47s] nco_freq_hz=-2690070.1 mean|x|=0.03046 rms_x=0.03831 max|x|=0.2274 in_rms=106.8 out_rms=4.8
[eq-long t= 92.13s] fs=3512 fs_err_rms=0.5345 |taps|=1.385 mu=5e-05 frz=0 hub=0.000 clmp=0
[fpll t= 92.66s] nco_freq_hz=-2690065.2 mean|x|=0.03028 rms_x=0.03811 max|x|=0.3038 in_rms=106.8 out_rms=4.8
[mer-probe long] dd_err_rms=0.4919 dd_mer=20.14
[eq-long t= 92.29s] fs=3520 fs_err_rms=0.5294 |taps|=1.389 mu=5e-05 frz=0 hub=0.000 clmp=0
[fpll t= 92.85s] nco_freq_hz=-2690069.7 mean|x|=0.03019 rms_x=0.03794 max|x|=0.2596 in_rms=106.8 out_rms=4.8
[eq-long t= 92.47s] fs=3528 fs_err_rms=0.5328 |taps|=1.386 mu=5e-05 frz=0 hub=0.000 clmp=0
[fpll t= 93.04s] nco_freq_hz=-2690065.0 mean|x|=0.03018 rms_x=0.03792 max|x|=0.2383 in_rms=106.7 out_rms=4.8
[mer-probe long] dd_err_rms=0.4922 dd_mer=20.14
[eq-long t= 92.64s] fs=3536 fs_err_rms=0.5248 |taps|=1.384 mu=5e-05 frz=0 hub=0.000 clmp=0
[fpll t= 93.25s] nco_freq_hz=-2690066.4 mean|x|=0.03025 rms_x=0.03803 max|x|=0.2841 in_rms=107.0 out_rms=4.8
[eq-long t= 92.82s] fs=3544 fs_err_rms=0.5384 |taps|=1.383 mu=5e-05 frz=0 hub=0.000 clmp=0
[eq-long t= 92.99s] fs=3552 fs_err_rms=0.5518 |taps|=1.382 mu=5e-05 frz=0 hub=0.000 clmp=0
[fpll t= 93.45s] nco_freq_hz=-2690068.6 mean|x|=0.03014 rms_x=0.03787 max|x|=0.2777 in_rms=107.8 out_rms=4.8
[mer-probe long] dd_err_rms=0.4921 dd_mer=20.14
[eq-long t= 93.19s] fs=3560 fs_err_rms=0.5502 |taps|=1.383 mu=5e-05 frz=0 hub=0.000 clmp=0
[fpll t= 93.68s] nco_freq_hz=-2690070.9 mean|x|=0.03019 rms_x=0.03794 max|x|=0.2252 in_rms=107.9 out_rms=4.8
[eq-long t= 93.43s] fs=3568 fs_err_rms=0.5233 |taps|=1.378 mu=5e-05 frz=0 hub=0.000 clmp=0
[fpll t= 93.94s] nco_freq_hz=-2690067.2 mean|x|=0.03018 rms_x=0.03796 max|x|=0.2621 in_rms=107.7 out_rms=4.8
[mer-probe long] dd_err_rms=0.4916 dd_mer=20.15
[eq-long t= 93.63s] fs=3576 fs_err_rms=0.5274 |taps|=1.384 mu=5e-05 frz=0 hub=0.000 clmp=0
[fpll t= 94.16s] nco_freq_hz=-2690066.4 mean|x|=0.03014 rms_x=0.03790 max|x|=0.2849 in_rms=107.7 out_rms=4.8
[eq-long t= 93.84s] fs=3584 fs_err_rms=0.5312 |taps|=1.381 mu=5e-05 frz=0 hub=0.000 clmp=0
[fpll t= 94.43s] nco_freq_hz=-2690064.6 mean|x|=0.03022 rms_x=0.03801 max|x|=0.2736 in_rms=107.6 out_rms=4.8
[eq-long t= 94.08s] fs=3592 fs_err_rms=0.5314 |taps|=1.382 mu=5e-05 frz=0 hub=0.000 clmp=0
[mer-probe long] dd_err_rms=0.4915 dd_mer=20.15
[fpll t= 94.69s] nco_freq_hz=-2690067.5 mean|x|=0.02995 rms_x=0.03762 max|x|=0.2577 in_rms=107.5 out_rms=4.8
[eq-long t= 94.31s] fs=3600 fs_err_rms=0.5295 |taps|=1.385 mu=5e-05 frz=0 hub=0.000 clmp=0
[fpll t= 94.94s] nco_freq_hz=-2690068.3 mean|x|=0.02993 rms_x=0.03763 max|x|=0.2921 in_rms=107.0 out_rms=4.8
[eq-long t= 94.53s] fs=3608 fs_err_rms=0.5266 |taps|=1.383 mu=5e-05 frz=0 hub=0.000 clmp=0
[mer-probe long] dd_err_rms=0.4907 dd_mer=20.16
[eq-long t= 94.74s] fs=3616 fs_err_rms=0.5334 |taps|=1.385 mu=5e-05 frz=0 hub=0.000 clmp=0
[fpll t= 95.20s] nco_freq_hz=-2690063.9 mean|x|=0.03013 rms_x=0.03790 max|x|=0.2777 in_rms=106.9 out_rms=4.8
[eq-long t= 94.96s] fs=3624 fs_err_rms=0.5168 |taps|=1.387 mu=5e-05 frz=0 hub=0.000 clmp=0
[fpll t= 95.45s] nco_freq_hz=-2690063.3 mean|x|=0.03019 rms_x=0.03799 max|x|=0.2530 in_rms=107.3 out_rms=4.8
[mer-probe long] dd_err_rms=0.4925 dd_mer=20.13
[eq-long t= 95.18s] fs=3632 fs_err_rms=0.5368 |taps|=1.382 mu=5e-05 frz=0 hub=0.000 clmp=0
[fpll t= 95.71s] nco_freq_hz=-2690069.7 mean|x|=0.03011 rms_x=0.03787 max|x|=0.2346 in_rms=107.4 out_rms=4.8
[eq-long t= 95.40s] fs=3640 fs_err_rms=0.5419 |taps|=1.383 mu=5e-05 frz=0 hub=0.000 clmp=0
[fpll t= 95.97s] nco_freq_hz=-2690067.7 mean|x|=0.03029 rms_x=0.03809 max|x|=0.2475 in_rms=107.4 out_rms=4.8
[eq-long t= 95.65s] fs=3648 fs_err_rms=0.5496 |taps|=1.383 mu=5e-05 frz=0 hub=0.000 clmp=0
[mer-probe long] dd_err_rms=0.4914 dd_mer=20.15
[fpll t= 96.21s] nco_freq_hz=-2690066.4 mean|x|=0.03018 rms_x=0.03796 max|x|=0.2620 in_rms=107.6 out_rms=4.8
[eq-long t= 95.87s] fs=3656 fs_err_rms=0.5279 |taps|=1.385 mu=5e-05 frz=0 hub=0.000 clmp=0
[fpll t= 96.49s] nco_freq_hz=-2690067.9 mean|x|=0.03015 rms_x=0.03790 max|x|=0.2310 in_rms=108.0 out_rms=4.8
[eq-long t= 96.09s] fs=3664 fs_err_rms=0.5255 |taps|=1.384 mu=5e-05 frz=0 hub=0.000 clmp=0
[fpll t= 96.71s] nco_freq_hz=-2690068.7 mean|x|=0.03037 rms_x=0.03816 max|x|=0.2676 in_rms=107.9 out_rms=4.8
[mer-probe long] dd_err_rms=0.4921 dd_mer=20.14
[eq-long t= 96.33s] fs=3672 fs_err_rms=0.5410 |taps|=1.384 mu=5e-05 frz=0 hub=0.000 clmp=0
[fpll t= 96.95s] nco_freq_hz=-2690068.2 mean|x|=0.03016 rms_x=0.03796 max|x|=0.2852 in_rms=107.8 out_rms=4.8
[eq-long t= 96.52s] fs=3680 fs_err_rms=0.5288 |taps|=1.382 mu=5e-05 frz=0 hub=0.000 clmp=0
[eq-long t= 96.69s] fs=3688 fs_err_rms=0.5285 |taps|=1.384 mu=5e-05 frz=0 hub=0.000 clmp=0
[fpll t= 97.17s] nco_freq_hz=-2690065.4 mean|x|=0.03023 rms_x=0.03805 max|x|=0.2540 in_rms=107.9 out_rms=4.8
[mer-probe long] dd_err_rms=0.4913 dd_mer=20.15
[eq-long t= 96.94s] fs=3696 fs_err_rms=0.5358 |taps|=1.386 mu=5e-05 frz=0 hub=0.000 clmp=0
[fpll t= 97.44s] nco_freq_hz=-2690063.1 mean|x|=0.03033 rms_x=0.03816 max|x|=0.2751 in_rms=108.1 out_rms=4.8
[eq-long t= 97.16s] fs=3704 fs_err_rms=0.5393 |taps|=1.385 mu=5e-05 frz=0 hub=0.000 clmp=0
[fpll t= 97.67s] nco_freq_hz=-2690063.4 mean|x|=0.03039 rms_x=0.03819 max|x|=0.2626 in_rms=108.2 out_rms=4.8
[mer-probe long] dd_err_rms=0.4924 dd_mer=20.13
[eq-long t= 97.34s] fs=3712 fs_err_rms=0.5297 |taps|=1.386 mu=5e-05 frz=0 hub=0.000 clmp=0
OsO[fpll t= 97.95s] nco_freq_hz=-2690069.7 mean|x|=0.03017 rms_x=0.03792 max|x|=0.3045 in_rms=108.3 out_rms=4.8
[eq-long t= 97.58s] fs=3720 fs_err_rms=0.5377 |taps|=1.388 mu=5e-05 frz=0 hub=0.000 clmp=0
[fpll t= 98.19s] nco_freq_hz=-2690066.6 mean|x|=0.03017 rms_x=0.03792 max|x|=0.2293 in_rms=108.3 out_rms=4.8
[eq-long t= 97.83s] fs=3728 fs_err_rms=0.5333 |taps|=1.389 mu=5e-05 frz=0 hub=0.000 clmp=0
[mer-probe long] dd_err_rms=0.4923 dd_mer=20.13
[fpll t= 98.47s] nco_freq_hz=-2690068.8 mean|x|=0.03070 rms_x=0.03977 max|x|=0.6034 in_rms=107.8 out_rms=4.8
[eq-long t= 98.06s] fs=3736 fs_err_rms=0.5742 |taps|=1.384 mu=5e-05 frz=0 hub=0.000 clmp=0
[fpll t= 98.72s] nco_freq_hz=-2690068.0 mean|x|=0.03009 rms_x=0.03783 max|x|=0.2607 in_rms=107.6 out_rms=4.8
[eq-long t= 98.29s] fs=3744 fs_err_rms=0.5904 |taps|=1.382 mu=5e-05 frz=0 hub=0.000 clmp=0
[mer-probe long] dd_err_rms=0.4952 dd_mer=20.08
[eq-long t= 98.49s] fs=3752 fs_err_rms=0.5428 |taps|=1.384 mu=5e-05 frz=0 hub=0.000 clmp=0
[fpll t= 98.99s] nco_freq_hz=-2690065.0 mean|x|=0.02999 rms_x=0.03770 max|x|=0.2788 in_rms=107.8 out_rms=4.8
[eq-long t= 98.72s] fs=3760 fs_err_rms=0.5429 |taps|=1.384 mu=5e-05 frz=0 hub=0.000 clmp=0
[fpll t= 99.24s] nco_freq_hz=-2690066.0 mean|x|=0.03030 rms_x=0.03814 max|x|=0.2571 in_rms=108.3 out_rms=4.8
[mer-probe long] dd_err_rms=0.4927 dd_mer=20.13
[eq-long t= 98.94s] fs=3768 fs_err_rms=0.5404 |taps|=1.380 mu=5e-05 frz=0 hub=0.000 clmp=0
[fpll t= 99.48s] nco_freq_hz=-2690066.5 mean|x|=0.02997 rms_x=0.03770 max|x|=0.2846 in_rms=108.4 out_rms=4.8
[eq-long t= 99.16s] fs=3776 fs_err_rms=0.5315 |taps|=1.384 mu=5e-05 frz=0 hub=0.000 clmp=0
[fpll t= 99.75s] nco_freq_hz=-2690066.2 mean|x|=0.02992 rms_x=0.03759 max|x|=0.2367 in_rms=108.1 out_rms=4.8
[eq-long t= 99.40s] fs=3784 fs_err_rms=0.5484 |taps|=1.383 mu=5e-05 frz=0 hub=0.000 clmp=0
[mer-probe long] dd_err_rms=0.4928 dd_mer=20.13
[fpll t= 99.98s] nco_freq_hz=-2690071.0 mean|x|=0.03011 rms_x=0.03789 max|x|=0.2921 in_rms=108.0 out_rms=4.8
[eq-long t= 99.60s] fs=3792 fs_err_rms=0.5480 |taps|=1.386 mu=5e-05 frz=0 hub=0.000 clmp=0
[fpll t=100.29s] nco_freq_hz=-2690067.1 mean|x|=0.02980 rms_x=0.03746 max|x|=0.3005 in_rms=107.9 out_rms=4.8
[eq-long t= 99.88s] fs=3800 fs_err_rms=0.5534 |taps|=1.382 mu=5e-05 frz=0 hub=0.000 clmp=0
[mer-probe long] dd_err_rms=0.4920 dd_mer=20.14
[eq-long t=100.05s] fs=3808 fs_err_rms=0.5502 |taps|=1.384 mu=5e-05 frz=0 hub=0.000 clmp=0
[fpll t=100.50s] nco_freq_hz=-2690068.6 mean|x|=0.03004 rms_x=0.03780 max|x|=0.3640 in_rms=107.8 out_rms=4.8
[eq-long t=100.21s] fs=3816 fs_err_rms=0.5753 |taps|=1.385 mu=5e-05 frz=0 hub=0.000 clmp=0
[fpll t=100.69s] nco_freq_hz=-2690069.3 mean|x|=0.02997 rms_x=0.03767 max|x|=0.2469 in_rms=107.8 out_rms=4.8
[eq-long t=100.39s] fs=3824 fs_err_rms=0.5544 |taps|=1.381 mu=5e-05 frz=0 hub=0.000 clmp=0
[mer-probe long] dd_err_rms=0.4916 dd_mer=20.15
[fpll t=100.88s] nco_freq_hz=-2690069.2 mean|x|=0.02998 rms_x=0.03771 max|x|=0.2489 in_rms=107.9 out_rms=4.8
[eq-long t=100.56s] fs=3832 fs_err_rms=0.5339 |taps|=1.387 mu=5e-05 frz=0 hub=0.000 clmp=0
[fpll t=101.09s] nco_freq_hz=-2690065.9 mean|x|=0.02986 rms_x=0.03754 max|x|=0.2524 in_rms=107.8 out_rms=4.8
[eq-long t=100.73s] fs=3840 fs_err_rms=0.5676 |taps|=1.383 mu=5e-05 frz=0 hub=0.000 clmp=0
[mer-probe long] dd_err_rms=0.4919 dd_mer=20.14
[fpll t=101.28s] nco_freq_hz=-2690067.7 mean|x|=0.03016 rms_x=0.03797 max|x|=0.3176 in_rms=107.8 out_rms=4.8
[eq-long t=100.91s] fs=3848 fs_err_rms=0.5487 |taps|=1.383 mu=5e-05 frz=0 hub=0.000 clmp=0
[fpll t=101.47s] nco_freq_hz=-2690066.9 mean|x|=0.02997 rms_x=0.03769 max|x|=0.2738 in_rms=107.4 out_rms=4.8
[eq-long t=101.09s] fs=3856 fs_err_rms=0.5416 |taps|=1.384 mu=5e-05 frz=0 hub=0.000 clmp=0
[fpll t=101.72s] nco_freq_hz=-2690062.8 mean|x|=0.02972 rms_x=0.03738 max|x|=0.2578 in_rms=107.4 out_rms=4.8
[mer-probe long] dd_err_rms=0.4932 dd_mer=20.12
[eq-long t=101.32s] fs=3864 fs_err_rms=0.5520 |taps|=1.384 mu=5e-05 frz=0 hub=0.000 clmp=0
[eq-long t=101.56s] fs=3872 fs_err_rms=0.5584 |taps|=1.380 mu=5e-05 frz=0 hub=0.000 clmp=0
[fpll t=102.00s] nco_freq_hz=-2690067.6 mean|x|=0.03017 rms_x=0.03794 max|x|=0.2494 in_rms=107.6 out_rms=4.8
[eq-long t=101.79s] fs=3880 fs_err_rms=0.5570 |taps|=1.381 mu=5e-05 frz=0 hub=0.000 clmp=0
[fpll t=102.27s] nco_freq_hz=-2690066.7 mean|x|=0.03003 rms_x=0.03779 max|x|=0.2961 in_rms=107.8 out_rms=4.8
[mer-probe long] dd_err_rms=0.4924 dd_mer=20.13
[eq-long t=102.03s] fs=3888 fs_err_rms=0.5517 |taps|=1.387 mu=5e-05 frz=0 hub=0.000 clmp=0
[fpll t=102.53s] nco_freq_hz=-2690065.2 mean|x|=0.02992 rms_x=0.03760 max|x|=0.2365 in_rms=108.1 out_rms=4.8
[eq-long t=102.24s] fs=3896 fs_err_rms=0.5431 |taps|=1.384 mu=5e-05 frz=0 hub=0.000 clmp=0
[fpll t=102.78s] nco_freq_hz=-2690066.7 mean|x|=0.02987 rms_x=0.03752 max|x|=0.2699 in_rms=108.4 out_rms=4.8
[mer-probe long] dd_err_rms=0.4919 dd_mer=20.14
[eq-long t=102.48s] fs=3904 fs_err_rms=0.5690 |taps|=1.383 mu=5e-05 frz=0 hub=0.000 clmp=0
[fpll t=103.04s] nco_freq_hz=-2690065.0 mean|x|=0.02997 rms_x=0.03770 max|x|=0.2660 in_rms=108.7 out_rms=4.8
[eq-long t=102.68s] fs=3912 fs_err_rms=0.5438 |taps|=1.383 mu=5e-05 frz=0 hub=0.000 clmp=0
[fpll t=103.30s] nco_freq_hz=-2690067.2 mean|x|=0.02981 rms_x=0.03748 max|x|=0.3445 in_rms=108.7 out_rms=4.8
[eq-long t=102.91s] fs=3920 fs_err_rms=0.5325 |taps|=1.384 mu=5e-05 frz=0 hub=0.000 clmp=0
[mer-probe long] dd_err_rms=0.4916 dd_mer=20.15
[fpll t=103.56s] nco_freq_hz=-2690066.2 mean|x|=0.02992 rms_x=0.03763 max|x|=0.3120 in_rms=108.5 out_rms=4.8
[eq-long t=103.16s] fs=3928 fs_err_rms=0.5496 |taps|=1.382 mu=5e-05 frz=0 hub=0.000 clmp=0
[eq-long t=103.37s] fs=3936 fs_err_rms=0.5589 |taps|=1.384 mu=5e-05 frz=0 hub=0.000 clmp=0
[fpll t=103.82s] nco_freq_hz=-2690066.3 mean|x|=0.03001 rms_x=0.03771 max|x|=0.2254 in_rms=108.8 out_rms=4.8
[mer-probe long] dd_err_rms=0.4927 dd_mer=20.13
[eq-long t=103.59s] fs=3944 fs_err_rms=0.5346 |taps|=1.384 mu=5e-05 frz=0 hub=0.000 clmp=0
[fpll t=104.08s] nco_freq_hz=-2690068.4 mean|x|=0.02979 rms_x=0.03744 max|x|=0.2414 in_rms=109.0 out_rms=4.8
[eq-long t=103.82s] fs=3952 fs_err_rms=0.5328 |taps|=1.382 mu=5e-05 frz=0 hub=0.000 clmp=0
[fpll t=104.32s] nco_freq_hz=-2690065.1 mean|x|=0.03005 rms_x=0.03778 max|x|=0.2611 in_rms=108.8 out_rms=4.8
[eq-long t=104.05s] fs=3960 fs_err_rms=0.5402 |taps|=1.380 mu=5e-05 frz=0 hub=0.000 clmp=0
[mer-probe long] dd_err_rms=0.4910 dd_mer=20.16
[fpll t=104.58s] nco_freq_hz=-2690064.7 mean|x|=0.03008 rms_x=0.03784 max|x|=0.2586 in_rms=108.7 out_rms=4.8
[eq-long t=104.24s] fs=3968 fs_err_rms=0.5431 |taps|=1.385 mu=5e-05 frz=0 hub=0.000 clmp=0
[fpll t=104.83s] nco_freq_hz=-2690069.8 mean|x|=0.03009 rms_x=0.03782 max|x|=0.2284 in_rms=108.6 out_rms=4.8
[eq-long t=104.48s] fs=3976 fs_err_rms=0.5526 |taps|=1.383 mu=5e-05 frz=0 hub=0.000 clmp=0
[mer-probe long] dd_err_rms=0.4923 dd_mer=20.13
[fpll t=105.08s] nco_freq_hz=-2690067.0 mean|x|=0.02990 rms_x=0.03759 max|x|=0.2640 in_rms=108.4 out_rms=4.8
[eq-long t=104.69s] fs=3984 fs_err_rms=0.5507 |taps|=1.382 mu=5e-05 frz=0 hub=0.000 clmp=0
[fpll t=105.34s] nco_freq_hz=-2690063.6 mean|x|=0.03003 rms_x=0.03779 max|x|=0.2510 in_rms=108.3 out_rms=4.8
[eq-long t=104.93s] fs=3992 fs_err_rms=0.5440 |taps|=1.379 mu=5e-05 frz=0 hub=0.000 clmp=0
[mer-probe long] dd_err_rms=0.4928 dd_mer=20.13
[eq-long t=105.16s] fs=4000 fs_err_rms=0.5355 |taps|=1.383 mu=5e-05 frz=0 hub=0.000 clmp=0
[fpll t=105.61s] nco_freq_hz=-2690068.1 mean|x|=0.02988 rms_x=0.03756 max|x|=0.2483 in_rms=108.1 out_rms=4.8
[eq-long t=105.39s] fs=4008 fs_err_rms=0.5527 |taps|=1.384 mu=5e-05 frz=0 hub=0.000 clmp=0
[fpll t=105.85s] nco_freq_hz=-2690069.7 mean|x|=0.03012 rms_x=0.03787 max|x|=0.2481 in_rms=108.1 out_rms=4.8
[eq-long t=105.59s] fs=4016 fs_err_rms=0.5596 |taps|=1.381 mu=5e-05 frz=0 hub=0.000 clmp=0
[mer-probe long] dd_err_rms=0.4928 dd_mer=20.13
[fpll t=106.10s] nco_freq_hz=-2690070.2 mean|x|=0.03019 rms_x=0.03800 max|x|=0.2578 in_rms=108.0 out_rms=4.8
[eq-long t=105.82s] fs=4024 fs_err_rms=0.5509 |taps|=1.383 mu=5e-05 frz=0 hub=0.000 clmp=0
[fpll t=106.37s] nco_freq_hz=-2690068.4 mean|x|=0.02994 rms_x=0.03764 max|x|=0.2368 in_rms=108.0 out_rms=4.8
[eq-long t=106.03s] fs=4032 fs_err_rms=0.5502 |taps|=1.384 mu=5e-05 frz=0 hub=0.000 clmp=0
[fpll t=106.62s] nco_freq_hz=-2690065.7 mean|x|=0.03002 rms_x=0.03775 max|x|=0.3494 in_rms=107.9 out_rms=4.8
[mer-probe long] dd_err_rms=0.4922 dd_mer=20.14
[eq-long t=106.27s] fs=4040 fs_err_rms=0.5442 |taps|=1.380 mu=5e-05 frz=0 hub=0.000 clmp=0
[fpll t=106.88s] nco_freq_hz=-2690066.7 mean|x|=0.02995 rms_x=0.03765 max|x|=0.2412 in_rms=108.2 out_rms=4.8
[eq-long t=106.47s] fs=4048 fs_err_rms=0.5337 |taps|=1.384 mu=5e-05 frz=0 hub=0.000 clmp=0
[fpll t=107.07s] nco_freq_hz=-2690068.0 mean|x|=0.02989 rms_x=0.03760 max|x|=0.2851 in_rms=108.4 out_rms=4.8
[eq-long t=106.66s] fs=4056 fs_err_rms=0.5314 |taps|=1.384 mu=5e-05 frz=0 hub=0.000 clmp=0
[mer-probe long] dd_err_rms=0.4924 dd_mer=20.13
[fpll t=107.27s] nco_freq_hz=-2690065.7 mean|x|=0.03010 rms_x=0.03789 max|x|=0.2500 in_rms=108.3 out_rms=4.8
[eq-long t=106.82s] fs=4064 fs_err_rms=0.5411 |taps|=1.382 mu=5e-05 frz=0 hub=0.000 clmp=0
[eq-long t=106.98s] fs=4072 fs_err_rms=0.5538 |taps|=1.382 mu=5e-05 frz=0 hub=0.000 clmp=0
[fpll t=107.47s] nco_freq_hz=-2690067.6 mean|x|=0.03021 rms_x=0.03802 max|x|=0.3024 in_rms=108.1 out_rms=4.8
[mer-probe long] dd_err_rms=0.4913 dd_mer=20.15
[eq-long t=107.17s] fs=4080 fs_err_rms=0.5397 |taps|=1.382 mu=5e-05 frz=0 hub=0.000 clmp=0
[fpll t=107.67s] nco_freq_hz=-2690068.1 mean|x|=0.03002 rms_x=0.03772 max|x|=0.2388 in_rms=107.6 out_rms=4.8
[eq-long t=107.34s] fs=4088 fs_err_rms=0.5569 |taps|=1.380 mu=5e-05 frz=0 hub=0.000 clmp=0
[fpll t=107.87s] nco_freq_hz=-2690067.6 mean|x|=0.02974 rms_x=0.03743 max|x|=0.3628 in_rms=107.2 out_rms=4.8
[mer-probe long] dd_err_rms=0.4915 dd_mer=20.15
[eq-long t=107.54s] fs=4096 fs_err_rms=0.5157 |taps|=1.384 mu=5e-05 frz=0 hub=0.000 clmp=0
[fpll t=108.11s] nco_freq_hz=-2690067.5 mean|x|=0.03015 rms_x=0.03792 max|x|=0.2820 in_rms=106.7 out_rms=4.8
[eq-long t=107.76s] fs=4104 fs_err_rms=0.5318 |taps|=1.384 mu=5e-05 frz=0 hub=0.000 clmp=0
[fpll t=108.37s] nco_freq_hz=-2690071.1 mean|x|=0.03006 rms_x=0.03777 max|x|=0.2695 in_rms=106.6 out_rms=4.8
[eq-long t=108.02s] fs=4112 fs_err_rms=0.5269 |taps|=1.385 mu=5e-05 frz=0 hub=0.000 clmp=0
[mer-probe long] dd_err_rms=0.4920 dd_mer=20.14
[fpll t=108.64s] nco_freq_hz=-2690068.6 mean|x|=0.02997 rms_x=0.03770 max|x|=0.2374 in_rms=106.6 out_rms=4.8
[eq-long t=108.25s] fs=4120 fs_err_rms=0.5376 |taps|=1.383 mu=5e-05 frz=0 hub=0.000 clmp=0
[fpll t=108.87s] nco_freq_hz=-2690067.9 mean|x|=0.03016 rms_x=0.03793 max|x|=0.2992 in_rms=106.9 out_rms=4.8
[eq-long t=108.45s] fs=4128 fs_err_rms=0.5259 |taps|=1.381 mu=5e-05 frz=0 hub=0.000 clmp=0
[mer-probe long] dd_err_rms=0.4930 dd_mer=20.12
[eq-long t=108.67s] fs=4136 fs_err_rms=0.5236 |taps|=1.384 mu=5e-05 frz=0 hub=0.000 clmp=0
[fpll t=109.12s] nco_freq_hz=-2690062.7 mean|x|=0.02995 rms_x=0.03766 max|x|=0.2465 in_rms=106.9 out_rms=4.8
OsO[eq-long t=108.89s] fs=4144 fs_err_rms=0.5411 |taps|=1.382 mu=5e-05 frz=0 hub=0.000 clmp=0
[fpll t=109.38s] nco_freq_hz=-2690066.7 mean|x|=0.03015 rms_x=0.03793 max|x|=0.3823 in_rms=107.2 out_rms=4.8
[eq-long t=109.12s] fs=4152 fs_err_rms=0.5328 |taps|=1.382 mu=5e-05 frz=0 hub=0.000 clmp=0
[fpll t=109.59s] nco_freq_hz=-2690067.6 mean|x|=0.02996 rms_x=0.03768 max|x|=0.2566 in_rms=107.2 out_rms=4.8
[mer-probe long] dd_err_rms=0.4952 dd_mer=20.08
[eq-long t=109.33s] fs=4160 fs_err_rms=0.5559 |taps|=1.379 mu=5e-05 frz=0 hub=0.000 clmp=0
[fpll t=109.86s] nco_freq_hz=-2690068.2 mean|x|=0.02996 rms_x=0.03771 max|x|=0.2527 in_rms=107.1 out_rms=4.8
[eq-long t=109.55s] fs=4168 fs_err_rms=0.5443 |taps|=1.379 mu=5e-05 frz=0 hub=0.000 clmp=0
[mer-probe long] dd_err_rms=0.4927 dd_mer=20.13
[fpll t=110.13s] nco_freq_hz=-2690070.1 mean|x|=0.02987 rms_x=0.03755 max|x|=0.3081 in_rms=107.1 out_rms=4.8
[eq-long t=109.79s] fs=4176 fs_err_rms=0.5511 |taps|=1.380 mu=5e-05 frz=0 hub=0.000 clmp=0
[fpll t=110.39s] nco_freq_hz=-2690067.3 mean|x|=0.02997 rms_x=0.03765 max|x|=0.3100 in_rms=107.0 out_rms=4.8
[eq-long t=110.01s] fs=4184 fs_err_rms=0.5539 |taps|=1.378 mu=5e-05 frz=0 hub=0.000 clmp=0
[fpll t=110.65s] nco_freq_hz=-2690068.8 mean|x|=0.02993 rms_x=0.03767 max|x|=0.2544 in_rms=106.8 out_rms=4.8
[mer-probe long] dd_err_rms=0.4933 dd_mer=20.12
[eq-long t=110.24s] fs=4192 fs_err_rms=0.5290 |taps|=1.378 mu=5e-05 frz=0 hub=0.000 clmp=0
[fpll t=110.90s] nco_freq_hz=-2690068.4 mean|x|=0.02972 rms_x=0.03738 max|x|=0.2433 in_rms=106.5 out_rms=4.8
[eq-long t=110.47s] fs=4200 fs_err_rms=0.5449 |taps|=1.381 mu=5e-05 frz=0 hub=0.000 clmp=0
[eq-long t=110.67s] fs=4208 fs_err_rms=0.5526 |taps|=1.383 mu=5e-05 frz=0 hub=0.000 clmp=0
[fpll t=111.17s] nco_freq_hz=-2690070.0 mean|x|=0.03009 rms_x=0.03783 max|x|=0.2438 in_rms=106.4 out_rms=4.8
[mer-probe long] dd_err_rms=0.4936 dd_mer=20.11
[eq-long t=110.95s] fs=4216 fs_err_rms=0.5540 |taps|=1.378 mu=5e-05 frz=0 hub=0.000 clmp=0
[fpll t=111.47s] nco_freq_hz=-2690072.3 mean|x|=0.02991 rms_x=0.03761 max|x|=0.2577 in_rms=106.6 out_rms=4.8
[eq-long t=111.18s] fs=4224 fs_err_rms=0.5393 |taps|=1.382 mu=5e-05 frz=0 hub=0.000 clmp=0
[fpll t=111.71s] nco_freq_hz=-2690068.7 mean|x|=0.02989 rms_x=0.03756 max|x|=0.3451 in_rms=106.8 out_rms=4.8
[mer-probe long] dd_err_rms=0.4918 dd_mer=20.14
[eq-long t=111.37s] fs=4232 fs_err_rms=0.5450 |taps|=1.382 mu=5e-05 frz=0 hub=0.000 clmp=0
[fpll t=111.90s] nco_freq_hz=-2690068.5 mean|x|=0.02993 rms_x=0.03764 max|x|=0.2679 in_rms=106.9 out_rms=4.8
[eq-long t=111.53s] fs=4240 fs_err_rms=0.5503 |taps|=1.379 mu=5e-05 frz=0 hub=0.000 clmp=0
[fpll t=112.09s] nco_freq_hz=-2690070.8 mean|x|=0.03015 rms_x=0.03791 max|x|=0.2615 in_rms=107.7 out_rms=4.8
[eq-long t=111.69s] fs=4248 fs_err_rms=0.5557 |taps|=1.374 mu=5e-05 frz=0 hub=0.000 clmp=0
[mer-probe long] dd_err_rms=0.4918 dd_mer=20.14
[fpll t=112.29s] nco_freq_hz=-2690067.1 mean|x|=0.02996 rms_x=0.03765 max|x|=0.3409 in_rms=108.1 out_rms=4.8
[eq-long t=111.87s] fs=4256 fs_err_rms=0.5489 |taps|=1.380 mu=5e-05 frz=0 hub=0.000 clmp=0
[fpll t=112.53s] nco_freq_hz=-2690066.4 mean|x|=0.03004 rms_x=0.03774 max|x|=0.2490 in_rms=107.9 out_rms=4.8
[eq-long t=112.09s] fs=4264 fs_err_rms=0.5529 |taps|=1.378 mu=5e-05 frz=0 hub=0.000 clmp=0
[mer-probe long] dd_err_rms=0.4908 dd_mer=20.16
[eq-long t=112.32s] fs=4272 fs_err_rms=0.5491 |taps|=1.380 mu=5e-05 frz=0 hub=0.000 clmp=0
[fpll t=112.81s] nco_freq_hz=-2690067.4 mean|x|=0.03000 rms_x=0.03776 max|x|=0.2453 in_rms=107.6 out_rms=4.8
[eq-long t=112.56s] fs=4280 fs_err_rms=0.5364 |taps|=1.381 mu=5e-05 frz=0 hub=0.000 clmp=0
[fpll t=113.07s] nco_freq_hz=-2690068.6 mean|x|=0.03006 rms_x=0.03782 max|x|=0.3007 in_rms=107.3 out_rms=4.8
[eq-long t=112.80s] fs=4288 fs_err_rms=0.5519 |taps|=1.382 mu=5e-05 frz=0 hub=0.000 clmp=0
[mer-probe long] dd_err_rms=0.4935 dd_mer=20.11
[fpll t=113.34s] nco_freq_hz=-2690065.1 mean|x|=0.03012 rms_x=0.03790 max|x|=0.3118 in_rms=106.8 out_rms=4.8
[eq-long t=113.05s] fs=4296 fs_err_rms=0.5357 |taps|=1.378 mu=5e-05 frz=0 hub=0.000 clmp=0
[fpll t=113.61s] nco_freq_hz=-2690069.3 mean|x|=0.03001 rms_x=0.03771 max|x|=0.2224 in_rms=106.5 out_rms=4.8
[eq-long t=113.27s] fs=4304 fs_err_rms=0.5527 |taps|=1.377 mu=5e-05 frz=0 hub=0.000 clmp=0
[mer-probe long] dd_err_rms=0.4918 dd_mer=20.14
[fpll t=113.86s] nco_freq_hz=-2690067.5 mean|x|=0.02995 rms_x=0.03766 max|x|=0.2415 in_rms=106.3 out_rms=4.8
[eq-long t=113.50s] fs=4312 fs_err_rms=0.5673 |taps|=1.381 mu=5e-05 frz=0 hub=0.000 clmp=0
[fpll t=114.12s] nco_freq_hz=-2690066.6 mean|x|=0.03011 rms_x=0.03785 max|x|=0.2572 in_rms=106.6 out_rms=4.8
[eq-long t=113.70s] fs=4320 fs_err_rms=0.5538 |taps|=1.380 mu=5e-05 frz=0 hub=0.000 clmp=0
[mer-probe long] dd_err_rms=0.4923 dd_mer=20.13
[eq-long t=113.93s] fs=4328 fs_err_rms=0.5494 |taps|=1.383 mu=5e-05 frz=0 hub=0.000 clmp=0
[fpll t=114.40s] nco_freq_hz=-2690064.2 mean|x|=0.03006 rms_x=0.03783 max|x|=0.2185 in_rms=106.6 out_rms=4.8
[eq-long t=114.18s] fs=4336 fs_err_rms=0.5403 |taps|=1.378 mu=5e-05 frz=0 hub=0.000 clmp=0
[fpll t=114.65s] nco_freq_hz=-2690067.4 mean|x|=0.03009 rms_x=0.03785 max|x|=0.3077 in_rms=106.6 out_rms=4.8
[eq-long t=114.41s] fs=4344 fs_err_rms=0.5386 |taps|=1.381 mu=5e-05 frz=0 hub=0.000 clmp=0
[fpll t=114.91s] nco_freq_hz=-2690066.9 mean|x|=0.02975 rms_x=0.03741 max|x|=0.2482 in_rms=106.7 out_rms=4.8
[mer-probe long] dd_err_rms=0.4932 dd_mer=20.12
[eq-long t=114.65s] fs=4352 fs_err_rms=0.5539 |taps|=1.381 mu=5e-05 frz=0 hub=0.000 clmp=0
[fpll t=115.17s] nco_freq_hz=-2690063.6 mean|x|=0.03005 rms_x=0.03778 max|x|=0.2462 in_rms=107.0 out_rms=4.8
[eq-long t=114.88s] fs=4360 fs_err_rms=0.5610 |taps|=1.379 mu=5e-05 frz=0 hub=0.000 clmp=0
[fpll t=115.42s] nco_freq_hz=-2690067.4 mean|x|=0.02969 rms_x=0.03734 max|x|=0.2789 in_rms=106.9 out_rms=4.8
[mer-probe long] dd_err_rms=0.4920 dd_mer=20.14
[eq-long t=115.08s] fs=4368 fs_err_rms=0.5382 |taps|=1.383 mu=5e-05 frz=0 hub=0.000 clmp=0
[fpll t=115.69s] nco_freq_hz=-2690068.5 mean|x|=0.02983 rms_x=0.03750 max|x|=0.3130 in_rms=107.1 out_rms=4.8
[eq-long t=115.31s] fs=4376 fs_err_rms=0.5403 |taps|=1.382 mu=5e-05 frz=0 hub=0.000 clmp=0
[fpll t=115.94s] nco_freq_hz=-2690065.9 mean|x|=0.02997 rms_x=0.03768 max|x|=0.2791 in_rms=107.1 out_rms=4.8
[eq-long t=115.54s] fs=4384 fs_err_rms=0.5579 |taps|=1.383 mu=5e-05 frz=0 hub=0.000 clmp=0
[mer-probe long] dd_err_rms=0.4917 dd_mer=20.15
[eq-long t=115.75s] fs=4392 fs_err_rms=0.5315 |taps|=1.382 mu=5e-05 frz=0 hub=0.000 clmp=0
[fpll t=116.19s] nco_freq_hz=-2690066.0 mean|x|=0.02977 rms_x=0.03744 max|x|=0.2708 in_rms=107.4 out_rms=4.8
[eq-long t=116.00s] fs=4400 fs_err_rms=0.5504 |taps|=1.382 mu=5e-05 frz=0 hub=0.000 clmp=0
[fpll t=116.45s] nco_freq_hz=-2690070.3 mean|x|=0.02979 rms_x=0.03748 max|x|=0.2926 in_rms=107.3 out_rms=4.8
[mer-probe long] dd_err_rms=0.4918 dd_mer=20.14
[eq-long t=116.21s] fs=4408 fs_err_rms=0.5431 |taps|=1.382 mu=5e-05 frz=0 hub=0.000 clmp=0
[fpll t=116.72s] nco_freq_hz=-2690069.3 mean|x|=0.02998 rms_x=0.03773 max|x|=0.2990 in_rms=107.0 out_rms=4.8
[eq-long t=116.43s] fs=4416 fs_err_rms=0.5511 |taps|=1.381 mu=5e-05 frz=0 hub=0.000 clmp=0
[fpll t=116.98s] nco_freq_hz=-2690064.3 mean|x|=0.03005 rms_x=0.03781 max|x|=0.2414 in_rms=106.9 out_rms=4.8
[mer-probe long] dd_err_rms=0.4931 dd_mer=20.12
[eq-long t=116.67s] fs=4424 fs_err_rms=0.5493 |taps|=1.384 mu=5e-05 frz=0 hub=0.000 clmp=0
[fpll t=117.20s] nco_freq_hz=-2690067.2 mean|x|=0.03010 rms_x=0.03787 max|x|=0.2643 in_rms=106.5 out_rms=4.8
[eq-long t=116.83s] fs=4432 fs_err_rms=0.5595 |taps|=1.384 mu=5e-05 frz=0 hub=0.000 clmp=0
[fpll t=117.41s] nco_freq_hz=-2690066.3 mean|x|=0.02994 rms_x=0.03767 max|x|=0.2595 in_rms=106.0 out_rms=4.8
[eq-long t=117.01s] fs=4440 fs_err_rms=0.5492 |taps|=1.382 mu=5e-05 frz=0 hub=0.000 clmp=0
[mer-probe long] dd_err_rms=0.4924 dd_mer=20.13
[fpll t=117.60s] nco_freq_hz=-2690065.0 mean|x|=0.02989 rms_x=0.03760 max|x|=0.3193 in_rms=105.7 out_rms=4.8
[eq-long t=117.19s] fs=4448 fs_err_rms=0.5379 |taps|=1.382 mu=5e-05 frz=0 hub=0.000 clmp=0
[eq-long t=117.35s] fs=4456 fs_err_rms=0.5525 |taps|=1.383 mu=5e-05 frz=0 hub=0.000 clmp=0
[fpll t=117.79s] nco_freq_hz=-2690069.3 mean|x|=0.03000 rms_x=0.03770 max|x|=0.2573 in_rms=105.6 out_rms=4.8
[mer-probe long] dd_err_rms=0.4922 dd_mer=20.14
[eq-long t=117.51s] fs=4464 fs_err_rms=0.5402 |taps|=1.382 mu=5e-05 frz=0 hub=0.000 clmp=0
[fpll t=117.99s] nco_freq_hz=-2690071.3 mean|x|=0.02992 rms_x=0.03763 max|x|=0.3032 in_rms=105.7 out_rms=4.8
[eq-long t=117.70s] fs=4472 fs_err_rms=0.5510 |taps|=1.383 mu=5e-05 frz=0 hub=0.000 clmp=0
[fpll t=118.22s] nco_freq_hz=-2690067.2 mean|x|=0.03002 rms_x=0.03776 max|x|=0.2471 in_rms=106.2 out_rms=4.8
[eq-long t=117.93s] fs=4480 fs_err_rms=0.5690 |taps|=1.383 mu=5e-05 frz=0 hub=0.000 clmp=0
[mer-probe long] dd_err_rms=0.4922 dd_mer=20.14
[fpll t=118.48s] nco_freq_hz=-2690067.1 mean|x|=0.02996 rms_x=0.03767 max|x|=0.2600 in_rms=106.3 out_rms=4.8
[eq-long t=118.17s] fs=4488 fs_err_rms=0.5469 |taps|=1.383 mu=5e-05 frz=0 hub=0.000 clmp=0
[fpll t=118.70s] nco_freq_hz=-2690070.6 mean|x|=0.03000 rms_x=0.03771 max|x|=0.2844 in_rms=106.6 out_rms=4.8
[eq-long t=118.37s] fs=4496 fs_err_rms=0.5443 |taps|=1.380 mu=5e-05 frz=0 hub=0.000 clmp=0
[mer-probe long] dd_err_rms=0.4938 dd_mer=20.11
[fpll t=118.97s] nco_freq_hz=-2690068.8 mean|x|=0.03009 rms_x=0.03780 max|x|=0.2587 in_rms=107.1 out_rms=4.8
[eq-long t=118.58s] fs=4504 fs_err_rms=0.5470 |taps|=1.381 mu=5e-05 frz=0 hub=0.000 clmp=0
[fpll t=119.22s] nco_freq_hz=-2690067.8 mean|x|=0.03000 rms_x=0.03772 max|x|=0.3838 in_rms=107.1 out_rms=4.8
[eq-long t=118.81s] fs=4512 fs_err_rms=0.5435 |taps|=1.383 mu=5e-05 frz=0 hub=0.000 clmp=0
OsO[fpll t=119.48s] nco_freq_hz=-2690065.4 mean|x|=0.03004 rms_x=0.03779 max|x|=0.2748 in_rms=106.9 out_rms=4.8
[eq-long t=119.04s] fs=4520 fs_err_rms=0.5555 |taps|=1.380 mu=5e-05 frz=0 hub=0.000 clmp=0
[mer-probe long] dd_err_rms=0.4925 dd_mer=20.13
[eq-long t=119.27s] fs=4528 fs_err_rms=0.5385 |taps|=1.377 mu=5e-05 frz=0 hub=0.000 clmp=0
[fpll t=119.72s] nco_freq_hz=-2690067.6 mean|x|=0.03036 rms_x=0.03935 max|x|=0.6488 in_rms=107.1 out_rms=4.8
[eq-long t=119.47s] fs=4536 fs_err_rms=0.5430 |taps|=1.377 mu=5e-05 frz=0 hub=0.000 clmp=0
[fpll t=119.97s] nco_freq_hz=-2690068.0 mean|x|=0.02977 rms_x=0.03744 max|x|=0.3664 in_rms=107.0 out_rms=4.8
[mer-probe long] dd_err_rms=0.4978 dd_mer=20.04
[eq-long t=119.71s] fs=4544 fs_err_rms=0.5292 |taps|=1.379 mu=5e-05 frz=0 hub=0.000 clmp=0
[fpll t=120.23s] nco_freq_hz=-2690068.2 mean|x|=0.02998 rms_x=0.03773 max|x|=0.3308 in_rms=106.5 out_rms=4.8
[eq-long t=119.93s] fs=4552 fs_err_rms=0.5404 |taps|=1.377 mu=5e-05 frz=0 hub=0.000 clmp=0
[fpll t=120.48s] nco_freq_hz=-2690065.6 mean|x|=0.03000 rms_x=0.03772 max|x|=0.2514 in_rms=106.3 out_rms=4.8
[mer-probe long] dd_err_rms=0.4922 dd_mer=20.14
[eq-long t=120.16s] fs=4560 fs_err_rms=0.5373 |taps|=1.380 mu=5e-05 frz=0 hub=0.000 clmp=0
[fpll t=120.73s] nco_freq_hz=-2690065.9 mean|x|=0.02996 rms_x=0.03770 max|x|=0.2553 in_rms=106.5 out_rms=4.8
[eq-long t=120.38s] fs=4568 fs_err_rms=0.5456 |taps|=1.381 mu=5e-05 frz=0 hub=0.000 clmp=0
[fpll t=120.99s] nco_freq_hz=-2690066.3 mean|x|=0.02995 rms_x=0.03766 max|x|=0.2192 in_rms=106.9 out_rms=4.8
[eq-long t=120.59s] fs=4576 fs_err_rms=0.5635 |taps|=1.378 mu=5e-05 frz=0 hub=0.000 clmp=0
[mer-probe long] dd_err_rms=0.4924 dd_mer=20.13
[fpll t=121.21s] nco_freq_hz=-2690067.5 mean|x|=0.03021 rms_x=0.03800 max|x|=0.2612 in_rms=107.3 out_rms=4.8
[eq-long t=120.83s] fs=4584 fs_err_rms=0.5257 |taps|=1.381 mu=5e-05 frz=0 hub=0.000 clmp=0
[eq-long t=121.05s] fs=4592 fs_err_rms=0.5410 |taps|=1.378 mu=5e-05 frz=0 hub=0.000 clmp=0
[fpll t=121.51s] nco_freq_hz=-2690066.1 mean|x|=0.03001 rms_x=0.03771 max|x|=0.2341 in_rms=107.6 out_rms=4.8
[mer-probe long] dd_err_rms=0.4919 dd_mer=20.14
[eq-long t=121.27s] fs=4600 fs_err_rms=0.5398 |taps|=1.378 mu=5e-05 frz=0 hub=0.000 clmp=0
[fpll t=121.78s] nco_freq_hz=-2690065.7 mean|x|=0.03002 rms_x=0.03777 max|x|=0.2629 in_rms=107.9 out_rms=4.8
[eq-long t=121.48s] fs=4608 fs_err_rms=0.5377 |taps|=1.379 mu=5e-05 frz=0 hub=0.000 clmp=0
[fpll t=121.98s] nco_freq_hz=-2690068.1 mean|x|=0.03000 rms_x=0.03772 max|x|=0.2410 in_rms=108.0 out_rms=4.8
[eq-long t=121.65s] fs=4616 fs_err_rms=0.5575 |taps|=1.379 mu=5e-05 frz=0 hub=0.000 clmp=0
[mer-probe long] dd_err_rms=0.4934 dd_mer=20.11
[fpll t=122.18s] nco_freq_hz=-2690070.2 mean|x|=0.02999 rms_x=0.03768 max|x|=0.2378 in_rms=107.9 out_rms=4.8
[eq-long t=121.82s] fs=4624 fs_err_rms=0.5316 |taps|=1.376 mu=5e-05 frz=0 hub=0.000 clmp=0
[fpll t=122.38s] nco_freq_hz=-2690068.2 mean|x|=0.03011 rms_x=0.03790 max|x|=0.2709 in_rms=107.6 out_rms=4.8
[eq-long t=122.01s] fs=4632 fs_err_rms=0.5263 |taps|=1.383 mu=5e-05 frz=0 hub=0.000 clmp=0
[mer-probe long] dd_err_rms=0.4925 dd_mer=20.13
[fpll t=122.63s] nco_freq_hz=-2690068.8 mean|x|=0.03013 rms_x=0.03786 max|x|=0.3346 in_rms=107.4 out_rms=4.8
[eq-long t=122.25s] fs=4640 fs_err_rms=0.5343 |taps|=1.378 mu=5e-05 frz=0 hub=0.000 clmp=0
[fpll t=122.92s] nco_freq_hz=-2690067.6 mean|x|=0.02988 rms_x=0.03757 max|x|=0.3746 in_rms=107.0 out_rms=4.8
[eq-long t=122.49s] fs=4648 fs_err_rms=0.5361 |taps|=1.380 mu=5e-05 frz=0 hub=0.000 clmp=0
[mer-probe long] dd_err_rms=0.4910 dd_mer=20.16
[eq-long t=122.73s] fs=4656 fs_err_rms=0.5207 |taps|=1.381 mu=5e-05 frz=0 hub=0.000 clmp=0
[fpll t=123.19s] nco_freq_hz=-2690067.8 mean|x|=0.03012 rms_x=0.03788 max|x|=0.2249 in_rms=106.9 out_rms=4.8
[eq-long t=122.96s] fs=4664 fs_err_rms=0.5398 |taps|=1.379 mu=5e-05 frz=0 hub=0.000 clmp=0
[fpll t=123.44s] nco_freq_hz=-2690067.5 mean|x|=0.02993 rms_x=0.03764 max|x|=0.2870 in_rms=107.3 out_rms=4.8
[eq-long t=123.20s] fs=4672 fs_err_rms=0.5424 |taps|=1.379 mu=5e-05 frz=0 hub=0.000 clmp=0
[mer-probe long] dd_err_rms=0.4937 dd_mer=20.11
[fpll t=123.72s] nco_freq_hz=-2690069.0 mean|x|=0.03020 rms_x=0.03797 max|x|=0.2510 in_rms=107.5 out_rms=4.8
[eq-long t=123.42s] fs=4680 fs_err_rms=0.5325 |taps|=1.383 mu=5e-05 frz=0 hub=0.000 clmp=0
[fpll t=123.99s] nco_freq_hz=-2690067.3 mean|x|=0.03002 rms_x=0.03775 max|x|=0.2889 in_rms=107.6 out_rms=4.8
[eq-long t=123.64s] fs=4688 fs_err_rms=0.5246 |taps|=1.380 mu=5e-05 frz=0 hub=0.000 clmp=0
[fpll t=124.24s] nco_freq_hz=-2690066.9 mean|x|=0.03023 rms_x=0.03801 max|x|=0.2513 in_rms=107.6 out_rms=4.8
[mer-probe long] dd_err_rms=0.4932 dd_mer=20.12
[eq-long t=123.88s] fs=4696 fs_err_rms=0.5316 |taps|=1.380 mu=5e-05 frz=0 hub=0.000 clmp=0
[fpll t=124.48s] nco_freq_hz=-2690070.3 mean|x|=0.03001 rms_x=0.03774 max|x|=0.2897 in_rms=107.9 out_rms=4.8
[eq-long t=124.08s] fs=4704 fs_err_rms=0.5497 |taps|=1.386 mu=5e-05 frz=0 hub=0.000 clmp=0
[fpll t=124.75s] nco_freq_hz=-2690066.2 mean|x|=0.02988 rms_x=0.03757 max|x|=0.2568 in_rms=107.6 out_rms=4.8
[eq-long t=124.32s] fs=4712 fs_err_rms=0.5207 |taps|=1.385 mu=5e-05 frz=0 hub=0.000 clmp=0
[mer-probe long] dd_err_rms=0.4934 dd_mer=20.12
[eq-long t=124.55s] fs=4720 fs_err_rms=0.5335 |taps|=1.379 mu=5e-05 frz=0 hub=0.000 clmp=0
[fpll t=125.00s] nco_freq_hz=-2690068.2 mean|x|=0.03000 rms_x=0.03774 max|x|=0.2465 in_rms=107.4 out_rms=4.8
[eq-long t=124.78s] fs=4728 fs_err_rms=0.5274 |taps|=1.377 mu=5e-05 frz=0 hub=0.000 clmp=0
[fpll t=125.28s] nco_freq_hz=-2690065.3 mean|x|=0.02992 rms_x=0.03762 max|x|=0.2573 in_rms=107.5 out_rms=4.8
[mer-probe long] dd_err_rms=0.4906 dd_mer=20.16
[eq-long t=125.03s] fs=4736 fs_err_rms=0.5251 |taps|=1.382 mu=5e-05 frz=0 hub=0.000 clmp=0
[fpll t=125.51s] nco_freq_hz=-2690066.7 mean|x|=0.03023 rms_x=0.03805 max|x|=0.2400 in_rms=107.8 out_rms=4.8
[eq-long t=125.23s] fs=4744 fs_err_rms=0.5494 |taps|=1.379 mu=5e-05 frz=0 hub=0.000 clmp=0
[fpll t=125.78s] nco_freq_hz=-2690069.2 mean|x|=0.03027 rms_x=0.03808 max|x|=0.3146 in_rms=107.8 out_rms=4.8
[mer-probe long] dd_err_rms=0.4928 dd_mer=20.13
[eq-long t=125.44s] fs=4752 fs_err_rms=0.5339 |taps|=1.384 mu=5e-05 frz=0 hub=0.000 clmp=0
[fpll t=126.04s] nco_freq_hz=-2690066.2 mean|x|=0.02998 rms_x=0.03769 max|x|=0.2467 in_rms=107.8 out_rms=4.8
[eq-long t=125.69s] fs=4760 fs_err_rms=0.5283 |taps|=1.383 mu=5e-05 frz=0 hub=0.000 clmp=0
[fpll t=126.26s] nco_freq_hz=-2690064.7 mean|x|=0.03005 rms_x=0.03778 max|x|=0.2580 in_rms=107.7 out_rms=4.8
[eq-long t=125.92s] fs=4768 fs_err_rms=0.5403 |taps|=1.381 mu=5e-05 frz=0 hub=0.000 clmp=0
[mer-probe long] dd_err_rms=0.4922 dd_mer=20.14
[fpll t=126.53s] nco_freq_hz=-2690067.8 mean|x|=0.03028 rms_x=0.03805 max|x|=0.2374 in_rms=107.4 out_rms=4.8
[eq-long t=126.12s] fs=4776 fs_err_rms=0.5405 |taps|=1.383 mu=5e-05 frz=0 hub=0.000 clmp=0
[eq-long t=126.34s] fs=4784 fs_err_rms=0.5476 |taps|=1.379 mu=5e-05 frz=0 hub=0.000 clmp=0
[fpll t=126.79s] nco_freq_hz=-2690068.0 mean|x|=0.03003 rms_x=0.03775 max|x|=0.2897 in_rms=107.1 out_rms=4.8
[mer-probe long] dd_err_rms=0.4930 dd_mer=20.12
[eq-long t=126.54s] fs=4792 fs_err_rms=0.5433 |taps|=1.384 mu=5e-05 frz=0 hub=0.000 clmp=0
[fpll t=127.02s] nco_freq_hz=-2690068.9 mean|x|=0.03020 rms_x=0.03797 max|x|=0.2408 in_rms=106.7 out_rms=4.8
[eq-long t=126.71s] fs=4800 fs_err_rms=0.5360 |taps|=1.382 mu=5e-05 frz=0 hub=0.000 clmp=0
[fpll t=127.21s] nco_freq_hz=-2690072.7 mean|x|=0.03025 rms_x=0.03808 max|x|=0.2675 in_rms=106.9 out_rms=4.8
[eq-long t=126.87s] fs=4808 fs_err_rms=0.5334 |taps|=1.382 mu=5e-05 frz=0 hub=0.000 clmp=0
[mer-probe long] dd_err_rms=0.4939 dd_mer=20.11
[fpll t=127.40s] nco_freq_hz=-2690071.8 mean|x|=0.03027 rms_x=0.03806 max|x|=0.2734 in_rms=106.8 out_rms=4.8
[eq-long t=127.04s] fs=4816 fs_err_rms=0.5402 |taps|=1.381 mu=5e-05 frz=0 hub=0.000 clmp=0
[fpll t=127.60s] nco_freq_hz=-2690065.8 mean|x|=0.03010 rms_x=0.03789 max|x|=0.2474 in_rms=106.8 out_rms=4.8
[eq-long t=127.21s] fs=4824 fs_err_rms=0.5316 |taps|=1.389 mu=5e-05 frz=0 hub=0.000 clmp=0
[mer-probe long] dd_err_rms=0.4929 dd_mer=20.12
[fpll t=127.79s] nco_freq_hz=-2690068.4 mean|x|=0.03020 rms_x=0.03798 max|x|=0.2907 in_rms=107.1 out_rms=4.8
[eq-long t=127.38s] fs=4832 fs_err_rms=0.5326 |taps|=1.382 mu=5e-05 frz=0 hub=0.000 clmp=0
[fpll t=127.97s] nco_freq_hz=-2690070.0 mean|x|=0.02999 rms_x=0.03772 max|x|=0.2809 in_rms=107.2 out_rms=4.8
[eq-long t=127.54s] fs=4840 fs_err_rms=0.5347 |taps|=1.385 mu=5e-05 frz=0 hub=0.000 clmp=0
[eq-long t=127.74s] fs=4848 fs_err_rms=0.5275 |taps|=1.384 mu=5e-05 frz=0 hub=0.000 clmp=0
[mer-probe long] dd_err_rms=0.4931 dd_mer=20.12
[fpll t=128.19s] nco_freq_hz=-2690067.4 mean|x|=0.03008 rms_x=0.03784 max|x|=0.2836 in_rms=107.4 out_rms=4.8
[eq-long t=127.97s] fs=4856 fs_err_rms=0.5430 |taps|=1.385 mu=5e-05 frz=0 hub=0.000 clmp=0
[fpll t=128.46s] nco_freq_hz=-2690065.9 mean|x|=0.03018 rms_x=0.03795 max|x|=0.2625 in_rms=107.4 out_rms=4.8
[eq-long t=128.16s] fs=4864 fs_err_rms=0.5416 |taps|=1.385 mu=5e-05 frz=0 hub=0.000 clmp=0
[fpll t=128.68s] nco_freq_hz=-2690065.6 mean|x|=0.03007 rms_x=0.03782 max|x|=0.2478 in_rms=107.2 out_rms=4.8
[mer-probe long] dd_err_rms=0.4923 dd_mer=20.13
[eq-long t=128.41s] fs=4872 fs_err_rms=0.5326 |taps|=1.388 mu=5e-05 frz=0 hub=0.000 clmp=0
[fpll t=128.92s] nco_freq_hz=-2690067.9 mean|x|=0.03009 rms_x=0.03781 max|x|=0.3164 in_rms=107.3 out_rms=4.8
[eq-long t=128.60s] fs=4880 fs_err_rms=0.5383 |taps|=1.385 mu=5e-05 frz=0 hub=0.000 clmp=0
[fpll t=129.19s] nco_freq_hz=-2690069.3 mean|x|=0.03014 rms_x=0.03790 max|x|=0.2582 in_rms=107.0 out_rms=4.8
[mer-probe long] dd_err_rms=0.4933 dd_mer=20.12
[eq-long t=128.84s] fs=4888 fs_err_rms=0.5391 |taps|=1.387 mu=5e-05 frz=0 hub=0.000 clmp=0
[fpll t=129.43s] nco_freq_hz=-2690069.2 mean|x|=0.02996 rms_x=0.03766 max|x|=0.2581 in_rms=106.8 out_rms=4.8
[eq-long t=129.08s] fs=4896 fs_err_rms=0.5281 |taps|=1.385 mu=5e-05 frz=0 hub=0.000 clmp=0
[fpll t=129.66s] nco_freq_hz=-2690072.1 mean|x|=0.02982 rms_x=0.03751 max|x|=0.2435 in_rms=106.9 out_rms=4.8
[eq-long t=129.28s] fs=4904 fs_err_rms=0.5357 |taps|=1.386 mu=5e-05 frz=0 hub=0.000 clmp=0
[mer-probe long] dd_err_rms=0.4933 dd_mer=20.12
[eq-long t=129.48s] fs=4912 fs_err_rms=0.5325 |taps|=1.387 mu=5e-05 frz=0 hub=0.000 clmp=0
[fpll t=129.94s] nco_freq_hz=-2690070.0 mean|x|=0.03002 rms_x=0.03776 max|x|=0.2810 in_rms=106.9 out_rms=4.8
[eq-long t=129.69s] fs=4920 fs_err_rms=0.5256 |taps|=1.385 mu=5e-05 frz=0 hub=0.000 clmp=0
[fpll t=130.18s] nco_freq_hz=-2690071.0 mean|x|=0.02977 rms_x=0.03744 max|x|=0.2334 in_rms=106.8 out_rms=4.8
[mer-probe long] dd_err_rms=0.4927 dd_mer=20.13
[eq-long t=129.91s] fs=4928 fs_err_rms=0.5506 |taps|=1.382 mu=5e-05 frz=0 hub=0.000 clmp=0
[fpll t=130.44s] nco_freq_hz=-2690070.4 mean|x|=0.02998 rms_x=0.03773 max|x|=0.2826 in_rms=107.0 out_rms=4.8
OsO[eq-long t=130.14s] fs=4936 fs_err_rms=0.5312 |taps|=1.385 mu=5e-05 frz=0 hub=0.000 clmp=0
[fpll t=130.68s] nco_freq_hz=-2690066.1 mean|x|=0.03012 rms_x=0.03789 max|x|=0.2498 in_rms=106.8 out_rms=4.8
[eq-long t=130.36s] fs=4944 fs_err_rms=0.5285 |taps|=1.385 mu=5e-05 frz=0 hub=0.000 clmp=0
[mer-probe long] dd_err_rms=0.4934 dd_mer=20.11
[fpll t=130.94s] nco_freq_hz=-2690069.9 mean|x|=0.03073 rms_x=0.04092 max|x|=0.8554 in_rms=107.1 out_rms=4.8
[eq-long t=130.58s] fs=4952 fs_err_rms=0.5553 |taps|=1.379 mu=5e-05 frz=0 hub=0.000 clmp=0
[fpll t=131.19s] nco_freq_hz=-2690072.7 mean|x|=0.03002 rms_x=0.03777 max|x|=0.2528 in_rms=107.7 out_rms=4.8
[eq-long t=130.79s] fs=4960 fs_err_rms=0.5471 |taps|=1.384 mu=5e-05 frz=0 hub=0.000 clmp=0
[mer-probe long] dd_err_rms=0.4941 dd_mer=20.10
[fpll t=131.46s] nco_freq_hz=-2690069.6 mean|x|=0.03029 rms_x=0.03809 max|x|=0.2772 in_rms=107.6 out_rms=4.8
[eq-long t=131.04s] fs=4968 fs_err_rms=0.5411 |taps|=1.383 mu=5e-05 frz=0 hub=0.000 clmp=0
[eq-long t=131.26s] fs=4976 fs_err_rms=0.5731 |taps|=1.382 mu=5e-05 frz=0 hub=0.000 clmp=0
[fpll t=131.72s] nco_freq_hz=-2690072.0 mean|x|=0.03032 rms_x=0.03812 max|x|=0.2417 in_rms=107.1 out_rms=4.8
[mer-probe long] dd_err_rms=0.4917 dd_mer=20.15
[eq-long t=131.48s] fs=4984 fs_err_rms=0.5432 |taps|=1.382 mu=5e-05 frz=0 hub=0.000 clmp=0
[fpll t=131.97s] nco_freq_hz=-2690071.2 mean|x|=0.03022 rms_x=0.03798 max|x|=0.2359 in_rms=106.9 out_rms=4.8
[eq-long t=131.70s] fs=4992 fs_err_rms=0.5681 |taps|=1.381 mu=5e-05 frz=0 hub=0.000 clmp=0
[fpll t=132.21s] nco_freq_hz=-2690069.1 mean|x|=0.03043 rms_x=0.03827 max|x|=0.2699 in_rms=106.6 out_rms=4.8
[eq-long t=131.93s] fs=5000 fs_err_rms=0.5560 |taps|=1.382 mu=5e-05 frz=0 hub=0.000 clmp=0
[mer-probe long] dd_err_rms=0.4925 dd_mer=20.13
[fpll t=132.48s] nco_freq_hz=-2690069.6 mean|x|=0.03036 rms_x=0.03820 max|x|=0.2563 in_rms=106.6 out_rms=4.8
[eq-long t=132.17s] fs=5008 fs_err_rms=0.5452 |taps|=1.385 mu=5e-05 frz=0 hub=0.000 clmp=0
[fpll t=132.75s] nco_freq_hz=-2690070.2 mean|x|=0.03017 rms_x=0.03794 max|x|=0.2936 in_rms=106.7 out_rms=4.8
[eq-long t=132.38s] fs=5016 fs_err_rms=0.5407 |taps|=1.386 mu=5e-05 frz=0 hub=0.000 clmp=0
[mer-probe long] dd_err_rms=0.4931 dd_mer=20.12
[fpll t=132.96s] nco_freq_hz=-2690068.7 mean|x|=0.03011 rms_x=0.03788 max|x|=0.2346 in_rms=106.6 out_rms=4.8
[eq-long t=132.55s] fs=5024 fs_err_rms=0.5495 |taps|=1.384 mu=5e-05 frz=0 hub=0.000 clmp=0
[fpll t=133.15s] nco_freq_hz=-2690069.5 mean|x|=0.03023 rms_x=0.03802 max|x|=0.2977 in_rms=107.0 out_rms=4.8
[eq-long t=132.71s] fs=5032 fs_err_rms=0.5435 |taps|=1.377 mu=5e-05 frz=0 hub=0.000 clmp=0
[eq-long t=132.89s] fs=5040 fs_err_rms=0.5418 |taps|=1.380 mu=5e-05 frz=0 hub=0.000 clmp=0
[fpll t=133.34s] nco_freq_hz=-2690070.0 mean|x|=0.03025 rms_x=0.03807 max|x|=0.2661 in_rms=107.1 out_rms=4.8
[mer-probe long] dd_err_rms=0.4922 dd_mer=20.14
[eq-long t=133.05s] fs=5048 fs_err_rms=0.5614 |taps|=1.382 mu=5e-05 frz=0 hub=0.000 clmp=0
[fpll t=133.54s] nco_freq_hz=-2690071.0 mean|x|=0.03023 rms_x=0.03801 max|x|=0.2485 in_rms=107.1 out_rms=4.8
[eq-long t=133.24s] fs=5056 fs_err_rms=0.5514 |taps|=1.380 mu=5e-05 frz=0 hub=0.000 clmp=0
[fpll t=133.74s] nco_freq_hz=-2690070.0 mean|x|=0.03034 rms_x=0.03817 max|x|=0.2578 in_rms=107.0 out_rms=4.8
[mer-probe long] dd_err_rms=0.4923 dd_mer=20.14
[eq-long t=133.45s] fs=5064 fs_err_rms=0.5551 |taps|=1.382 mu=5e-05 frz=0 hub=0.000 clmp=0
[fpll t=133.98s] nco_freq_hz=-2690068.5 mean|x|=0.03025 rms_x=0.03803 max|x|=0.2775 in_rms=107.0 out_rms=4.8
[eq-long t=133.67s] fs=5072 fs_err_rms=0.5446 |taps|=1.381 mu=5e-05 frz=0 hub=0.000 clmp=0
[fpll t=134.26s] nco_freq_hz=-2690067.9 mean|x|=0.03012 rms_x=0.03789 max|x|=0.3201 in_rms=107.0 out_rms=4.8
[mer-probe long] dd_err_rms=0.4929 dd_mer=20.12
[eq-long t=133.90s] fs=5080 fs_err_rms=0.5429 |taps|=1.386 mu=5e-05 frz=0 hub=0.000 clmp=0
[fpll t=134.52s] nco_freq_hz=-2690066.2 mean|x|=0.03021 rms_x=0.03797 max|x|=0.2698 in_rms=107.3 out_rms=4.8
[eq-long t=134.13s] fs=5088 fs_err_rms=0.5615 |taps|=1.381 mu=5e-05 frz=0 hub=0.000 clmp=0
[fpll t=134.79s] nco_freq_hz=-2690068.2 mean|x|=0.03028 rms_x=0.03807 max|x|=0.3773 in_rms=107.3 out_rms=4.8
[eq-long t=134.36s] fs=5096 fs_err_rms=0.5420 |taps|=1.380 mu=5e-05 frz=0 hub=0.000 clmp=0
[mer-probe long] dd_err_rms=0.4918 dd_mer=20.14
[fpll t=135.03s] nco_freq_hz=-2690066.1 mean|x|=0.03023 rms_x=0.03804 max|x|=0.3767 in_rms=107.6 out_rms=4.8
[eq-long t=134.60s] fs=5104 fs_err_rms=0.5525 |taps|=1.382 mu=5e-05 frz=0 hub=0.000 clmp=0
[eq-long t=134.83s] fs=5112 fs_err_rms=0.5439 |taps|=1.381 mu=5e-05 frz=0 hub=0.000 clmp=0
[fpll t=135.31s] nco_freq_hz=-2690067.3 mean|x|=0.03026 rms_x=0.03807 max|x|=0.2936 in_rms=107.4 out_rms=4.8
[mer-probe long] dd_err_rms=0.4934 dd_mer=20.12
[eq-long t=135.07s] fs=5120 fs_err_rms=0.5521 |taps|=1.379 mu=5e-05 frz=0 hub=0.000 clmp=0
[fpll t=135.59s] nco_freq_hz=-2690070.6 mean|x|=0.03017 rms_x=0.03794 max|x|=0.2920 in_rms=107.2 out_rms=4.8
[eq-long t=135.29s] fs=5128 fs_err_rms=0.5438 |taps|=1.378 mu=5e-05 frz=0 hub=0.000 clmp=0
[fpll t=135.85s] nco_freq_hz=-2690070.3 mean|x|=0.03024 rms_x=0.03802 max|x|=0.2780 in_rms=107.0 out_rms=4.8
[eq-long t=135.51s] fs=5136 fs_err_rms=0.5381 |taps|=1.382 mu=5e-05 frz=0 hub=0.000 clmp=0
[mer-probe long] dd_err_rms=0.4935 dd_mer=20.11
[fpll t=136.10s] nco_freq_hz=-2690067.7 mean|x|=0.03029 rms_x=0.03808 max|x|=0.3135 in_rms=106.7 out_rms=4.8
[eq-long t=135.74s] fs=5144 fs_err_rms=0.5619 |taps|=1.381 mu=5e-05 frz=0 hub=0.000 clmp=0
[fpll t=136.37s] nco_freq_hz=-2690066.0 mean|x|=0.03022 rms_x=0.03799 max|x|=0.2335 in_rms=106.6 out_rms=4.8
[eq-long t=135.97s] fs=5152 fs_err_rms=0.5587 |taps|=1.378 mu=5e-05 frz=0 hub=0.000 clmp=0
[mer-probe long] dd_err_rms=0.4927 dd_mer=20.13
[eq-long t=136.19s] fs=5160 fs_err_rms=0.5403 |taps|=1.385 mu=5e-05 frz=0 hub=0.000 clmp=0
[fpll t=136.64s] nco_freq_hz=-2690066.2 mean|x|=0.03018 rms_x=0.03799 max|x|=0.2932 in_rms=106.6 out_rms=4.8
[eq-long t=136.46s] fs=5168 fs_err_rms=0.5442 |taps|=1.382 mu=5e-05 frz=0 hub=0.000 clmp=0
[fpll t=136.92s] nco_freq_hz=-2690066.2 mean|x|=0.03027 rms_x=0.03808 max|x|=0.2537 in_rms=106.5 out_rms=4.8
[eq-long t=136.64s] fs=5176 fs_err_rms=0.5449 |taps|=1.383 mu=5e-05 frz=0 hub=0.000 clmp=0
[mer-probe long] dd_err_rms=0.4933 dd_mer=20.12
[fpll t=137.12s] nco_freq_hz=-2690067.2 mean|x|=0.03030 rms_x=0.03812 max|x|=0.2519 in_rms=106.7 out_rms=4.8
[eq-long t=136.82s] fs=5184 fs_err_rms=0.5436 |taps|=1.384 mu=5e-05 frz=0 hub=0.000 clmp=0
[fpll t=137.32s] nco_freq_hz=-2690068.4 mean|x|=0.03030 rms_x=0.03815 max|x|=0.2373 in_rms=107.1 out_rms=4.8
[eq-long t=136.98s] fs=5192 fs_err_rms=0.5650 |taps|=1.384 mu=5e-05 frz=0 hub=0.000 clmp=0
[mer-probe long] dd_err_rms=0.4940 dd_mer=20.11
[fpll t=137.51s] nco_freq_hz=-2690067.4 mean|x|=0.03015 rms_x=0.03793 max|x|=0.2767 in_rms=107.3 out_rms=4.8
[eq-long t=137.14s] fs=5200 fs_err_rms=0.5495 |taps|=1.382 mu=5e-05 frz=0 hub=0.000 clmp=0
[fpll t=137.71s] nco_freq_hz=-2690066.9 mean|x|=0.03012 rms_x=0.03787 max|x|=0.2363 in_rms=107.2 out_rms=4.8
[eq-long t=137.35s] fs=5208 fs_err_rms=0.5424 |taps|=1.379 mu=5e-05 frz=0 hub=0.000 clmp=0
[fpll t=137.96s] nco_freq_hz=-2690065.8 mean|x|=0.03021 rms_x=0.03801 max|x|=0.2686 in_rms=107.3 out_rms=4.8
[mer-probe long] dd_err_rms=0.4933 dd_mer=20.12
[eq-long t=137.57s] fs=5216 fs_err_rms=0.5466 |taps|=1.386 mu=5e-05 frz=0 hub=0.000 clmp=0
[fpll t=138.22s] nco_freq_hz=-2690068.7 mean|x|=0.03018 rms_x=0.03797 max|x|=0.2750 in_rms=107.3 out_rms=4.8
[eq-long t=137.79s] fs=5224 fs_err_rms=0.5597 |taps|=1.383 mu=5e-05 frz=0 hub=0.000 clmp=0
[fpll t=138.46s] nco_freq_hz=-2690065.8 mean|x|=0.03021 rms_x=0.03801 max|x|=0.2670 in_rms=107.3 out_rms=4.8
[eq-long t=138.02s] fs=5232 fs_err_rms=0.5710 |taps|=1.383 mu=5e-05 frz=0 hub=0.000 clmp=0
[mer-probe long] dd_err_rms=0.4932 dd_mer=20.12
[eq-long t=138.22s] fs=5240 fs_err_rms=0.5437 |taps|=1.386 mu=5e-05 frz=0 hub=0.000 clmp=0
[fpll t=138.72s] nco_freq_hz=-2690067.8 mean|x|=0.03010 rms_x=0.03786 max|x|=0.2875 in_rms=107.2 out_rms=4.8
[eq-long t=138.44s] fs=5248 fs_err_rms=0.5492 |taps|=1.387 mu=5e-05 frz=0 hub=0.000 clmp=0
[fpll t=138.97s] nco_freq_hz=-2690068.6 mean|x|=0.03022 rms_x=0.03800 max|x|=0.2542 in_rms=107.4 out_rms=4.8
[mer-probe long] dd_err_rms=0.4931 dd_mer=20.12
[eq-long t=138.68s] fs=5256 fs_err_rms=0.5633 |taps|=1.385 mu=5e-05 frz=0 hub=0.000 clmp=0
[fpll t=139.23s] nco_freq_hz=-2690066.0 mean|x|=0.03012 rms_x=0.03788 max|x|=0.2739 in_rms=107.5 out_rms=4.8
[eq-long t=138.89s] fs=5264 fs_err_rms=0.5518 |taps|=1.384 mu=5e-05 frz=0 hub=0.000 clmp=0
[fpll t=139.45s] nco_freq_hz=-2690068.8 mean|x|=0.03018 rms_x=0.03799 max|x|=0.2486 in_rms=107.2 out_rms=4.8
[eq-long t=139.13s] fs=5272 fs_err_rms=0.5438 |taps|=1.386 mu=5e-05 frz=0 hub=0.000 clmp=0
[mer-probe long] dd_err_rms=0.4926 dd_mer=20.13
[fpll t=139.69s] nco_freq_hz=-2690069.7 mean|x|=0.03014 rms_x=0.03789 max|x|=0.2439 in_rms=107.0 out_rms=4.8
[eq-long t=139.31s] fs=5280 fs_err_rms=0.5503 |taps|=1.384 mu=5e-05 frz=0 hub=0.000 clmp=0
[fpll t=139.95s] nco_freq_hz=-2690069.0 mean|x|=0.03031 rms_x=0.03809 max|x|=0.2782 in_rms=106.9 out_rms=4.8
[eq-long t=139.53s] fs=5288 fs_err_rms=0.5456 |taps|=1.385 mu=5e-05 frz=0 hub=0.000 clmp=0
[mer-probe long] dd_err_rms=0.4924 dd_mer=20.13
[eq-long t=139.75s] fs=5296 fs_err_rms=0.5441 |taps|=1.385 mu=5e-05 frz=0 hub=0.000 clmp=0
[fpll t=140.21s] nco_freq_hz=-2690069.5 mean|x|=0.03000 rms_x=0.03774 max|x|=0.3204 in_rms=106.7 out_rms=4.8
[eq-long t=139.97s] fs=5304 fs_err_rms=0.5395 |taps|=1.382 mu=5e-05 frz=0 hub=0.000 clmp=0
[fpll t=140.47s] nco_freq_hz=-2690069.4 mean|x|=0.03025 rms_x=0.03804 max|x|=0.2422 in_rms=106.7 out_rms=4.8
[mer-probe long] dd_err_rms=0.4930 dd_mer=20.12
[eq-long t=140.24s] fs=5312 fs_err_rms=0.5471 |taps|=1.384 mu=5e-05 frz=0 hub=0.000 clmp=0
[fpll t=140.78s] nco_freq_hz=-2690065.8 mean|x|=0.03022 rms_x=0.03801 max|x|=0.2408 in_rms=106.9 out_rms=4.8
OsO[eq-long t=140.47s] fs=5320 fs_err_rms=0.5377 |taps|=1.383 mu=5e-05 frz=0 hub=0.000 clmp=0
[fpll t=141.04s] nco_freq_hz=-2690066.7 mean|x|=0.03002 rms_x=0.03771 max|x|=0.2357 in_rms=106.6 out_rms=4.8
[eq-long t=140.72s] fs=5328 fs_err_rms=0.5452 |taps|=1.382 mu=5e-05 frz=0 hub=0.000 clmp=0
[mer-probe long] dd_err_rms=0.4926 dd_mer=20.13
[fpll t=141.29s] nco_freq_hz=-2690068.3 mean|x|=0.03010 rms_x=0.03784 max|x|=0.2393 in_rms=106.6 out_rms=4.8
[eq-long t=140.95s] fs=5336 fs_err_rms=0.5397 |taps|=1.381 mu=5e-05 frz=0 hub=0.000 clmp=0
[fpll t=141.54s] nco_freq_hz=-2690066.4 mean|x|=0.03011 rms_x=0.03788 max|x|=0.3119 in_rms=106.3 out_rms=4.8
[eq-long t=141.17s] fs=5344 fs_err_rms=0.5435 |taps|=1.381 mu=5e-05 frz=0 hub=0.000 clmp=0
[mer-probe long] dd_err_rms=0.4955 dd_mer=20.08
[fpll t=141.79s] nco_freq_hz=-2690068.8 mean|x|=0.03013 rms_x=0.03790 max|x|=0.2555 in_rms=106.1 out_rms=4.8
[eq-long t=141.38s] fs=5352 fs_err_rms=0.5391 |taps|=1.382 mu=5e-05 frz=0 hub=0.000 clmp=0
[fpll t=142.03s] nco_freq_hz=-2690066.0 mean|x|=0.02979 rms_x=0.03747 max|x|=0.3268 in_rms=106.2 out_rms=4.8
[eq-long t=141.59s] fs=5360 fs_err_rms=0.5399 |taps|=1.375 mu=5e-05 frz=0 hub=0.000 clmp=0
[eq-long t=141.81s] fs=5368 fs_err_rms=0.5333 |taps|=1.381 mu=5e-05 frz=0 hub=0.000 clmp=0
[fpll t=142.26s] nco_freq_hz=-2690067.1 mean|x|=0.03001 rms_x=0.03775 max|x|=0.2338 in_rms=105.9 out_rms=4.8
[mer-probe long] dd_err_rms=0.4938 dd_mer=20.11
[eq-long t=142.03s] fs=5376 fs_err_rms=0.5360 |taps|=1.383 mu=5e-05 frz=0 hub=0.000 clmp=0
[fpll t=142.53s] nco_freq_hz=-2690066.4 mean|x|=0.03023 rms_x=0.03801 max|x|=0.2511 in_rms=106.0 out_rms=4.8
[eq-long t=142.21s] fs=5384 fs_err_rms=0.5398 |taps|=1.380 mu=5e-05 frz=0 hub=0.000 clmp=0
[fpll t=142.73s] nco_freq_hz=-2690067.7 mean|x|=0.02991 rms_x=0.03762 max|x|=0.2770 in_rms=106.3 out_rms=4.8
[mer-probe long] dd_err_rms=0.4935 dd_mer=20.11
[eq-long t=142.38s] fs=5392 fs_err_rms=0.5278 |taps|=1.379 mu=5e-05 frz=0 hub=0.000 clmp=0
[fpll t=142.92s] nco_freq_hz=-2690068.5 mean|x|=0.03004 rms_x=0.03777 max|x|=0.3026 in_rms=106.3 out_rms=4.8
[eq-long t=142.55s] fs=5400 fs_err_rms=0.5349 |taps|=1.384 mu=5e-05 frz=0 hub=0.000 clmp=0
[fpll t=143.12s] nco_freq_hz=-2690065.7 mean|x|=0.03006 rms_x=0.03781 max|x|=0.2614 in_rms=106.2 out_rms=4.8
[mer-probe long] dd_err_rms=0.4928 dd_mer=20.13
[eq-long t=142.72s] fs=5408 fs_err_rms=0.5355 |taps|=1.382 mu=5e-05 frz=0 hub=0.000 clmp=0
[fpll t=143.32s] nco_freq_hz=-2690067.1 mean|x|=0.02998 rms_x=0.03773 max|x|=0.2660 in_rms=106.4 out_rms=4.8
[eq-long t=142.90s] fs=5416 fs_err_rms=0.5450 |taps|=1.385 mu=5e-05 frz=0 hub=0.000 clmp=0
[fpll t=143.56s] nco_freq_hz=-2690071.9 mean|x|=0.03012 rms_x=0.03788 max|x|=0.2478 in_rms=106.3 out_rms=4.8
[eq-long t=143.15s] fs=5424 fs_err_rms=0.5381 |taps|=1.383 mu=5e-05 frz=0 hub=0.000 clmp=0
[mer-probe long] dd_err_rms=0.4940 dd_mer=20.11
[eq-long t=143.32s] fs=5432 fs_err_rms=0.5370 |taps|=1.382 mu=5e-05 frz=0 hub=0.000 clmp=0
[fpll t=143.78s] nco_freq_hz=-2690066.5 mean|x|=0.02998 rms_x=0.03769 max|x|=0.2653 in_rms=106.4 out_rms=4.8
[eq-long t=143.49s] fs=5440 fs_err_rms=0.5349 |taps|=1.385 mu=5e-05 frz=0 hub=0.000 clmp=0
[fpll t=143.98s] nco_freq_hz=-2690068.0 mean|x|=0.03000 rms_x=0.03775 max|x|=0.2396 in_rms=106.7 out_rms=4.8
[mer-probe long] dd_err_rms=0.4934 dd_mer=20.12
[eq-long t=143.65s] fs=5448 fs_err_rms=0.5316 |taps|=1.382 mu=5e-05 frz=0 hub=0.000 clmp=0
[fpll t=144.19s] nco_freq_hz=-2690068.5 mean|x|=0.03018 rms_x=0.03799 max|x|=0.3888 in_rms=106.5 out_rms=4.8
[eq-long t=143.83s] fs=5456 fs_err_rms=0.5433 |taps|=1.383 mu=5e-05 frz=0 hub=0.000 clmp=0
[fpll t=144.38s] nco_freq_hz=-2690067.0 mean|x|=0.02992 rms_x=0.03768 max|x|=0.3293 in_rms=106.6 out_rms=4.8
[eq-long t=144.01s] fs=5464 fs_err_rms=0.5296 |taps|=1.382 mu=5e-05 frz=0 hub=0.000 clmp=0
[mer-probe long] dd_err_rms=0.4943 dd_mer=20.10
[fpll t=144.60s] nco_freq_hz=-2690068.3 mean|x|=0.03005 rms_x=0.03777 max|x|=0.2526 in_rms=106.5 out_rms=4.8
[eq-long t=144.20s] fs=5472 fs_err_rms=0.5558 |taps|=1.383 mu=5e-05 frz=0 hub=0.000 clmp=0
[fpll t=144.86s] nco_freq_hz=-2690071.5 mean|x|=0.03020 rms_x=0.03798 max|x|=0.3148 in_rms=106.0 out_rms=4.8
[eq-long t=144.45s] fs=5480 fs_err_rms=0.5302 |taps|=1.382 mu=5e-05 frz=0 hub=0.000 clmp=0
[mer-probe long] dd_err_rms=0.4926 dd_mer=20.13
[fpll t=145.10s] nco_freq_hz=-2690067.4 mean|x|=0.03005 rms_x=0.03779 max|x|=0.2834 in_rms=105.6 out_rms=4.8
[eq-long t=144.69s] fs=5488 fs_err_rms=0.5310 |taps|=1.381 mu=5e-05 frz=0 hub=0.000 clmp=0
[eq-long t=144.89s] fs=5496 fs_err_rms=0.5352 |taps|=1.384 mu=5e-05 frz=0 hub=0.000 clmp=0
[fpll t=145.37s] nco_freq_hz=-2690068.3 mean|x|=0.03005 rms_x=0.03781 max|x|=0.3178 in_rms=105.3 out_rms=4.8
[eq-long t=145.14s] fs=5504 fs_err_rms=0.5394 |taps|=1.382 mu=5e-05 frz=0 hub=0.000 clmp=0
[mer-probe long] dd_err_rms=0.4925 dd_mer=20.13
[fpll t=145.61s] nco_freq_hz=-2690069.4 mean|x|=0.03020 rms_x=0.03797 max|x|=0.2475 in_rms=105.3 out_rms=4.8
[eq-long t=145.33s] fs=5512 fs_err_rms=0.5419 |taps|=1.379 mu=5e-05 frz=0 hub=0.000 clmp=0
[fpll t=145.88s] nco_freq_hz=-2690070.4 mean|x|=0.03011 rms_x=0.03788 max|x|=0.3447 in_rms=105.5 out_rms=4.8
[eq-long t=145.56s] fs=5520 fs_err_rms=0.5312 |taps|=1.382 mu=5e-05 frz=0 hub=0.000 clmp=0
[mer-probe long] dd_err_rms=0.4932 dd_mer=20.12
[fpll t=146.15s] nco_freq_hz=-2690067.9 mean|x|=0.03001 rms_x=0.03773 max|x|=0.2888 in_rms=105.5 out_rms=4.8
[eq-long t=145.81s] fs=5528 fs_err_rms=0.5342 |taps|=1.385 mu=5e-05 frz=0 hub=0.000 clmp=0
[fpll t=146.40s] nco_freq_hz=-2690070.2 mean|x|=0.03000 rms_x=0.03772 max|x|=0.2374 in_rms=105.8 out_rms=4.8
[eq-long t=146.03s] fs=5536 fs_err_rms=0.5283 |taps|=1.387 mu=5e-05 frz=0 hub=0.000 clmp=0
[fpll t=146.63s] nco_freq_hz=-2690068.2 mean|x|=0.03006 rms_x=0.03779 max|x|=0.2520 in_rms=106.2 out_rms=4.8
[mer-probe long] dd_err_rms=0.4939 dd_mer=20.11
[eq-long t=146.25s] fs=5544 fs_err_rms=0.5287 |taps|=1.386 mu=5e-05 frz=0 hub=0.000 clmp=0
[eq-long t=146.45s] fs=5552 fs_err_rms=0.5251 |taps|=1.390 mu=5e-05 frz=0 hub=0.000 clmp=0
[fpll t=146.92s] nco_freq_hz=-2690066.7 mean|x|=0.03009 rms_x=0.03782 max|x|=0.3311 in_rms=106.0 out_rms=4.8
[eq-long t=146.67s] fs=5560 fs_err_rms=0.5570 |taps|=1.391 mu=5e-05 frz=0 hub=0.000 clmp=0
[fpll t=147.17s] nco_freq_hz=-2690068.7 mean|x|=0.02998 rms_x=0.03767 max|x|=0.2932 in_rms=106.1 out_rms=4.8
[mer-probe long] dd_err_rms=0.4928 dd_mer=20.13
[eq-long t=146.92s] fs=5568 fs_err_rms=0.5512 |taps|=1.385 mu=5e-05 frz=0 hub=0.000 clmp=0
[fpll t=147.43s] nco_freq_hz=-2690070.3 mean|x|=0.03015 rms_x=0.03793 max|x|=0.2964 in_rms=106.3 out_rms=4.8
[eq-long t=147.15s] fs=5576 fs_err_rms=0.5331 |taps|=1.389 mu=5e-05 frz=0 hub=0.000 clmp=0
[fpll t=147.69s] nco_freq_hz=-2690070.9 mean|x|=0.03012 rms_x=0.03785 max|x|=0.2178 in_rms=106.4 out_rms=4.8
[mer-probe long] dd_err_rms=0.4932 dd_mer=20.12
[eq-long t=147.37s] fs=5584 fs_err_rms=0.5384 |taps|=1.390 mu=5e-05 frz=0 hub=0.000 clmp=0
[fpll t=147.95s] nco_freq_hz=-2690067.8 mean|x|=0.03027 rms_x=0.03806 max|x|=0.2655 in_rms=106.3 out_rms=4.8
[eq-long t=147.59s] fs=5592 fs_err_rms=0.5227 |taps|=1.389 mu=5e-05 frz=0 hub=0.000 clmp=0
[fpll t=148.20s] nco_freq_hz=-2690069.1 mean|x|=0.03019 rms_x=0.03794 max|x|=0.2539 in_rms=105.8 out_rms=4.8
[eq-long t=147.81s] fs=5600 fs_err_rms=0.5432 |taps|=1.387 mu=5e-05 frz=0 hub=0.000 clmp=0
[mer-probe long] dd_err_rms=0.4925 dd_mer=20.13
[fpll t=148.44s] nco_freq_hz=-2690066.7 mean|x|=0.02991 rms_x=0.03759 max|x|=0.2402 in_rms=105.6 out_rms=4.8
[eq-long t=148.04s] fs=5608 fs_err_rms=0.5503 |taps|=1.390 mu=5e-05 frz=0 hub=0.000 clmp=0
[fpll t=148.67s] nco_freq_hz=-2690067.6 mean|x|=0.03018 rms_x=0.03795 max|x|=0.2493 in_rms=105.7 out_rms=4.8
[eq-long t=148.25s] fs=5616 fs_err_rms=0.5360 |taps|=1.387 mu=5e-05 frz=0 hub=0.000 clmp=0
[mer-probe long] dd_err_rms=0.4931 dd_mer=20.12
[eq-long t=148.46s] fs=5624 fs_err_rms=0.5233 |taps|=1.388 mu=5e-05 frz=0 hub=0.000 clmp=0
[fpll t=148.93s] nco_freq_hz=-2690072.3 mean|x|=0.03008 rms_x=0.03785 max|x|=0.2378 in_rms=105.5 out_rms=4.8
[eq-long t=148.68s] fs=5632 fs_err_rms=0.5370 |taps|=1.387 mu=5e-05 frz=0 hub=0.000 clmp=0
[fpll t=149.21s] nco_freq_hz=-2690069.1 mean|x|=0.03006 rms_x=0.03782 max|x|=0.2248 in_rms=105.4 out_rms=4.8
[mer-probe long] dd_err_rms=0.4925 dd_mer=20.13
[eq-long t=148.92s] fs=5640 fs_err_rms=0.5341 |taps|=1.389 mu=5e-05 frz=0 hub=0.000 clmp=0
[fpll t=149.46s] nco_freq_hz=-2690070.0 mean|x|=0.02997 rms_x=0.03768 max|x|=0.2867 in_rms=105.3 out_rms=4.8
[eq-long t=149.12s] fs=5648 fs_err_rms=0.5322 |taps|=1.389 mu=5e-05 frz=0 hub=0.000 clmp=0
[fpll t=149.72s] nco_freq_hz=-2690068.3 mean|x|=0.03024 rms_x=0.03804 max|x|=0.3025 in_rms=105.1 out_rms=4.8
[eq-long t=149.36s] fs=5656 fs_err_rms=0.5483 |taps|=1.388 mu=5e-05 frz=0 hub=0.000 clmp=0
[mer-probe long] dd_err_rms=0.4926 dd_mer=20.13
[fpll t=149.96s] nco_freq_hz=-2690066.3 mean|x|=0.03001 rms_x=0.03773 max|x|=0.3848 in_rms=105.2 out_rms=4.8
[eq-long t=149.58s] fs=5664 fs_err_rms=0.5411 |taps|=1.387 mu=5e-05 frz=0 hub=0.000 clmp=0
[fpll t=150.22s] nco_freq_hz=-2690065.8 mean|x|=0.03022 rms_x=0.03802 max|x|=0.2612 in_rms=105.5 out_rms=4.8
[eq-long t=149.80s] fs=5672 fs_err_rms=0.5181 |taps|=1.385 mu=5e-05 frz=0 hub=0.000 clmp=0
[mer-probe long] dd_err_rms=0.4926 dd_mer=20.13
[fpll t=150.47s] nco_freq_hz=-2690071.4 mean|x|=0.03023 rms_x=0.03801 max|x|=0.3287 in_rms=105.6 out_rms=4.8
[eq-long t=150.03s] fs=5680 fs_err_rms=0.5393 |taps|=1.391 mu=5e-05 frz=0 hub=0.000 clmp=0
[eq-long t=150.26s] fs=5688 fs_err_rms=0.5255 |taps|=1.387 mu=5e-05 frz=0 hub=0.000 clmp=0
[fpll t=150.71s] nco_freq_hz=-2690070.0 mean|x|=0.02991 rms_x=0.03763 max|x|=0.3513 in_rms=105.8 out_rms=4.8
[eq-long t=150.47s] fs=5696 fs_err_rms=0.5427 |taps|=1.390 mu=5e-05 frz=0 hub=0.000 clmp=0
[mer-probe long] dd_err_rms=0.4936 dd_mer=20.11
[fpll t=150.98s] nco_freq_hz=-2690066.3 mean|x|=0.02980 rms_x=0.03745 max|x|=0.2281 in_rms=105.9 out_rms=4.8
[eq-long t=150.69s] fs=5704 fs_err_rms=0.5264 |taps|=1.391 mu=5e-05 frz=0 hub=0.000 clmp=0
[fpll t=151.24s] nco_freq_hz=-2690069.0 mean|x|=0.03018 rms_x=0.03796 max|x|=0.2922 in_rms=105.7 out_rms=4.8
[eq-long t=150.93s] fs=5712 fs_err_rms=0.5380 |taps|=1.389 mu=5e-05 frz=0 hub=0.000 clmp=0
[fpll t=151.47s] nco_freq_hz=-2690069.3 mean|x|=0.03008 rms_x=0.03783 max|x|=0.2340 in_rms=105.5 out_rms=4.8
[mer-probe long] dd_err_rms=0.4947 dd_mer=20.09
[eq-long t=151.14s] fs=5720 fs_err_rms=0.5323 |taps|=1.389 mu=5e-05 frz=0 hub=0.000 clmp=0
[fpll t=151.74s] nco_freq_hz=-2690069.7 mean|x|=0.02984 rms_x=0.03751 max|x|=0.2335 in_rms=105.3 out_rms=4.8
[eq-long t=151.36s] fs=5728 fs_err_rms=0.5318 |taps|=1.390 mu=5e-05 frz=0 hub=0.000 clmp=0
OsO[fpll t=152.01s] nco_freq_hz=-2690068.9 mean|x|=0.03006 rms_x=0.03781 max|x|=0.2637 in_rms=105.0 out_rms=4.8
[mer-probe long] dd_err_rms=0.4924 dd_mer=20.13
[eq-long t=151.57s] fs=5736 fs_err_rms=0.5274 |taps|=1.388 mu=5e-05 frz=0 hub=0.000 clmp=0
[eq-long t=151.80s] fs=5744 fs_err_rms=0.7000 |taps|=1.382 mu=5e-05 frz=0 hub=0.000 clmp=0
[fpll t=152.26s] nco_freq_hz=-2690069.1 mean|x|=0.03085 rms_x=0.04322 max|x|=1.1442 in_rms=105.2 out_rms=4.8
[eq-long t=152.06s] fs=5752 fs_err_rms=0.5408 |taps|=1.380 mu=5e-05 frz=0 hub=0.000 clmp=0
[fpll t=152.51s] nco_freq_hz=-2690071.2 mean|x|=0.03009 rms_x=0.03784 max|x|=0.2165 in_rms=105.7 out_rms=4.8
[mer-probe long] dd_err_rms=0.4938 dd_mer=20.11
[eq-long t=152.27s] fs=5760 fs_err_rms=0.5451 |taps|=1.383 mu=5e-05 frz=0 hub=0.000 clmp=0
[fpll t=152.76s] nco_freq_hz=-2690065.6 mean|x|=0.02979 rms_x=0.03743 max|x|=0.3195 in_rms=105.7 out_rms=4.8
[eq-long t=152.48s] fs=5768 fs_err_rms=0.5514 |taps|=1.386 mu=5e-05 frz=0 hub=0.000 clmp=0
[fpll t=153.02s] nco_freq_hz=-2690066.6 mean|x|=0.03009 rms_x=0.03784 max|x|=0.2404 in_rms=105.9 out_rms=4.8
[mer-probe long] dd_err_rms=0.4919 dd_mer=20.14
[eq-long t=152.71s] fs=5776 fs_err_rms=0.5456 |taps|=1.384 mu=5e-05 frz=0 hub=0.000 clmp=0
[fpll t=153.25s] nco_freq_hz=-2690071.7 mean|x|=0.02987 rms_x=0.03758 max|x|=0.2675 in_rms=106.0 out_rms=4.8
[eq-long t=152.89s] fs=5784 fs_err_rms=0.5455 |taps|=1.384 mu=5e-05 frz=0 hub=0.000 clmp=0
[fpll t=153.45s] nco_freq_hz=-2690067.4 mean|x|=0.03008 rms_x=0.03780 max|x|=0.2576 in_rms=106.0 out_rms=4.8
[eq-long t=153.08s] fs=5792 fs_err_rms=0.5490 |taps|=1.387 mu=5e-05 frz=0 hub=0.000 clmp=0
[mer-probe long] dd_err_rms=0.4934 dd_mer=20.12
[fpll t=153.71s] nco_freq_hz=-2690069.9 mean|x|=0.03003 rms_x=0.03777 max|x|=0.2229 in_rms=106.2 out_rms=4.8
[eq-long t=153.31s] fs=5800 fs_err_rms=0.5495 |taps|=1.384 mu=5e-05 frz=0 hub=0.000 clmp=0
[eq-long t=153.50s] fs=5808 fs_err_rms=0.5397 |taps|=1.383 mu=5e-05 frz=0 hub=0.000 clmp=0
[fpll t=153.95s] nco_freq_hz=-2690071.6 mean|x|=0.02995 rms_x=0.03767 max|x|=0.3036 in_rms=106.2 out_rms=4.8
[mer-probe long] dd_err_rms=0.4932 dd_mer=20.12
[eq-long t=153.68s] fs=5816 fs_err_rms=0.5471 |taps|=1.385 mu=5e-05 frz=0 hub=0.000 clmp=0
[fpll t=154.15s] nco_freq_hz=-2690069.2 mean|x|=0.03021 rms_x=0.03802 max|x|=0.2496 in_rms=105.9 out_rms=4.8
[eq-long t=153.86s] fs=5824 fs_err_rms=0.5546 |taps|=1.385 mu=5e-05 frz=0 hub=0.000 clmp=0
[fpll t=154.34s] nco_freq_hz=-2690068.0 mean|x|=0.03026 rms_x=0.03809 max|x|=0.3340 in_rms=105.4 out_rms=4.8
[eq-long t=154.03s] fs=5832 fs_err_rms=0.5560 |taps|=1.386 mu=5e-05 frz=0 hub=0.000 clmp=0
[mer-probe long] dd_err_rms=0.4925 dd_mer=20.13
[fpll t=154.54s] nco_freq_hz=-2690070.2 mean|x|=0.02997 rms_x=0.03768 max|x|=0.2484 in_rms=105.0 out_rms=4.8
[eq-long t=154.21s] fs=5840 fs_err_rms=0.5497 |taps|=1.384 mu=5e-05 frz=0 hub=0.000 clmp=0
[fpll t=154.73s] nco_freq_hz=-2690067.5 mean|x|=0.02995 rms_x=0.03766 max|x|=0.2606 in_rms=105.2 out_rms=4.8
[eq-long t=154.36s] fs=5848 fs_err_rms=0.5364 |taps|=1.389 mu=5e-05 frz=0 hub=0.000 clmp=0
[mer-probe long] dd_err_rms=0.4929 dd_mer=20.12
[fpll t=154.92s] nco_freq_hz=-2690067.8 mean|x|=0.03008 rms_x=0.03783 max|x|=0.2431 in_rms=105.2 out_rms=4.8
[eq-long t=154.53s] fs=5856 fs_err_rms=0.5306 |taps|=1.386 mu=5e-05 frz=0 hub=0.000 clmp=0
[fpll t=155.11s] nco_freq_hz=-2690071.6 mean|x|=0.03015 rms_x=0.03792 max|x|=0.2507 in_rms=105.2 out_rms=4.8
[eq-long t=154.70s] fs=5864 fs_err_rms=0.5508 |taps|=1.385 mu=5e-05 frz=0 hub=0.000 clmp=0
[mer-probe long] dd_err_rms=0.4930 dd_mer=20.12
[fpll t=155.33s] nco_freq_hz=-2690070.8 mean|x|=0.03010 rms_x=0.03782 max|x|=0.2368 in_rms=105.3 out_rms=4.8
[eq-long t=154.90s] fs=5872 fs_err_rms=0.5346 |taps|=1.389 mu=5e-05 frz=0 hub=0.000 clmp=0
[eq-long t=155.14s] fs=5880 fs_err_rms=0.5527 |taps|=1.387 mu=5e-05 frz=0 hub=0.000 clmp=0
[fpll t=155.60s] nco_freq_hz=-2690066.7 mean|x|=0.02996 rms_x=0.03766 max|x|=0.2528 in_rms=105.7 out_rms=4.8
[eq-long t=155.38s] fs=5888 fs_err_rms=0.5539 |taps|=1.390 mu=5e-05 frz=0 hub=0.000 clmp=0
[fpll t=155.90s] nco_freq_hz=-2690066.5 mean|x|=0.03004 rms_x=0.03782 max|x|=0.2721 in_rms=106.1 out_rms=4.8
[mer-probe long] dd_err_rms=0.4916 dd_mer=20.15
[eq-long t=155.63s] fs=5896 fs_err_rms=0.5720 |taps|=1.385 mu=5e-05 frz=0 hub=0.000 clmp=0
[fpll t=156.18s] nco_freq_hz=-2690065.2 mean|x|=0.03002 rms_x=0.03778 max|x|=0.2455 in_rms=106.1 out_rms=4.8
[eq-long t=155.90s] fs=5904 fs_err_rms=0.5393 |taps|=1.387 mu=5e-05 frz=0 hub=0.000 clmp=0
[fpll t=156.47s] nco_freq_hz=-2690070.3 mean|x|=0.03015 rms_x=0.03793 max|x|=0.2511 in_rms=106.4 out_rms=4.8
[mer-probe long] dd_err_rms=0.4926 dd_mer=20.13
[eq-long t=156.15s] fs=5912 fs_err_rms=0.5473 |taps|=1.389 mu=5e-05 frz=0 hub=0.000 clmp=0
[fpll t=156.73s] nco_freq_hz=-2690071.1 mean|x|=0.03010 rms_x=0.03786 max|x|=0.2604 in_rms=106.3 out_rms=4.8
[eq-long t=156.36s] fs=5920 fs_err_rms=0.5501 |taps|=1.385 mu=5e-05 frz=0 hub=0.000 clmp=0
[fpll t=156.99s] nco_freq_hz=-2690068.3 mean|x|=0.03016 rms_x=0.03793 max|x|=0.3129 in_rms=106.2 out_rms=4.8
[eq-long t=156.59s] fs=5928 fs_err_rms=0.5384 |taps|=1.386 mu=5e-05 frz=0 hub=0.000 clmp=0
[mer-probe long] dd_err_rms=0.4927 dd_mer=20.13
[fpll t=157.24s] nco_freq_hz=-2690063.0 mean|x|=0.03020 rms_x=0.03795 max|x|=0.2350 in_rms=106.1 out_rms=4.8
[eq-long t=156.82s] fs=5936 fs_err_rms=0.5501 |taps|=1.384 mu=5e-05 frz=0 hub=0.000 clmp=0
[eq-long t=157.05s] fs=5944 fs_err_rms=0.5380 |taps|=1.384 mu=5e-05 frz=0 hub=0.000 clmp=0
[fpll t=157.52s] nco_freq_hz=-2690070.7 mean|x|=0.03013 rms_x=0.03786 max|x|=0.2227 in_rms=105.8 out_rms=4.8
[mer-probe long] dd_err_rms=0.4915 dd_mer=20.15
[eq-long t=157.27s] fs=5952 fs_err_rms=0.5446 |taps|=1.384 mu=5e-05 frz=0 hub=0.000 clmp=0
[fpll t=157.76s] nco_freq_hz=-2690070.7 mean|x|=0.03000 rms_x=0.03771 max|x|=0.2451 in_rms=105.8 out_rms=4.8
[eq-long t=157.47s] fs=5960 fs_err_rms=0.5347 |taps|=1.387 mu=5e-05 frz=0 hub=0.000 clmp=0
[fpll t=158.00s] nco_freq_hz=-2690069.7 mean|x|=0.03048 rms_x=0.03835 max|x|=0.2405 in_rms=105.5 out_rms=4.8
[mer-probe long] dd_err_rms=0.4936 dd_mer=20.11
[eq-long t=157.70s] fs=5968 fs_err_rms=0.5426 |taps|=1.389 mu=5e-05 frz=0 hub=0.000 clmp=0
[fpll t=158.28s] nco_freq_hz=-2690064.4 mean|x|=0.03008 rms_x=0.03784 max|x|=0.3902 in_rms=105.2 out_rms=4.8
[eq-long t=157.94s] fs=5976 fs_err_rms=0.5568 |taps|=1.384 mu=5e-05 frz=0 hub=0.000 clmp=0
[fpll t=158.51s] nco_freq_hz=-2690069.2 mean|x|=0.03013 rms_x=0.03786 max|x|=0.2093 in_rms=105.0 out_rms=4.8
[eq-long t=158.14s] fs=5984 fs_err_rms=0.5399 |taps|=1.385 mu=5e-05 frz=0 hub=0.000 clmp=0
[mer-probe long] dd_err_rms=0.4945 dd_mer=20.10
[fpll t=158.70s] nco_freq_hz=-2690069.4 mean|x|=0.03028 rms_x=0.03812 max|x|=0.2931 in_rms=105.1 out_rms=4.8
[eq-long t=158.29s] fs=5992 fs_err_rms=0.5416 |taps|=1.386 mu=5e-05 frz=0 hub=0.000 clmp=0
[fpll t=158.90s] nco_freq_hz=-2690069.1 mean|x|=0.03003 rms_x=0.03775 max|x|=0.2386 in_rms=105.5 out_rms=4.8
[eq-long t=158.46s] fs=6000 fs_err_rms=0.5524 |taps|=1.389 mu=5e-05 frz=0 hub=0.000 clmp=0
[mer-probe long] dd_err_rms=0.4928 dd_mer=20.13
[eq-long t=158.63s] fs=6008 fs_err_rms=0.5353 |taps|=1.388 mu=5e-05 frz=0 hub=0.000 clmp=0
[fpll t=159.10s] nco_freq_hz=-2690066.9 mean|x|=0.03000 rms_x=0.03769 max|x|=0.2250 in_rms=105.8 out_rms=4.8
[eq-long t=158.81s] fs=6016 fs_err_rms=0.5406 |taps|=1.389 mu=5e-05 frz=0 hub=0.000 clmp=0
[fpll t=159.30s] nco_freq_hz=-2690070.9 mean|x|=0.03025 rms_x=0.03805 max|x|=0.2549 in_rms=106.1 out_rms=4.8
[eq-long t=158.97s] fs=6024 fs_err_rms=0.5503 |taps|=1.387 mu=5e-05 frz=0 hub=0.000 clmp=0
[mer-probe long] dd_err_rms=0.4928 dd_mer=20.13
[fpll t=159.49s] nco_freq_hz=-2690069.6 mean|x|=0.03017 rms_x=0.03796 max|x|=0.3217 in_rms=106.6 out_rms=4.8
[eq-long t=159.18s] fs=6032 fs_err_rms=0.5464 |taps|=1.390 mu=5e-05 frz=0 hub=0.000 clmp=0
[fpll t=159.73s] nco_freq_hz=-2690067.6 mean|x|=0.03018 rms_x=0.03794 max|x|=0.2413 in_rms=106.6 out_rms=4.8
[eq-long t=159.38s] fs=6040 fs_err_rms=0.5487 |taps|=1.386 mu=5e-05 frz=0 hub=0.000 clmp=0
[mer-probe long] dd_err_rms=0.4933 dd_mer=20.12
[fpll t=159.98s] nco_freq_hz=-2690070.0 mean|x|=0.03012 rms_x=0.03785 max|x|=0.2407 in_rms=106.5 out_rms=4.8
[eq-long t=159.61s] fs=6048 fs_err_rms=0.5401 |taps|=1.393 mu=5e-05 frz=0 hub=0.000 clmp=0
[fpll t=160.23s] nco_freq_hz=-2690067.0 mean|x|=0.03008 rms_x=0.03779 max|x|=0.2563 in_rms=106.4 out_rms=4.8
[eq-long t=159.83s] fs=6056 fs_err_rms=0.5570 |taps|=1.387 mu=5e-05 frz=0 hub=0.000 clmp=0
[fpll t=160.48s] nco_freq_hz=-2690068.7 mean|x|=0.03003 rms_x=0.03773 max|x|=0.2660 in_rms=106.5 out_rms=4.8
[eq-long t=160.05s] fs=6064 fs_err_rms=0.5522 |taps|=1.390 mu=5e-05 frz=0 hub=0.000 clmp=0
[mer-probe long] dd_err_rms=0.4921 dd_mer=20.14
[eq-long t=160.24s] fs=6072 fs_err_rms=0.5509 |taps|=1.387 mu=5e-05 frz=0 hub=0.000 clmp=0
[fpll t=160.70s] nco_freq_hz=-2690067.7 mean|x|=0.03021 rms_x=0.03797 max|x|=0.2700 in_rms=106.2 out_rms=4.8
[eq-long t=160.45s] fs=6080 fs_err_rms=0.5511 |taps|=1.387 mu=5e-05 frz=0 hub=0.000 clmp=0
[fpll t=160.94s] nco_freq_hz=-2690066.2 mean|x|=0.03026 rms_x=0.03803 max|x|=0.2420 in_rms=105.9 out_rms=4.8
[mer-probe long] dd_err_rms=0.4930 dd_mer=20.12
[eq-long t=160.65s] fs=6088 fs_err_rms=0.5528 |taps|=1.384 mu=5e-05 frz=0 hub=0.000 clmp=0
[fpll t=161.19s] nco_freq_hz=-2690068.7 mean|x|=0.03018 rms_x=0.03797 max|x|=0.4085 in_rms=105.7 out_rms=4.8
[eq-long t=160.89s] fs=6096 fs_err_rms=0.5549 |taps|=1.385 mu=5e-05 frz=0 hub=0.000 clmp=0
[fpll t=161.45s] nco_freq_hz=-2690071.8 mean|x|=0.03030 rms_x=0.03809 max|x|=0.2352 in_rms=105.5 out_rms=4.8
[mer-probe long] dd_err_rms=0.4933 dd_mer=20.12
[eq-long t=161.10s] fs=6104 fs_err_rms=0.5508 |taps|=1.386 mu=5e-05 frz=0 hub=0.000 clmp=0
[fpll t=161.70s] nco_freq_hz=-2690068.4 mean|x|=0.03024 rms_x=0.03802 max|x|=0.2291 in_rms=105.4 out_rms=4.8
[eq-long t=161.34s] fs=6112 fs_err_rms=0.5563 |taps|=1.384 mu=5e-05 frz=0 hub=0.000 clmp=0
[fpll t=161.95s] nco_freq_hz=-2690070.1 mean|x|=0.03011 rms_x=0.03790 max|x|=0.2509 in_rms=105.6 out_rms=4.8
[eq-long t=161.56s] fs=6120 fs_err_rms=0.5421 |taps|=1.382 mu=5e-05 frz=0 hub=0.000 clmp=0
[mer-probe long] dd_err_rms=0.4934 dd_mer=20.12
[fpll t=162.18s] nco_freq_hz=-2690068.0 mean|x|=0.03017 rms_x=0.03793 max|x|=0.2666 in_rms=105.7 out_rms=4.8
[eq-long t=161.74s] fs=6128 fs_err_rms=0.5463 |taps|=1.384 mu=5e-05 frz=0 hub=0.000 clmp=0
[eq-long t=162.21s] fs=6136 fs_err_rms=0.5515 |taps|=1.386 mu=5e-05 frz=0 hub=0.000 clmp=0
[fpll t=162.66s] nco_freq_hz=-2690071.3 mean|x|=0.03022 rms_x=0.03803 max|x|=0.4019 in_rms=105.8 out_rms=4.8
[mer-probe long] dd_err_rms=0.4936 dd_mer=20.11
[eq-long t=162.42s] fs=6144 fs_err_rms=0.5667 |taps|=1.385 mu=5e-05 frz=0 hub=0.000 clmp=0
[fpll t=162.93s] nco_freq_hz=-2690063.3 mean|x|=0.03023 rms_x=0.03804 max|x|=0.2373 in_rms=105.9 out_rms=4.8
[eq-long t=162.63s] fs=6152 fs_err_rms=0.5631 |taps|=1.384 mu=5e-05 frz=0 hub=0.000 clmp=0
OsO[fpll t=163.18s] nco_freq_hz=-2690068.5 mean|x|=0.03009 rms_x=0.03787 max|x|=0.2471 in_rms=106.2 out_rms=4.8
[eq-long t=162.87s] fs=6160 fs_err_rms=0.5395 |taps|=1.382 mu=5e-05 frz=0 hub=0.000 clmp=0
[mer-probe long] dd_err_rms=0.4943 dd_mer=20.10
[fpll t=163.44s] nco_freq_hz=-2690068.7 mean|x|=0.03005 rms_x=0.03780 max|x|=0.2603 in_rms=106.5 out_rms=4.8
[eq-long t=163.11s] fs=6168 fs_err_rms=0.5566 |taps|=1.385 mu=5e-05 frz=0 hub=0.000 clmp=0
[eq-long] MOD12 GUARD: phase 6 confirmed x2 — dropping 6 segments
[fpll t=163.68s] nco_freq_hz=-2690067.3 mean|x|=0.03001 rms_x=0.03793 max|x|=0.3226 in_rms=106.2 out_rms=4.8
[eq-long t=163.32s] fs=6176 fs_err_rms=0.5481 |taps|=1.383 mu=5e-05 frz=0 hub=0.000 clmp=0
[mer-probe long] dd_err_rms=0.4941 dd_mer=20.10
[fpll t=163.93s] nco_freq_hz=-2690067.9 mean|x|=0.03029 rms_x=0.03810 max|x|=0.2479 in_rms=106.0 out_rms=4.8
[eq-long t=163.52s] fs=6184 fs_err_rms=0.5328 |taps|=1.384 mu=5e-05 frz=0 hub=0.000 clmp=0
[eq-long t=163.73s] fs=6192 fs_err_rms=0.5355 |taps|=1.386 mu=5e-05 frz=0 hub=0.000 clmp=0
[fpll t=164.17s] nco_freq_hz=-2690067.5 mean|x|=0.03010 rms_x=0.03787 max|x|=0.3324 in_rms=105.7 out_rms=4.8
[mer-probe long] dd_err_rms=0.4927 dd_mer=20.13
[eq-long t=163.94s] fs=6200 fs_err_rms=0.5500 |taps|=1.385 mu=5e-05 frz=0 hub=0.000 clmp=0
[fpll t=164.43s] nco_freq_hz=-2690069.4 mean|x|=0.03013 rms_x=0.03788 max|x|=0.2879 in_rms=105.8 out_rms=4.8
[eq-long t=164.17s] fs=6208 fs_err_rms=0.5580 |taps|=1.388 mu=5e-05 frz=0 hub=0.000 clmp=0
[fpll t=164.68s] nco_freq_hz=-2690070.2 mean|x|=0.03016 rms_x=0.03791 max|x|=0.2550 in_rms=106.1 out_rms=4.8
[eq-long t=164.39s] fs=6216 fs_err_rms=0.5495 |taps|=1.384 mu=5e-05 frz=0 hub=0.000 clmp=0
[mer-probe long] dd_err_rms=0.4930 dd_mer=20.12
[fpll t=164.94s] nco_freq_hz=-2690073.7 mean|x|=0.03019 rms_x=0.03794 max|x|=0.2525 in_rms=106.2 out_rms=4.8
[eq-long t=164.63s] fs=6224 fs_err_rms=0.5626 |taps|=1.386 mu=5e-05 frz=0 hub=0.000 clmp=0
[fpll t=165.16s] nco_freq_hz=-2690066.6 mean|x|=0.03016 rms_x=0.03790 max|x|=0.2438 in_rms=106.7 out_rms=4.8
[eq-long t=164.79s] fs=6232 fs_err_rms=0.5498 |taps|=1.379 mu=5e-05 frz=0 hub=0.000 clmp=0
[mer-probe long] dd_err_rms=0.4922 dd_mer=20.14
[fpll t=165.36s] nco_freq_hz=-2690068.5 mean|x|=0.03026 rms_x=0.03806 max|x|=0.2353 in_rms=107.2 out_rms=4.8
[eq-long t=164.96s] fs=6240 fs_err_rms=0.5528 |taps|=1.384 mu=5e-05 frz=0 hub=0.000 clmp=0
[fpll t=165.58s] nco_freq_hz=-2690068.2 mean|x|=0.03011 rms_x=0.03783 max|x|=0.2187 in_rms=107.1 out_rms=4.8
[eq-long t=165.16s] fs=6248 fs_err_rms=0.5618 |taps|=1.384 mu=5e-05 frz=0 hub=0.000 clmp=0
[eq-long t=165.32s] fs=6256 fs_err_rms=0.5605 |taps|=1.386 mu=5e-05 frz=0 hub=0.000 clmp=0
[fpll t=165.77s] nco_freq_hz=-2690067.0 mean|x|=0.03005 rms_x=0.03782 max|x|=0.3167 in_rms=107.3 out_rms=4.8
[mer-probe long] dd_err_rms=0.4939 dd_mer=20.11
[eq-long t=165.52s] fs=6264 fs_err_rms=0.5458 |taps|=1.385 mu=5e-05 frz=0 hub=0.000 clmp=0
[fpll t=165.99s] nco_freq_hz=-2690068.8 mean|x|=0.02986 rms_x=0.03754 max|x|=0.2548 in_rms=107.4 out_rms=4.8
[eq-long t=165.70s] fs=6272 fs_err_rms=0.5499 |taps|=1.383 mu=5e-05 frz=0 hub=0.000 clmp=0
[fpll t=166.19s] nco_freq_hz=-2690071.6 mean|x|=0.03005 rms_x=0.03778 max|x|=0.2523 in_rms=107.2 out_rms=4.8
[mer-probe long] dd_err_rms=0.4927 dd_mer=20.13
[eq-long t=165.87s] fs=6280 fs_err_rms=0.5540 |taps|=1.386 mu=5e-05 frz=0 hub=0.000 clmp=0
[fpll t=166.41s] nco_freq_hz=-2690067.5 mean|x|=0.02994 rms_x=0.03764 max|x|=0.2304 in_rms=106.9 out_rms=4.8
[eq-long t=166.05s] fs=6288 fs_err_rms=0.5512 |taps|=1.383 mu=5e-05 frz=0 hub=0.000 clmp=0
[fpll t=166.61s] nco_freq_hz=-2690067.6 mean|x|=0.02998 rms_x=0.03768 max|x|=0.2242 in_rms=106.6 out_rms=4.8
[mer-probe long] dd_err_rms=0.4931 dd_mer=20.12
[eq-long t=166.24s] fs=6296 fs_err_rms=0.5557 |taps|=1.381 mu=5e-05 frz=0 hub=0.000 clmp=0
[fpll t=166.80s] nco_freq_hz=-2690069.9 mean|x|=0.02993 rms_x=0.03763 max|x|=0.2770 in_rms=106.7 out_rms=4.8
[eq-long t=166.40s] fs=6304 fs_err_rms=0.5468 |taps|=1.380 mu=5e-05 frz=0 hub=0.000 clmp=0
[fpll t=167.04s] nco_freq_hz=-2690066.9 mean|x|=0.02992 rms_x=0.03759 max|x|=0.2486 in_rms=106.5 out_rms=4.8
[eq-long t=166.63s] fs=6312 fs_err_rms=0.5451 |taps|=1.384 mu=5e-05 frz=0 hub=0.000 clmp=0
[mer-probe long] dd_err_rms=0.4916 dd_mer=20.15
[fpll t=167.30s] nco_freq_hz=-2690067.0 mean|x|=0.02996 rms_x=0.03770 max|x|=0.2985 in_rms=106.0 out_rms=4.8
[eq-long t=166.86s] fs=6320 fs_err_rms=0.5411 |taps|=1.381 mu=5e-05 frz=0 hub=0.000 clmp=0
[eq-long t=167.12s] fs=6328 fs_err_rms=0.5430 |taps|=1.384 mu=5e-05 frz=0 hub=0.000 clmp=0
[fpll t=167.58s] nco_freq_hz=-2690069.5 mean|x|=0.03026 rms_x=0.03809 max|x|=0.2809 in_rms=105.8 out_rms=4.8
[mer-probe long] dd_err_rms=0.4936 dd_mer=20.11
[eq-long t=167.35s] fs=6336 fs_err_rms=0.5741 |taps|=1.385 mu=5e-05 frz=0 hub=0.000 clmp=0
[fpll t=167.87s] nco_freq_hz=-2690070.9 mean|x|=0.02994 rms_x=0.03765 max|x|=0.2244 in_rms=105.8 out_rms=4.8
[eq-long t=167.59s] fs=6344 fs_err_rms=0.5539 |taps|=1.385 mu=5e-05 frz=0 hub=0.000 clmp=0
[fpll t=168.09s] nco_freq_hz=-2690069.0 mean|x|=0.02990 rms_x=0.03761 max|x|=0.3452 in_rms=105.9 out_rms=4.8
[eq-long t=167.78s] fs=6352 fs_err_rms=0.5551 |taps|=1.386 mu=5e-05 frz=0 hub=0.000 clmp=0
[mer-probe long] dd_err_rms=0.4933 dd_mer=20.12
[fpll t=168.40s] nco_freq_hz=-2690071.3 mean|x|=0.03003 rms_x=0.03775 max|x|=0.2340 in_rms=106.1 out_rms=4.8
[eq-long t=168.05s] fs=6360 fs_err_rms=0.5380 |taps|=1.381 mu=5e-05 frz=0 hub=0.000 clmp=0
[fpll t=168.66s] nco_freq_hz=-2690069.2 mean|x|=0.02976 rms_x=0.03743 max|x|=0.2304 in_rms=106.4 out_rms=4.8
[eq-long t=168.27s] fs=6368 fs_err_rms=0.5631 |taps|=1.385 mu=5e-05 frz=0 hub=0.000 clmp=0
[mer-probe long] dd_err_rms=0.4930 dd_mer=20.12
[fpll t=168.92s] nco_freq_hz=-2690068.2 mean|x|=0.02996 rms_x=0.03768 max|x|=0.2431 in_rms=106.8 out_rms=4.8
[eq-long t=168.50s] fs=6376 fs_err_rms=0.5382 |taps|=1.383 mu=5e-05 frz=0 hub=0.000 clmp=0
[eq-long t=168.68s] fs=6384 fs_err_rms=0.5612 |taps|=1.381 mu=5e-05 frz=0 hub=0.000 clmp=0
[fpll t=169.14s] nco_freq_hz=-2690067.0 mean|x|=0.03007 rms_x=0.03781 max|x|=0.3193 in_rms=106.8 out_rms=4.8
[eq-long t=168.85s] fs=6392 fs_err_rms=0.5489 |taps|=1.385 mu=5e-05 frz=0 hub=0.000 clmp=0
[mer-probe long] dd_err_rms=0.4926 dd_mer=20.13
[fpll t=169.33s] nco_freq_hz=-2690070.4 mean|x|=0.02997 rms_x=0.03768 max|x|=0.2691 in_rms=106.6 out_rms=4.8
[eq-long t=169.02s] fs=6400 fs_err_rms=0.5510 |taps|=1.384 mu=5e-05 frz=0 hub=0.000 clmp=0
[fpll t=169.53s] nco_freq_hz=-2690070.6 mean|x|=0.03010 rms_x=0.03786 max|x|=0.2717 in_rms=106.6 out_rms=4.8
[eq-long t=169.19s] fs=6408 fs_err_rms=0.5375 |taps|=1.386 mu=5e-05 frz=0 hub=0.000 clmp=0
[fpll t=169.71s] nco_freq_hz=-2690069.1 mean|x|=0.03010 rms_x=0.03788 max|x|=0.2812 in_rms=106.6 out_rms=4.8
[mer-probe long] dd_err_rms=0.4932 dd_mer=20.12
[eq-long t=169.37s] fs=6416 fs_err_rms=0.5460 |taps|=1.385 mu=5e-05 frz=0 hub=0.000 clmp=0
[fpll t=169.93s] nco_freq_hz=-2690069.2 mean|x|=0.03003 rms_x=0.03775 max|x|=0.2369 in_rms=106.1 out_rms=4.8
[eq-long t=169.58s] fs=6424 fs_err_rms=0.5485 |taps|=1.385 mu=5e-05 frz=0 hub=0.000 clmp=0
[fpll t=170.19s] nco_freq_hz=-2690070.2 mean|x|=0.03008 rms_x=0.03784 max|x|=0.3127 in_rms=105.7 out_rms=4.8
[mer-probe long] dd_err_rms=0.4935 dd_mer=20.11
[eq-long t=169.81s] fs=6432 fs_err_rms=0.5412 |taps|=1.386 mu=5e-05 frz=0 hub=0.000 clmp=0
[fpll t=170.46s] nco_freq_hz=-2690072.4 mean|x|=0.03023 rms_x=0.03799 max|x|=0.2398 in_rms=105.6 out_rms=4.8
[eq-long t=170.05s] fs=6440 fs_err_rms=0.5498 |taps|=1.385 mu=5e-05 frz=0 hub=0.000 clmp=0
[fpll t=170.70s] nco_freq_hz=-2690070.9 mean|x|=0.03014 rms_x=0.03792 max|x|=0.2873 in_rms=105.5 out_rms=4.8
[eq-long t=170.27s] fs=6448 fs_err_rms=0.5550 |taps|=1.385 mu=5e-05 frz=0 hub=0.000 clmp=0
[mer-probe long] dd_err_rms=0.4930 dd_mer=20.12
[eq-long t=170.47s] fs=6456 fs_err_rms=0.5496 |taps|=1.383 mu=5e-05 frz=0 hub=0.000 clmp=0
[fpll t=170.96s] nco_freq_hz=-2690069.5 mean|x|=0.03015 rms_x=0.03794 max|x|=0.2241 in_rms=105.5 out_rms=4.8
[eq-long t=170.71s] fs=6464 fs_err_rms=0.5546 |taps|=1.384 mu=5e-05 frz=0 hub=0.000 clmp=0
[fpll t=171.19s] nco_freq_hz=-2690070.2 mean|x|=0.03008 rms_x=0.03781 max|x|=0.2547 in_rms=105.7 out_rms=4.8
[mer-probe long] dd_err_rms=0.4927 dd_mer=20.13
[eq-long t=170.93s] fs=6472 fs_err_rms=0.5786 |taps|=1.384 mu=5e-05 frz=0 hub=0.000 clmp=0
[fpll t=171.48s] nco_freq_hz=-2690067.0 mean|x|=0.02996 rms_x=0.03767 max|x|=0.2293 in_rms=106.1 out_rms=4.8
[eq-long t=171.16s] fs=6480 fs_err_rms=0.5617 |taps|=1.385 mu=5e-05 frz=0 hub=0.000 clmp=0
[fpll t=171.73s] nco_freq_hz=-2690069.4 mean|x|=0.03016 rms_x=0.03794 max|x|=0.2563 in_rms=106.4 out_rms=4.8
[eq-long t=171.38s] fs=6488 fs_err_rms=0.5559 |taps|=1.380 mu=5e-05 frz=0 hub=0.000 clmp=0
[mer-probe long] dd_err_rms=0.4928 dd_mer=20.13
[fpll t=171.99s] nco_freq_hz=-2690067.7 mean|x|=0.03033 rms_x=0.03815 max|x|=0.3110 in_rms=106.5 out_rms=4.8
[eq-long t=171.60s] fs=6496 fs_err_rms=0.5417 |taps|=1.383 mu=5e-05 frz=0 hub=0.000 clmp=0
[fpll t=172.23s] nco_freq_hz=-2690070.6 mean|x|=0.02999 rms_x=0.03771 max|x|=0.3049 in_rms=106.3 out_rms=4.8
[eq-long t=171.82s] fs=6504 fs_err_rms=0.5486 |taps|=1.384 mu=5e-05 frz=0 hub=0.000 clmp=0
[mer-probe long] dd_err_rms=0.4928 dd_mer=20.13
[fpll t=172.46s] nco_freq_hz=-2690066.8 mean|x|=0.02992 rms_x=0.03764 max|x|=0.3112 in_rms=106.7 out_rms=4.8
[eq-long t=172.04s] fs=6512 fs_err_rms=0.5474 |taps|=1.379 mu=5e-05 frz=0 hub=0.000 clmp=0
[eq-long t=172.25s] fs=6520 fs_err_rms=0.5406 |taps|=1.382 mu=5e-05 frz=0 hub=0.000 clmp=0
[fpll t=172.70s] nco_freq_hz=-2690067.4 mean|x|=0.03018 rms_x=0.03796 max|x|=0.3010 in_rms=106.7 out_rms=4.8
[mer-probe long] dd_err_rms=0.4920 dd_mer=20.14
[eq-long t=172.46s] fs=6528 fs_err_rms=0.5459 |taps|=1.381 mu=5e-05 frz=0 hub=0.000 clmp=0
[fpll t=172.98s] nco_freq_hz=-2690069.6 mean|x|=0.03020 rms_x=0.03799 max|x|=0.2561 in_rms=106.8 out_rms=4.8
[eq-long t=172.67s] fs=6536 fs_err_rms=0.5531 |taps|=1.383 mu=5e-05 frz=0 hub=0.000 clmp=0
[fpll t=173.22s] nco_freq_hz=-2690070.6 mean|x|=0.03010 rms_x=0.03785 max|x|=0.3632 in_rms=106.6 out_rms=4.8
[eq-long t=172.90s] fs=6544 fs_err_rms=0.5566 |taps|=1.380 mu=5e-05 frz=0 hub=0.000 clmp=0
[mer-probe long] dd_err_rms=0.4944 dd_mer=20.10
[fpll t=173.46s] nco_freq_hz=-2690068.8 mean|x|=0.03023 rms_x=0.03803 max|x|=0.2664 in_rms=106.4 out_rms=4.8
[eq-long t=173.11s] fs=6552 fs_err_rms=0.5331 |taps|=1.383 mu=5e-05 frz=0 hub=0.000 clmp=0
[fpll t=173.73s] nco_freq_hz=-2690070.0 mean|x|=0.03008 rms_x=0.03780 max|x|=0.2754 in_rms=106.4 out_rms=4.8
[eq-long t=173.33s] fs=6560 fs_err_rms=0.5514 |taps|=1.381 mu=5e-05 frz=0 hub=0.000 clmp=0
[fpll t=173.97s] nco_freq_hz=-2690072.9 mean|x|=0.03012 rms_x=0.03786 max|x|=0.2348 in_rms=105.8 out_rms=4.8
[mer-probe long] dd_err_rms=0.4932 dd_mer=20.12
[eq-long t=173.57s] fs=6568 fs_err_rms=0.5527 |taps|=1.387 mu=5e-05 frz=0 hub=0.000 clmp=0
[eq-long t=173.77s] fs=6576 fs_err_rms=0.5490 |taps|=1.382 mu=5e-05 frz=0 hub=0.000 clmp=0
[fpll t=174.22s] nco_freq_hz=-2690072.1 mean|x|=0.03019 rms_x=0.03801 max|x|=0.3210 in_rms=105.5 out_rms=4.8
[eq-long t=174.00s] fs=6584 fs_err_rms=0.5361 |taps|=1.381 mu=5e-05 frz=0 hub=0.000 clmp=0
[fpll t=174.46s] nco_freq_hz=-2690066.2 mean|x|=0.03024 rms_x=0.03805 max|x|=0.2784 in_rms=105.6 out_rms=4.8
[mer-probe long] dd_err_rms=0.4923 dd_mer=20.13
[eq-long t=174.22s] fs=6592 fs_err_rms=0.5592 |taps|=1.381 mu=5e-05 frz=0 hub=0.000 clmp=0
[fpll t=174.73s] nco_freq_hz=-2690068.1 mean|x|=0.03008 rms_x=0.03781 max|x|=0.2438 in_rms=105.6 out_rms=4.8
[eq-long t=174.44s] fs=6600 fs_err_rms=0.5445 |taps|=1.383 mu=5e-05 frz=0 hub=0.000 clmp=0
[fpll t=174.99s] nco_freq_hz=-2690070.4 mean|x|=0.03007 rms_x=0.03782 max|x|=0.2537 in_rms=105.7 out_rms=4.8
[mer-probe long] dd_err_rms=0.4934 dd_mer=20.12
[eq-long t=174.65s] fs=6608 fs_err_rms=0.5475 |taps|=1.382 mu=5e-05 frz=0 hub=0.000 clmp=0
[fpll t=175.24s] nco_freq_hz=-2690071.8 mean|x|=0.03016 rms_x=0.03790 max|x|=0.2760 in_rms=105.9 out_rms=4.8
[eq-long t=174.89s] fs=6616 fs_err_rms=0.5316 |taps|=1.379 mu=5e-05 frz=0 hub=0.000 clmp=0
OsO[fpll t=175.50s] nco_freq_hz=-2690071.3 mean|x|=0.03014 rms_x=0.03789 max|x|=0.2823 in_rms=106.4 out_rms=4.8
[eq-long t=175.10s] fs=6624 fs_err_rms=0.5356 |taps|=1.381 mu=5e-05 frz=0 hub=0.000 clmp=0
[mer-probe long] dd_err_rms=0.4926 dd_mer=20.13
[fpll t=175.75s] nco_freq_hz=-2690067.9 mean|x|=0.03027 rms_x=0.03808 max|x|=0.2823 in_rms=106.7 out_rms=4.8
[eq-long t=175.31s] fs=6632 fs_err_rms=0.5362 |taps|=1.380 mu=5e-05 frz=0 hub=0.000 clmp=0
[fpll t=176.00s] nco_freq_hz=-2690065.6 mean|x|=0.03075 rms_x=0.04084 max|x|=0.8202 in_rms=106.6 out_rms=4.8
[eq-long t=175.55s] fs=6640 fs_err_rms=0.5486 |taps|=1.380 mu=5e-05 frz=0 hub=0.000 clmp=0
[mer-probe long] dd_err_rms=0.4956 dd_mer=20.08
[eq-long t=175.79s] fs=6648 fs_err_rms=0.5463 |taps|=1.381 mu=5e-05 frz=0 hub=0.000 clmp=0
[fpll t=176.25s] nco_freq_hz=-2690065.3 mean|x|=0.03012 rms_x=0.03789 max|x|=0.2605 in_rms=106.4 out_rms=4.8
[eq-long t=176.00s] fs=6656 fs_err_rms=0.5267 |taps|=1.377 mu=5e-05 frz=0 hub=0.000 clmp=0
[fpll t=176.49s] nco_freq_hz=-2690070.1 mean|x|=0.03018 rms_x=0.03797 max|x|=0.3211 in_rms=106.2 out_rms=4.8
[mer-probe long] dd_err_rms=0.4929 dd_mer=20.12
[eq-long t=176.21s] fs=6664 fs_err_rms=0.5301 |taps|=1.380 mu=5e-05 frz=0 hub=0.000 clmp=0
[fpll t=176.73s] nco_freq_hz=-2690067.6 mean|x|=0.03019 rms_x=0.03797 max|x|=0.2367 in_rms=106.0 out_rms=4.8
[eq-long t=176.44s] fs=6672 fs_err_rms=0.5290 |taps|=1.377 mu=5e-05 frz=0 hub=0.000 clmp=0
[fpll t=176.99s] nco_freq_hz=-2690069.3 mean|x|=0.03026 rms_x=0.03803 max|x|=0.2586 in_rms=105.7 out_rms=4.8
[eq-long t=176.66s] fs=6680 fs_err_rms=0.5244 |taps|=1.383 mu=5e-05 frz=0 hub=0.000 clmp=0
[mer-probe long] dd_err_rms=0.4927 dd_mer=20.13
[fpll t=177.26s] nco_freq_hz=-2690070.5 mean|x|=0.03024 rms_x=0.03802 max|x|=0.2845 in_rms=106.0 out_rms=4.8
[eq-long t=176.90s] fs=6688 fs_err_rms=0.5714 |taps|=1.378 mu=5e-05 frz=0 hub=0.000 clmp=0
[fpll t=177.50s] nco_freq_hz=-2690071.6 mean|x|=0.03029 rms_x=0.03809 max|x|=0.2668 in_rms=105.8 out_rms=4.8
[eq-long t=177.08s] fs=6696 fs_err_rms=0.5347 |taps|=1.381 mu=5e-05 frz=0 hub=0.000 clmp=0
[mer-probe long] dd_err_rms=0.4934 dd_mer=20.11
[eq-long t=177.26s] fs=6704 fs_err_rms=0.5301 |taps|=1.377 mu=5e-05 frz=0 hub=0.000 clmp=0
[fpll t=177.70s] nco_freq_hz=-2690066.7 mean|x|=0.03021 rms_x=0.03799 max|x|=0.2625 in_rms=105.8 out_rms=4.8
[eq-long t=177.44s] fs=6712 fs_err_rms=0.5296 |taps|=1.380 mu=5e-05 frz=0 hub=0.000 clmp=0
[fpll t=177.89s] nco_freq_hz=-2690069.5 mean|x|=0.03015 rms_x=0.03795 max|x|=0.2722 in_rms=106.1 out_rms=4.8
[eq-long t=177.65s] fs=6720 fs_err_rms=0.5486 |taps|=1.381 mu=5e-05 frz=0 hub=0.000 clmp=0
[mer-probe long] dd_err_rms=0.4932 dd_mer=20.12
[fpll t=178.14s] nco_freq_hz=-2690067.3 mean|x|=0.03018 rms_x=0.03797 max|x|=0.3016 in_rms=106.5 out_rms=4.8
[eq-long t=177.87s] fs=6728 fs_err_rms=0.5528 |taps|=1.381 mu=5e-05 frz=0 hub=0.000 clmp=0
[fpll t=178.40s] nco_freq_hz=-2690070.6 mean|x|=0.03008 rms_x=0.03783 max|x|=0.2525 in_rms=106.7 out_rms=4.8
[eq-long t=178.11s] fs=6736 fs_err_rms=0.5473 |taps|=1.381 mu=5e-05 frz=0 hub=0.000 clmp=0
[fpll t=178.67s] nco_freq_hz=-2690065.4 mean|x|=0.03008 rms_x=0.03779 max|x|=0.2207 in_rms=106.7 out_rms=4.8
[mer-probe long] dd_err_rms=0.4912 dd_mer=20.15
[eq-long t=178.33s] fs=6744 fs_err_rms=0.5299 |taps|=1.380 mu=5e-05 frz=0 hub=0.000 clmp=0
[fpll t=178.92s] nco_freq_hz=-2690071.7 mean|x|=0.03002 rms_x=0.03775 max|x|=0.2524 in_rms=106.5 out_rms=4.8
[eq-long t=178.56s] fs=6752 fs_err_rms=0.5321 |taps|=1.381 mu=5e-05 frz=0 hub=0.000 clmp=0
[fpll t=179.15s] nco_freq_hz=-2690068.6 mean|x|=0.02998 rms_x=0.03772 max|x|=0.2663 in_rms=106.3 out_rms=4.8
[mer-probe long] dd_err_rms=0.4925 dd_mer=20.13
[eq-long t=178.73s] fs=6760 fs_err_rms=0.5406 |taps|=1.381 mu=5e-05 frz=0 hub=0.000 clmp=0
[fpll t=179.34s] nco_freq_hz=-2690066.9 mean|x|=0.02997 rms_x=0.03770 max|x|=0.2418 in_rms=106.1 out_rms=4.8
[eq-long t=178.91s] fs=6768 fs_err_rms=0.5244 |taps|=1.380 mu=5e-05 frz=0 hub=0.000 clmp=0
[eq-long t=179.09s] fs=6776 fs_err_rms=0.5490 |taps|=1.381 mu=5e-05 frz=0 hub=0.000 clmp=0
[fpll t=179.55s] nco_freq_hz=-2690070.2 mean|x|=0.02994 rms_x=0.03763 max|x|=0.2955 in_rms=105.9 out_rms=4.8
[mer-probe long] dd_err_rms=0.4917 dd_mer=20.15
[eq-long t=179.26s] fs=6784 fs_err_rms=0.5341 |taps|=1.380 mu=5e-05 frz=0 hub=0.000 clmp=0
[fpll t=179.75s] nco_freq_hz=-2690070.1 mean|x|=0.03000 rms_x=0.03774 max|x|=0.2748 in_rms=106.0 out_rms=4.8
[eq-long t=179.42s] fs=6792 fs_err_rms=0.5269 |taps|=1.383 mu=5e-05 frz=0 hub=0.000 clmp=0
[fpll t=179.95s] nco_freq_hz=-2690073.8 mean|x|=0.02980 rms_x=0.03749 max|x|=0.2260 in_rms=105.9 out_rms=4.8
[mer-probe long] dd_err_rms=0.4923 dd_mer=20.13
[eq-long t=179.60s] fs=6800 fs_err_rms=0.5348 |taps|=1.383 mu=5e-05 frz=0 hub=0.000 clmp=0
[fpll t=180.15s] nco_freq_hz=-2690067.7 mean|x|=0.02995 rms_x=0.03768 max|x|=0.3222 in_rms=105.9 out_rms=4.8
[eq-long t=179.78s] fs=6808 fs_err_rms=0.5329 |taps|=1.378 mu=5e-05 frz=0 hub=0.000 clmp=0
[fpll t=180.33s] nco_freq_hz=-2690069.7 mean|x|=0.02970 rms_x=0.03736 max|x|=0.3183 in_rms=106.1 out_rms=4.8
[eq-long t=179.94s] fs=6816 fs_err_rms=0.5190 |taps|=1.380 mu=5e-05 frz=0 hub=0.000 clmp=0
[mer-probe long] dd_err_rms=0.4920 dd_mer=20.14
[fpll t=180.57s] nco_freq_hz=-2690072.1 mean|x|=0.02980 rms_x=0.03750 max|x|=0.3132 in_rms=106.5 out_rms=4.8
[eq-long t=180.16s] fs=6824 fs_err_rms=0.5299 |taps|=1.377 mu=5e-05 frz=0 hub=0.000 clmp=0
[eq-long t=180.38s] fs=6832 fs_err_rms=0.5404 |taps|=1.381 mu=5e-05 frz=0 hub=0.000 clmp=0
[fpll t=180.82s] nco_freq_hz=-2690068.4 mean|x|=0.03004 rms_x=0.03779 max|x|=0.2999 in_rms=106.7 out_rms=4.8
[mer-probe long] dd_err_rms=0.4920 dd_mer=20.14
[eq-long t=180.61s] fs=6840 fs_err_rms=0.5510 |taps|=1.379 mu=5e-05 frz=0 hub=0.000 clmp=0
[fpll t=181.08s] nco_freq_hz=-2690069.2 mean|x|=0.02994 rms_x=0.03762 max|x|=0.2216 in_rms=106.5 out_rms=4.8
[eq-long t=180.84s] fs=6848 fs_err_rms=0.5408 |taps|=1.379 mu=5e-05 frz=0 hub=0.000 clmp=0
[fpll t=181.34s] nco_freq_hz=-2690069.4 mean|x|=0.02991 rms_x=0.03762 max|x|=0.3057 in_rms=106.6 out_rms=4.8
[eq-long t=181.07s] fs=6856 fs_err_rms=0.5284 |taps|=1.378 mu=5e-05 frz=0 hub=0.000 clmp=0
[mer-probe long] dd_err_rms=0.4922 dd_mer=20.14
[fpll t=181.60s] nco_freq_hz=-2690070.5 mean|x|=0.02999 rms_x=0.03769 max|x|=0.2213 in_rms=106.8 out_rms=4.8
[eq-long t=181.29s] fs=6864 fs_err_rms=0.5355 |taps|=1.377 mu=5e-05 frz=0 hub=0.000 clmp=0
[fpll t=181.85s] nco_freq_hz=-2690067.0 mean|x|=0.02979 rms_x=0.03748 max|x|=0.3109 in_rms=107.0 out_rms=4.8
[eq-long t=181.51s] fs=6872 fs_err_rms=0.5344 |taps|=1.378 mu=5e-05 frz=0 hub=0.000 clmp=0
[mer-probe long] dd_err_rms=0.4920 dd_mer=20.14
[fpll t=182.10s] nco_freq_hz=-2690071.4 mean|x|=0.02995 rms_x=0.03771 max|x|=0.2755 in_rms=106.9 out_rms=4.8
[eq-long t=181.72s] fs=6880 fs_err_rms=0.5591 |taps|=1.377 mu=5e-05 frz=0 hub=0.000 clmp=0
[fpll t=182.36s] nco_freq_hz=-2690069.3 mean|x|=0.02994 rms_x=0.03764 max|x|=0.3448 in_rms=107.0 out_rms=4.8
[eq-long t=181.96s] fs=6888 fs_err_rms=0.5394 |taps|=1.377 mu=5e-05 frz=0 hub=0.000 clmp=0
[mer-probe long] dd_err_rms=0.4923 dd_mer=20.13
[fpll t=182.63s] nco_freq_hz=-2690070.7 mean|x|=0.03001 rms_x=0.03777 max|x|=0.2841 in_rms=106.9 out_rms=4.8
[eq-long t=182.18s] fs=6896 fs_err_rms=0.5386 |taps|=1.375 mu=5e-05 frz=0 hub=0.000 clmp=0
[eq-long t=182.42s] fs=6904 fs_err_rms=0.5480 |taps|=1.372 mu=5e-05 frz=0 hub=0.000 clmp=0
[fpll t=182.87s] nco_freq_hz=-2690065.6 mean|x|=0.03008 rms_x=0.03782 max|x|=0.2342 in_rms=106.5 out_rms=4.8
[eq-long t=182.64s] fs=6912 fs_err_rms=0.5521 |taps|=1.375 mu=5e-05 frz=0 hub=0.000 clmp=0
[fpll t=183.13s] nco_freq_hz=-2690067.4 mean|x|=0.02993 rms_x=0.03766 max|x|=0.2543 in_rms=106.5 out_rms=4.8
[mer-probe long] dd_err_rms=0.4919 dd_mer=20.14
[eq-long t=182.84s] fs=6920 fs_err_rms=0.5423 |taps|=1.376 mu=5e-05 frz=0 hub=0.000 clmp=0
[fpll t=183.39s] nco_freq_hz=-2690069.0 mean|x|=0.02996 rms_x=0.03764 max|x|=0.2497 in_rms=106.3 out_rms=4.8
[eq-long t=183.07s] fs=6928 fs_err_rms=0.5432 |taps|=1.375 mu=5e-05 frz=0 hub=0.000 clmp=0
[fpll t=183.61s] nco_freq_hz=-2690065.5 mean|x|=0.02985 rms_x=0.03750 max|x|=0.2972 in_rms=106.3 out_rms=4.8
[mer-probe long] dd_err_rms=0.4921 dd_mer=20.14
[eq-long t=183.27s] fs=6936 fs_err_rms=0.5347 |taps|=1.377 mu=5e-05 frz=0 hub=0.000 clmp=0
[fpll t=183.87s] nco_freq_hz=-2690069.1 mean|x|=0.03001 rms_x=0.03772 max|x|=0.2367 in_rms=106.4 out_rms=4.8
[eq-long t=183.48s] fs=6944 fs_err_rms=0.5504 |taps|=1.374 mu=5e-05 frz=0 hub=0.000 clmp=0
[fpll t=184.13s] nco_freq_hz=-2690066.3 mean|x|=0.03012 rms_x=0.03786 max|x|=0.2660 in_rms=106.4 out_rms=4.8
[eq-long t=183.72s] fs=6952 fs_err_rms=0.5298 |taps|=1.379 mu=5e-05 frz=0 hub=0.000 clmp=0
[mer-probe long] dd_err_rms=0.4915 dd_mer=20.15
[eq-long t=183.94s] fs=6960 fs_err_rms=0.5316 |taps|=1.377 mu=5e-05 frz=0 hub=0.000 clmp=0
[fpll t=184.38s] nco_freq_hz=-2690068.2 mean|x|=0.02989 rms_x=0.03759 max|x|=0.2494 in_rms=106.7 out_rms=4.8
[eq-long t=184.17s] fs=6968 fs_err_rms=0.5587 |taps|=1.378 mu=5e-05 frz=0 hub=0.000 clmp=0
[fpll t=184.64s] nco_freq_hz=-2690066.8 mean|x|=0.02997 rms_x=0.03769 max|x|=0.2988 in_rms=107.1 out_rms=4.8
[mer-probe long] dd_err_rms=0.4920 dd_mer=20.14
[eq-long t=184.39s] fs=6976 fs_err_rms=0.5406 |taps|=1.377 mu=5e-05 frz=0 hub=0.000 clmp=0
[fpll t=184.90s] nco_freq_hz=-2690069.4 mean|x|=0.03012 rms_x=0.03788 max|x|=0.2676 in_rms=107.2 out_rms=4.8
[eq-long t=184.62s] fs=6984 fs_err_rms=0.5353 |taps|=1.377 mu=5e-05 frz=0 hub=0.000 clmp=0
[fpll t=185.14s] nco_freq_hz=-2690069.3 mean|x|=0.03010 rms_x=0.03784 max|x|=0.2398 in_rms=107.4 out_rms=4.8
[mer-probe long] dd_err_rms=0.4921 dd_mer=20.14
[eq-long t=184.84s] fs=6992 fs_err_rms=0.5363 |taps|=1.377 mu=5e-05 frz=0 hub=0.000 clmp=0
[fpll t=185.42s] nco_freq_hz=-2690067.9 mean|x|=0.03000 rms_x=0.03774 max|x|=0.2585 in_rms=107.3 out_rms=4.8
[eq-long t=185.08s] fs=7000 fs_err_rms=0.5363 |taps|=1.379 mu=5e-05 frz=0 hub=0.000 clmp=0
[fpll t=185.68s] nco_freq_hz=-2690071.2 mean|x|=0.03005 rms_x=0.03779 max|x|=0.2442 in_rms=107.1 out_rms=4.8
[eq-long t=185.32s] fs=7008 fs_err_rms=0.5325 |taps|=1.378 mu=5e-05 frz=0 hub=0.000 clmp=0
[mer-probe long] dd_err_rms=0.4917 dd_mer=20.15
[fpll t=185.94s] nco_freq_hz=-2690070.6 mean|x|=0.03014 rms_x=0.03789 max|x|=0.2535 in_rms=106.6 out_rms=4.8
[eq-long t=185.54s] fs=7016 fs_err_rms=0.5267 |taps|=1.378 mu=5e-05 frz=0 hub=0.000 clmp=0
[eq-long t=185.73s] fs=7024 fs_err_rms=0.5281 |taps|=1.374 mu=5e-05 frz=0 hub=0.000 clmp=0
[fpll t=186.18s] nco_freq_hz=-2690071.4 mean|x|=0.03021 rms_x=0.03799 max|x|=0.3517 in_rms=106.3 out_rms=4.8
[mer-probe long] dd_err_rms=0.4931 dd_mer=20.12
[eq-long t=185.97s] fs=7032 fs_err_rms=0.5351 |taps|=1.378 mu=5e-05 frz=0 hub=0.000 clmp=0
[fpll t=186.44s] nco_freq_hz=-2690067.4 mean|x|=0.03015 rms_x=0.03792 max|x|=0.2536 in_rms=105.9 out_rms=4.8
[eq-long t=186.20s] fs=7040 fs_err_rms=0.5446 |taps|=1.373 mu=5e-05 frz=0 hub=0.000 clmp=0
[fpll t=186.68s] nco_freq_hz=-2690067.6 mean|x|=0.03005 rms_x=0.03779 max|x|=0.2391 in_rms=106.0 out_rms=4.8
OsO[eq-long t=186.42s] fs=7048 fs_err_rms=0.5274 |taps|=1.374 mu=5e-05 frz=0 hub=0.000 clmp=0
[mer-probe long] dd_err_rms=0.4916 dd_mer=20.15
[fpll t=186.93s] nco_freq_hz=-2690068.7 mean|x|=0.03020 rms_x=0.03798 max|x|=0.2569 in_rms=105.8 out_rms=4.8
[eq-long t=186.62s] fs=7056 fs_err_rms=0.5408 |taps|=1.377 mu=5e-05 frz=0 hub=0.000 clmp=0
[fpll t=187.17s] nco_freq_hz=-2690069.4 mean|x|=0.03072 rms_x=0.04653 max|x|=1.5706 in_rms=105.7 out_rms=4.8
[eq-long t=186.84s] fs=7064 fs_err_rms=0.5526 |taps|=1.375 mu=5e-05 frz=0 hub=0.000 clmp=0
[mer-probe long] dd_err_rms=0.4968 dd_mer=20.06
[fpll t=187.42s] nco_freq_hz=-2690070.6 mean|x|=0.03012 rms_x=0.03790 max|x|=0.2593 in_rms=106.7 out_rms=4.8
[eq-long t=187.06s] fs=7072 fs_err_rms=0.5516 |taps|=1.374 mu=5e-05 frz=0 hub=0.000 clmp=0
[fpll t=187.65s] nco_freq_hz=-2690070.2 mean|x|=0.03013 rms_x=0.03790 max|x|=0.2937 in_rms=106.6 out_rms=4.8
[eq-long t=187.27s] fs=7080 fs_err_rms=0.5482 |taps|=1.370 mu=5e-05 frz=0 hub=0.000 clmp=0
[fpll t=187.90s] nco_freq_hz=-2690067.7 mean|x|=0.03011 rms_x=0.03787 max|x|=0.3752 in_rms=106.3 out_rms=4.8
[eq-long t=187.50s] fs=7088 fs_err_rms=0.5441 |taps|=1.372 mu=5e-05 frz=0 hub=0.000 clmp=0
[mer-probe long] dd_err_rms=0.4919 dd_mer=20.14
[eq-long t=187.71s] fs=7096 fs_err_rms=0.5602 |taps|=1.374 mu=5e-05 frz=0 hub=0.000 clmp=0
[fpll t=188.16s] nco_freq_hz=-2690069.0 mean|x|=0.03014 rms_x=0.03790 max|x|=0.2691 in_rms=106.2 out_rms=4.8
[eq-long t=187.92s] fs=7104 fs_err_rms=0.5538 |taps|=1.374 mu=5e-05 frz=0 hub=0.000 clmp=0
[fpll t=188.40s] nco_freq_hz=-2690069.1 mean|x|=0.03007 rms_x=0.03781 max|x|=0.2541 in_rms=106.0 out_rms=4.8
[mer-probe long] dd_err_rms=0.4928 dd_mer=20.13
[eq-long t=188.17s] fs=7112 fs_err_rms=0.5563 |taps|=1.374 mu=5e-05 frz=0 hub=0.000 clmp=0
[fpll t=188.70s] nco_freq_hz=-2690071.9 mean|x|=0.03022 rms_x=0.03802 max|x|=0.3378 in_rms=105.7 out_rms=4.8
[eq-long t=188.40s] fs=7120 fs_err_rms=0.5459 |taps|=1.373 mu=5e-05 frz=0 hub=0.000 clmp=0
[fpll t=188.94s] nco_freq_hz=-2690070.9 mean|x|=0.03019 rms_x=0.03796 max|x|=0.2446 in_rms=105.2 out_rms=4.8
[mer-probe long] dd_err_rms=0.4923 dd_mer=20.13
[eq-long t=188.58s] fs=7128 fs_err_rms=0.5520 |taps|=1.376 mu=5e-05 frz=0 hub=0.000 clmp=0
[fpll t=189.13s] nco_freq_hz=-2690072.8 mean|x|=0.02993 rms_x=0.03761 max|x|=0.2286 in_rms=105.1 out_rms=4.8
[eq-long t=188.76s] fs=7136 fs_err_rms=0.5560 |taps|=1.375 mu=5e-05 frz=0 hub=0.000 clmp=0
[fpll t=189.33s] nco_freq_hz=-2690068.8 mean|x|=0.03012 rms_x=0.03789 max|x|=0.2709 in_rms=105.3 out_rms=4.8
[eq-long t=188.93s] fs=7144 fs_err_rms=0.5425 |taps|=1.370 mu=5e-05 frz=0 hub=0.000 clmp=0
[mer-probe long] dd_err_rms=0.4925 dd_mer=20.13
[fpll t=189.52s] nco_freq_hz=-2690068.2 mean|x|=0.03022 rms_x=0.03798 max|x|=0.2332 in_rms=105.2 out_rms=4.8
[eq-long t=189.11s] fs=7152 fs_err_rms=0.5521 |taps|=1.376 mu=5e-05 frz=0 hub=0.000 clmp=0
[eq-long t=189.29s] fs=7160 fs_err_rms=0.5459 |taps|=1.374 mu=5e-05 frz=0 hub=0.000 clmp=0
[fpll t=189.74s] nco_freq_hz=-2690068.8 mean|x|=0.03018 rms_x=0.03796 max|x|=0.2496 in_rms=105.3 out_rms=4.8
[mer-probe long] dd_err_rms=0.4938 dd_mer=20.11
[eq-long t=189.45s] fs=7168 fs_err_rms=0.5536 |taps|=1.372 mu=5e-05 frz=0 hub=0.000 clmp=0
[fpll t=189.93s] nco_freq_hz=-2690067.6 mean|x|=0.03007 rms_x=0.03782 max|x|=0.2685 in_rms=105.8 out_rms=4.8
[eq-long t=189.63s] fs=7176 fs_err_rms=0.5628 |taps|=1.373 mu=5e-05 frz=0 hub=0.000 clmp=0
[fpll t=190.13s] nco_freq_hz=-2690071.4 mean|x|=0.03026 rms_x=0.03804 max|x|=0.2894 in_rms=105.8 out_rms=4.8
[eq-long t=189.80s] fs=7184 fs_err_rms=0.5466 |taps|=1.377 mu=5e-05 frz=0 hub=0.000 clmp=0
[mer-probe long] dd_err_rms=0.4921 dd_mer=20.14
[fpll t=190.33s] nco_freq_hz=-2690071.2 mean|x|=0.03003 rms_x=0.03771 max|x|=0.3126 in_rms=105.8 out_rms=4.8
[eq-long t=189.98s] fs=7192 fs_err_rms=0.5516 |taps|=1.376 mu=5e-05 frz=0 hub=0.000 clmp=0
[fpll t=190.54s] nco_freq_hz=-2690064.9 mean|x|=0.03008 rms_x=0.03784 max|x|=0.3551 in_rms=105.9 out_rms=4.8
[eq-long t=190.19s] fs=7200 fs_err_rms=0.5401 |taps|=1.375 mu=5e-05 frz=0 hub=0.000 clmp=0
[mer-probe long] dd_err_rms=0.4930 dd_mer=20.12
[fpll t=190.79s] nco_freq_hz=-2690064.5 mean|x|=0.03006 rms_x=0.03781 max|x|=0.2292 in_rms=106.0 out_rms=4.8
[eq-long t=190.41s] fs=7208 fs_err_rms=0.5331 |taps|=1.372 mu=5e-05 frz=0 hub=0.000 clmp=0
[fpll t=191.08s] nco_freq_hz=-2690067.8 mean|x|=0.03008 rms_x=0.03784 max|x|=0.2463 in_rms=106.2 out_rms=4.8
[eq-long t=190.66s] fs=7216 fs_err_rms=0.5428 |taps|=1.377 mu=5e-05 frz=0 hub=0.000 clmp=0
[mer-probe long] dd_err_rms=0.4928 dd_mer=20.13
[eq-long t=190.92s] fs=7224 fs_err_rms=0.5455 |taps|=1.375 mu=5e-05 frz=0 hub=0.000 clmp=0
[fpll t=191.38s] nco_freq_hz=-2690072.6 mean|x|=0.03014 rms_x=0.03790 max|x|=0.3144 in_rms=106.2 out_rms=4.8
[eq-long t=191.17s] fs=7232 fs_err_rms=0.5526 |taps|=1.376 mu=5e-05 frz=0 hub=0.000 clmp=0
[fpll t=191.64s] nco_freq_hz=-2690068.4 mean|x|=0.03003 rms_x=0.03774 max|x|=0.3196 in_rms=105.9 out_rms=4.8
[eq-long t=191.40s] fs=7240 fs_err_rms=0.5441 |taps|=1.377 mu=5e-05 frz=0 hub=0.000 clmp=0
[fpll t=191.91s] nco_freq_hz=-2690066.9 mean|x|=0.03018 rms_x=0.03798 max|x|=0.2293 in_rms=105.8 out_rms=4.8
[mer-probe long] dd_err_rms=0.4923 dd_mer=20.13
[eq-long t=191.64s] fs=7248 fs_err_rms=0.5592 |taps|=1.374 mu=5e-05 frz=0 hub=0.000 clmp=0
[fpll t=192.20s] nco_freq_hz=-2690070.3 mean|x|=0.03008 rms_x=0.03783 max|x|=0.2340 in_rms=105.5 out_rms=4.8
[eq-long t=191.89s] fs=7256 fs_err_rms=0.5502 |taps|=1.372 mu=5e-05 frz=0 hub=0.000 clmp=0
[fpll t=192.45s] nco_freq_hz=-2690071.4 mean|x|=0.03023 rms_x=0.03800 max|x|=0.2397 in_rms=105.2 out_rms=4.8
[mer-probe long] dd_err_rms=0.4928 dd_mer=20.13
[eq-long t=192.11s] fs=7264 fs_err_rms=0.5384 |taps|=1.374 mu=5e-05 frz=0 hub=0.000 clmp=0
[fpll t=192.72s] nco_freq_hz=-2690069.1 mean|x|=0.03012 rms_x=0.03789 max|x|=0.2327 in_rms=105.1 out_rms=4.8
[eq-long t=192.34s] fs=7272 fs_err_rms=0.5472 |taps|=1.376 mu=5e-05 frz=0 hub=0.000 clmp=0
[fpll t=192.98s] nco_freq_hz=-2690070.1 mean|x|=0.03001 rms_x=0.03776 max|x|=0.4389 in_rms=105.2 out_rms=4.8
[eq-long t=192.58s] fs=7280 fs_err_rms=0.5491 |taps|=1.375 mu=5e-05 frz=0 hub=0.000 clmp=0
[mer-probe long] dd_err_rms=0.4925 dd_mer=20.13
[eq-long t=192.80s] fs=7288 fs_err_rms=0.5616 |taps|=1.376 mu=5e-05 frz=0 hub=0.000 clmp=0
[fpll t=193.25s] nco_freq_hz=-2690066.1 mean|x|=0.03016 rms_x=0.03791 max|x|=0.2185 in_rms=105.3 out_rms=4.8
[eq-long t=193.03s] fs=7296 fs_err_rms=0.5554 |taps|=1.375 mu=5e-05 frz=0 hub=0.000 clmp=0
[fpll t=193.48s] nco_freq_hz=-2690069.6 mean|x|=0.02995 rms_x=0.03767 max|x|=0.2121 in_rms=105.5 out_rms=4.8
[mer-probe long] dd_err_rms=0.4925 dd_mer=20.13
[eq-long t=193.26s] fs=7304 fs_err_rms=0.5373 |taps|=1.380 mu=5e-05 frz=0 hub=0.000 clmp=0
[fpll t=193.77s] nco_freq_hz=-2690066.2 mean|x|=0.03010 rms_x=0.03785 max|x|=0.3650 in_rms=105.7 out_rms=4.8
[eq-long t=193.44s] fs=7312 fs_err_rms=0.5563 |taps|=1.375 mu=5e-05 frz=0 hub=0.000 clmp=0
[fpll t=193.96s] nco_freq_hz=-2690069.3 mean|x|=0.03023 rms_x=0.03804 max|x|=0.2585 in_rms=106.1 out_rms=4.8
[mer-probe long] dd_err_rms=0.4935 dd_mer=20.11
[eq-long t=193.61s] fs=7320 fs_err_rms=0.5446 |taps|=1.376 mu=5e-05 frz=0 hub=0.000 clmp=0
[fpll t=194.14s] nco_freq_hz=-2690073.4 mean|x|=0.03009 rms_x=0.03785 max|x|=0.3096 in_rms=105.9 out_rms=4.8
[eq-long t=193.77s] fs=7328 fs_err_rms=0.5610 |taps|=1.378 mu=5e-05 frz=0 hub=0.000 clmp=0
[fpll t=194.33s] nco_freq_hz=-2690073.9 mean|x|=0.02994 rms_x=0.03765 max|x|=0.2193 in_rms=105.5 out_rms=4.8
[eq-long t=193.92s] fs=7336 fs_err_rms=0.5416 |taps|=1.380 mu=5e-05 frz=0 hub=0.000 clmp=0
[mer-probe long] dd_err_rms=0.4937 dd_mer=20.11
[fpll t=194.52s] nco_freq_hz=-2690070.1 mean|x|=0.02988 rms_x=0.03756 max|x|=0.2153 in_rms=105.6 out_rms=4.8
[eq-long t=194.09s] fs=7344 fs_err_rms=0.5413 |taps|=1.375 mu=5e-05 frz=0 hub=0.000 clmp=0
[fpll t=194.73s] nco_freq_hz=-2690070.2 mean|x|=0.02994 rms_x=0.03767 max|x|=0.2741 in_rms=105.3 out_rms=4.8
[eq-long t=194.31s] fs=7352 fs_err_rms=0.5576 |taps|=1.377 mu=5e-05 frz=0 hub=0.000 clmp=0
[mer-probe long] dd_err_rms=0.4935 dd_mer=20.11
[fpll t=194.97s] nco_freq_hz=-2690072.3 mean|x|=0.03011 rms_x=0.03787 max|x|=0.2683 in_rms=105.2 out_rms=4.8
[eq-long t=194.53s] fs=7360 fs_err_rms=0.5445 |taps|=1.377 mu=5e-05 frz=0 hub=0.000 clmp=0
[eq-long t=194.74s] fs=7368 fs_err_rms=0.5514 |taps|=1.378 mu=5e-05 frz=0 hub=0.000 clmp=0
[fpll t=195.25s] nco_freq_hz=-2690070.1 mean|x|=0.03017 rms_x=0.03796 max|x|=0.3627 in_rms=105.0 out_rms=4.8
[eq-long t=194.96s] fs=7376 fs_err_rms=0.5439 |taps|=1.380 mu=5e-05 frz=0 hub=0.000 clmp=0
[mer-probe long] dd_err_rms=0.4933 dd_mer=20.12
[fpll t=195.51s] nco_freq_hz=-2690070.0 mean|x|=0.03010 rms_x=0.03787 max|x|=0.3883 in_rms=104.8 out_rms=4.8
[eq-long t=195.17s] fs=7384 fs_err_rms=0.5468 |taps|=1.378 mu=5e-05 frz=0 hub=0.000 clmp=0
[fpll t=195.75s] nco_freq_hz=-2690069.1 mean|x|=0.03002 rms_x=0.03772 max|x|=0.2984 in_rms=105.0 out_rms=4.8
[eq-long t=195.39s] fs=7392 fs_err_rms=0.5490 |taps|=1.382 mu=5e-05 frz=0 hub=0.000 clmp=0
[mer-probe long] dd_err_rms=0.4930 dd_mer=20.12
[fpll t=196.01s] nco_freq_hz=-2690073.4 mean|x|=0.03016 rms_x=0.03796 max|x|=0.2867 in_rms=104.3 out_rms=4.8
[eq-long t=195.64s] fs=7400 fs_err_rms=0.5452 |taps|=1.379 mu=5e-05 frz=0 hub=0.000 clmp=0
[fpll t=196.28s] nco_freq_hz=-2690070.0 mean|x|=0.03016 rms_x=0.03796 max|x|=0.2724 in_rms=104.5 out_rms=4.8
[eq-long t=195.84s] fs=7408 fs_err_rms=0.5480 |taps|=1.379 mu=5e-05 frz=0 hub=0.000 clmp=0
[fpll t=196.51s] nco_freq_hz=-2690069.6 mean|x|=0.02992 rms_x=0.03765 max|x|=0.2719 in_rms=104.7 out_rms=4.8
[eq-long t=196.10s] fs=7416 fs_err_rms=0.5453 |taps|=1.380 mu=5e-05 frz=0 hub=0.000 clmp=0
[mer-probe long] dd_err_rms=0.4938 dd_mer=20.11
[eq-long t=196.30s] fs=7424 fs_err_rms=0.5481 |taps|=1.380 mu=5e-05 frz=0 hub=0.000 clmp=0
[fpll t=196.79s] nco_freq_hz=-2690065.5 mean|x|=0.03006 rms_x=0.03782 max|x|=0.3324 in_rms=104.7 out_rms=4.8
[eq-long t=196.53s] fs=7432 fs_err_rms=0.5448 |taps|=1.379 mu=5e-05 frz=0 hub=0.000 clmp=0
[fpll t=197.03s] nco_freq_hz=-2690071.6 mean|x|=0.02995 rms_x=0.03764 max|x|=0.2768 in_rms=104.8 out_rms=4.8
[mer-probe long] dd_err_rms=0.4933 dd_mer=20.12
[eq-long t=196.74s] fs=7440 fs_err_rms=0.5448 |taps|=1.381 mu=5e-05 frz=0 hub=0.000 clmp=0
[fpll t=197.28s] nco_freq_hz=-2690066.4 mean|x|=0.03000 rms_x=0.03773 max|x|=0.2727 in_rms=105.2 out_rms=4.8
[eq-long t=196.95s] fs=7448 fs_err_rms=0.5470 |taps|=1.378 mu=5e-05 frz=0 hub=0.000 clmp=0
[fpll t=197.53s] nco_freq_hz=-2690068.3 mean|x|=0.02998 rms_x=0.03771 max|x|=0.2864 in_rms=105.6 out_rms=4.8
[mer-probe long] dd_err_rms=0.4924 dd_mer=20.13
[eq-long t=197.18s] fs=7456 fs_err_rms=0.5428 |taps|=1.378 mu=5e-05 frz=0 hub=0.000 clmp=0
[fpll t=197.79s] nco_freq_hz=-2690071.1 mean|x|=0.03003 rms_x=0.03777 max|x|=0.2965 in_rms=105.7 out_rms=4.8
[eq-long t=197.40s] fs=7464 fs_err_rms=0.5398 |taps|=1.385 mu=5e-05 frz=0 hub=0.000 clmp=0
[fpll t=198.05s] nco_freq_hz=-2690067.7 mean|x|=0.02998 rms_x=0.03771 max|x|=0.2746 in_rms=105.8 out_rms=4.8
[eq-long t=197.63s] fs=7472 fs_err_rms=0.5612 |taps|=1.382 mu=5e-05 frz=0 hub=0.000 clmp=0
[mer-probe long] dd_err_rms=0.4928 dd_mer=20.13
[fpll t=198.28s] nco_freq_hz=-2690069.6 mean|x|=0.03008 rms_x=0.03784 max|x|=0.2460 in_rms=105.6 out_rms=4.8
[eq-long t=197.84s] fs=7480 fs_err_rms=0.5480 |taps|=1.378 mu=5e-05 frz=0 hub=0.000 clmp=0
[eq-long t=198.08s] fs=7488 fs_err_rms=0.5552 |taps|=1.384 mu=5e-05 frz=0 hub=0.000 clmp=0
[fpll t=198.57s] nco_freq_hz=-2690068.8 mean|x|=0.03010 rms_x=0.03782 max|x|=0.2420 in_rms=105.5 out_rms=4.8
OsO[mer-probe long] dd_err_rms=0.4928 dd_mer=20.13
[eq-long t=198.30s] fs=7496 fs_err_rms=0.5460 |taps|=1.382 mu=5e-05 frz=0 hub=0.000 clmp=0
[fpll t=198.82s] nco_freq_hz=-2690069.7 mean|x|=0.03041 rms_x=0.03820 max|x|=0.2567 in_rms=105.1 out_rms=4.8
[eq-long t=198.52s] fs=7504 fs_err_rms=0.5525 |taps|=1.384 mu=5e-05 frz=0 hub=0.000 clmp=0
[fpll t=199.06s] nco_freq_hz=-2690069.9 mean|x|=0.03114 rms_x=0.04638 max|x|=1.5258 in_rms=104.8 out_rms=4.8
[eq-long t=198.75s] fs=7512 fs_err_rms=0.5323 |taps|=1.384 mu=5e-05 frz=0 hub=0.000 clmp=0
[mer-probe long] dd_err_rms=0.4936 dd_mer=20.11
[fpll t=199.32s] nco_freq_hz=-2690070.1 mean|x|=0.03018 rms_x=0.03794 max|x|=0.2765 in_rms=105.2 out_rms=4.8
[eq-long t=198.97s] fs=7520 fs_err_rms=0.5485 |taps|=1.385 mu=5e-05 frz=0 hub=0.000 clmp=0
[fpll t=199.59s] nco_freq_hz=-2690069.8 mean|x|=0.03003 rms_x=0.03776 max|x|=0.2480 in_rms=105.3 out_rms=4.8
[eq-long t=199.20s] fs=7528 fs_err_rms=0.5381 |taps|=1.384 mu=5e-05 frz=0 hub=0.000 clmp=0
[mer-probe long] dd_err_rms=0.4946 dd_mer=20.10
[fpll t=199.83s] nco_freq_hz=-2690070.2 mean|x|=0.03006 rms_x=0.03778 max|x|=0.2587 in_rms=105.3 out_rms=4.8
[eq-long t=199.41s] fs=7536 fs_err_rms=0.5390 |taps|=1.383 mu=5e-05 frz=0 hub=0.000 clmp=0
[eq-long t=199.63s] fs=7544 fs_err_rms=0.5322 |taps|=1.384 mu=5e-05 frz=0 hub=0.000 clmp=0
[fpll t=200.08s] nco_freq_hz=-2690066.9 mean|x|=0.03036 rms_x=0.03820 max|x|=0.3451 in_rms=105.5 out_rms=4.8
[mer-probe long] dd_err_rms=0.4935 dd_mer=20.11
[eq-long t=199.86s] fs=7552 fs_err_rms=0.5136 |taps|=1.383 mu=5e-05 frz=0 hub=0.000 clmp=0
[fpll t=200.34s] nco_freq_hz=-2690065.7 mean|x|=0.03022 rms_x=0.03802 max|x|=0.2666 in_rms=105.3 out_rms=4.8
[eq-long t=200.10s] fs=7560 fs_err_rms=0.5418 |taps|=1.383 mu=5e-05 frz=0 hub=0.000 clmp=0
[fpll t=200.60s] nco_freq_hz=-2690065.5 mean|x|=0.03047 rms_x=0.03830 max|x|=0.2313 in_rms=105.1 out_rms=4.8
[eq-long t=200.34s] fs=7568 fs_err_rms=0.5444 |taps|=1.381 mu=5e-05 frz=0 hub=0.000 clmp=0
[mer-probe long] dd_err_rms=0.4941 dd_mer=20.10
[fpll t=200.85s] nco_freq_hz=-2690068.7 mean|x|=0.03034 rms_x=0.03816 max|x|=0.2513 in_rms=105.0 out_rms=4.8
[eq-long t=200.51s] fs=7576 fs_err_rms=0.5239 |taps|=1.385 mu=5e-05 frz=0 hub=0.000 clmp=0
[fpll t=201.05s] nco_freq_hz=-2690070.5 mean|x|=0.03012 rms_x=0.03788 max|x|=0.3527 in_rms=104.9 out_rms=4.8
[eq-long t=200.68s] fs=7584 fs_err_rms=0.5340 |taps|=1.382 mu=5e-05 frz=0 hub=0.000 clmp=0
[fpll t=201.24s] nco_freq_hz=-2690071.9 mean|x|=0.03023 rms_x=0.03798 max|x|=0.2467 in_rms=104.7 out_rms=4.8
[mer-probe long] dd_err_rms=0.4935 dd_mer=20.11
[eq-long t=200.85s] fs=7592 fs_err_rms=0.5390 |taps|=1.380 mu=5e-05 frz=0 hub=0.000 clmp=0
[fpll t=201.46s] nco_freq_hz=-2690070.9 mean|x|=0.03040 rms_x=0.03823 max|x|=0.2438 in_rms=104.4 out_rms=4.8
[eq-long t=201.04s] fs=7600 fs_err_rms=0.5242 |taps|=1.383 mu=5e-05 frz=0 hub=0.000 clmp=0
[fpll t=201.66s] nco_freq_hz=-2690071.1 mean|x|=0.03024 rms_x=0.03802 max|x|=0.2425 in_rms=103.8 out_rms=4.8
[eq-long t=201.22s] fs=7608 fs_err_rms=0.5398 |taps|=1.383 mu=5e-05 frz=0 hub=0.000 clmp=0
[mer-probe long] dd_err_rms=0.4933 dd_mer=20.12
[eq-long t=201.38s] fs=7616 fs_err_rms=0.5229 |taps|=1.380 mu=5e-05 frz=0 hub=0.000 clmp=0
[fpll t=201.86s] nco_freq_hz=-2690073.1 mean|x|=0.03029 rms_x=0.03807 max|x|=0.2640 in_rms=103.7 out_rms=4.8
[eq-long t=201.57s] fs=7624 fs_err_rms=0.5450 |taps|=1.384 mu=5e-05 frz=0 hub=0.000 clmp=0
[fpll t=202.05s] nco_freq_hz=-2690068.3 mean|x|=0.03034 rms_x=0.03819 max|x|=0.2753 in_rms=103.8 out_rms=4.8
[mer-probe long] dd_err_rms=0.4930 dd_mer=20.12
[eq-long t=201.78s] fs=7632 fs_err_rms=0.5431 |taps|=1.381 mu=5e-05 frz=0 hub=0.000 clmp=0
[fpll t=202.31s] nco_freq_hz=-2690070.9 mean|x|=0.03017 rms_x=0.03793 max|x|=0.3255 in_rms=103.5 out_rms=4.8
[eq-long t=202.00s] fs=7640 fs_err_rms=0.5324 |taps|=1.383 mu=5e-05 frz=0 hub=0.000 clmp=0
[fpll t=202.61s] nco_freq_hz=-2690069.5 mean|x|=0.03028 rms_x=0.03809 max|x|=0.2284 in_rms=103.5 out_rms=4.8
[mer-probe long] dd_err_rms=0.4933 dd_mer=20.12
[eq-long t=202.27s] fs=7648 fs_err_rms=0.5383 |taps|=1.381 mu=5e-05 frz=0 hub=0.000 clmp=0
[fpll t=202.91s] nco_freq_hz=-2690072.9 mean|x|=0.03015 rms_x=0.03788 max|x|=0.2434 in_rms=103.8 out_rms=4.8
[eq-long t=202.51s] fs=7656 fs_err_rms=0.5445 |taps|=1.384 mu=5e-05 frz=0 hub=0.000 clmp=0
[fpll t=203.18s] nco_freq_hz=-2690066.8 mean|x|=0.02998 rms_x=0.03766 max|x|=0.2335 in_rms=104.2 out_rms=4.8
[eq-long t=202.76s] fs=7664 fs_err_rms=0.5422 |taps|=1.383 mu=5e-05 frz=0 hub=0.000 clmp=0
[mer-probe long] dd_err_rms=0.4939 dd_mer=20.11
[eq-long t=203.00s] fs=7672 fs_err_rms=0.5331 |taps|=1.381 mu=5e-05 frz=0 hub=0.000 clmp=0
[fpll t=203.45s] nco_freq_hz=-2690069.8 mean|x|=0.03028 rms_x=0.03810 max|x|=0.2815 in_rms=104.3 out_rms=4.8
[eq-long t=203.23s] fs=7680 fs_err_rms=0.5438 |taps|=1.383 mu=5e-05 frz=0 hub=0.000 clmp=0
[fpll t=203.70s] nco_freq_hz=-2690070.9 mean|x|=0.03042 rms_x=0.03824 max|x|=0.3632 in_rms=104.2 out_rms=4.8
[mer-probe long] dd_err_rms=0.4942 dd_mer=20.10
[eq-long t=203.46s] fs=7688 fs_err_rms=0.5242 |taps|=1.383 mu=5e-05 frz=0 hub=0.000 clmp=0
[fpll t=203.97s] nco_freq_hz=-2690066.7 mean|x|=0.03017 rms_x=0.03793 max|x|=0.2842 in_rms=104.3 out_rms=4.8
[eq-long t=203.69s] fs=7696 fs_err_rms=0.5304 |taps|=1.385 mu=5e-05 frz=0 hub=0.000 clmp=0
[fpll t=204.23s] nco_freq_hz=-2690069.2 mean|x|=0.03051 rms_x=0.03840 max|x|=0.3859 in_rms=104.2 out_rms=4.8
[eq-long t=203.90s] fs=7704 fs_err_rms=0.5445 |taps|=1.382 mu=5e-05 frz=0 hub=0.000 clmp=0
[mer-probe long] dd_err_rms=0.4935 dd_mer=20.11
[fpll t=204.46s] nco_freq_hz=-2690068.3 mean|x|=0.03038 rms_x=0.03818 max|x|=0.2319 in_rms=103.6 out_rms=4.8
[eq-long t=204.10s] fs=7712 fs_err_rms=0.5433 |taps|=1.384 mu=5e-05 frz=0 hub=0.000 clmp=0
[fpll t=204.67s] nco_freq_hz=-2690071.9 mean|x|=0.03025 rms_x=0.03807 max|x|=0.3339 in_rms=103.3 out_rms=4.8
[eq-long t=204.26s] fs=7720 fs_err_rms=0.5419 |taps|=1.383 mu=5e-05 frz=0 hub=0.000 clmp=0
[mer-probe long] dd_err_rms=0.4941 dd_mer=20.10
[fpll t=204.87s] nco_freq_hz=-2690069.3 mean|x|=0.03027 rms_x=0.03804 max|x|=0.2556 in_rms=103.4 out_rms=4.8
[eq-long t=204.45s] fs=7728 fs_err_rms=0.5290 |taps|=1.386 mu=5e-05 frz=0 hub=0.000 clmp=0
[eq-long t=204.61s] fs=7736 fs_err_rms=0.5401 |taps|=1.382 mu=5e-05 frz=0 hub=0.000 clmp=0
[fpll t=205.06s] nco_freq_hz=-2690073.2 mean|x|=0.03032 rms_x=0.03812 max|x|=0.2667 in_rms=103.5 out_rms=4.8
[eq-long t=204.82s] fs=7744 fs_err_rms=0.5351 |taps|=1.384 mu=5e-05 frz=0 hub=0.000 clmp=0
[mer-probe long] dd_err_rms=0.4943 dd_mer=20.10
[fpll t=205.32s] nco_freq_hz=-2690069.1 mean|x|=0.03029 rms_x=0.03814 max|x|=0.3026 in_rms=103.8 out_rms=4.8
[eq-long t=205.06s] fs=7752 fs_err_rms=0.5368 |taps|=1.385 mu=5e-05 frz=0 hub=0.000 clmp=0
[fpll t=205.55s] nco_freq_hz=-2690071.0 mean|x|=0.03036 rms_x=0.03817 max|x|=0.2787 in_rms=103.9 out_rms=4.8
[eq-long t=205.29s] fs=7760 fs_err_rms=0.5382 |taps|=1.379 mu=5e-05 frz=0 hub=0.000 clmp=0
[fpll t=205.79s] nco_freq_hz=-2690066.1 mean|x|=0.03036 rms_x=0.03816 max|x|=0.2416 in_rms=104.1 out_rms=4.8
[mer-probe long] dd_err_rms=0.4926 dd_mer=20.13
[eq-long t=205.48s] fs=7768 fs_err_rms=0.5412 |taps|=1.383 mu=5e-05 frz=0 hub=0.000 clmp=0
[fpll t=206.07s] nco_freq_hz=-2690072.8 mean|x|=0.03027 rms_x=0.03805 max|x|=0.2342 in_rms=104.2 out_rms=4.8
[eq-long t=205.72s] fs=7776 fs_err_rms=0.5331 |taps|=1.382 mu=5e-05 frz=0 hub=0.000 clmp=0
[fpll t=206.33s] nco_freq_hz=-2690068.9 mean|x|=0.03033 rms_x=0.03814 max|x|=0.2910 in_rms=104.0 out_rms=4.8
[mer-probe long] dd_err_rms=0.4914 dd_mer=20.15
[eq-long t=205.97s] fs=7784 fs_err_rms=0.5314 |taps|=1.383 mu=5e-05 frz=0 hub=0.000 clmp=0
[fpll t=206.61s] nco_freq_hz=-2690066.5 mean|x|=0.03013 rms_x=0.03788 max|x|=0.3078 in_rms=104.0 out_rms=4.8
[eq-long t=206.19s] fs=7792 fs_err_rms=0.5429 |taps|=1.382 mu=5e-05 frz=0 hub=0.000 clmp=0
[eq-long t=206.42s] fs=7800 fs_err_rms=0.5259 |taps|=1.380 mu=5e-05 frz=0 hub=0.000 clmp=0
[fpll t=206.87s] nco_freq_hz=-2690069.0 mean|x|=0.03026 rms_x=0.03806 max|x|=0.2451 in_rms=104.3 out_rms=4.8
[mer-probe long] dd_err_rms=0.4927 dd_mer=20.13
[eq-long t=206.64s] fs=7808 fs_err_rms=0.5504 |taps|=1.379 mu=5e-05 frz=0 hub=0.000 clmp=0
[fpll t=207.14s] nco_freq_hz=-2690068.2 mean|x|=0.03028 rms_x=0.03810 max|x|=0.2455 in_rms=104.3 out_rms=4.8
[eq-long t=206.86s] fs=7816 fs_err_rms=0.5421 |taps|=1.385 mu=5e-05 frz=0 hub=0.000 clmp=0
[fpll t=207.39s] nco_freq_hz=-2690072.3 mean|x|=0.03038 rms_x=0.03821 max|x|=0.2499 in_rms=104.2 out_rms=4.8
[mer-probe long] dd_err_rms=0.4938 dd_mer=20.11
[eq-long t=207.09s] fs=7824 fs_err_rms=0.5311 |taps|=1.380 mu=5e-05 frz=0 hub=0.000 clmp=0
[fpll t=207.64s] nco_freq_hz=-2690067.2 mean|x|=0.03027 rms_x=0.03803 max|x|=0.2443 in_rms=104.1 out_rms=4.8
[eq-long t=207.31s] fs=7832 fs_err_rms=0.5233 |taps|=1.383 mu=5e-05 frz=0 hub=0.000 clmp=0
[fpll t=207.89s] nco_freq_hz=-2690070.0 mean|x|=0.03022 rms_x=0.03798 max|x|=0.2406 in_rms=103.8 out_rms=4.8
[eq-long t=207.52s] fs=7840 fs_err_rms=0.5233 |taps|=1.381 mu=5e-05 frz=0 hub=0.000 clmp=0
[mer-probe long] dd_err_rms=0.4933 dd_mer=20.12
[fpll t=208.12s] nco_freq_hz=-2690068.0 mean|x|=0.03045 rms_x=0.03830 max|x|=0.2559 in_rms=103.8 out_rms=4.8
[eq-long t=207.76s] fs=7848 fs_err_rms=0.5435 |taps|=1.381 mu=5e-05 frz=0 hub=0.000 clmp=0
[fpll t=208.39s] nco_freq_hz=-2690071.9 mean|x|=0.03009 rms_x=0.03782 max|x|=0.2640 in_rms=103.4 out_rms=4.8
[eq-long t=207.98s] fs=7856 fs_err_rms=0.5297 |taps|=1.380 mu=5e-05 frz=0 hub=0.000 clmp=0
[mer-probe long] dd_err_rms=0.4924 dd_mer=20.13
[fpll t=208.63s] nco_freq_hz=-2690067.1 mean|x|=0.03037 rms_x=0.03815 max|x|=0.2723 in_rms=103.3 out_rms=4.8
[eq-long t=208.19s] fs=7864 fs_err_rms=0.5207 |taps|=1.380 mu=5e-05 frz=0 hub=0.000 clmp=0
[eq-long t=208.39s] fs=7872 fs_err_rms=0.5311 |taps|=1.382 mu=5e-05 frz=0 hub=0.000 clmp=0
[fpll t=208.87s] nco_freq_hz=-2690072.8 mean|x|=0.03061 rms_x=0.03856 max|x|=0.2792 in_rms=103.6 out_rms=4.8
[mer-probe long] dd_err_rms=0.4927 dd_mer=20.13
OsO[eq-long t=208.61s] fs=7880 fs_err_rms=0.5329 |taps|=1.381 mu=5e-05 frz=0 hub=0.000 clmp=0
[fpll t=209.14s] nco_freq_hz=-2690070.1 mean|x|=0.03036 rms_x=0.03817 max|x|=0.2618 in_rms=103.6 out_rms=4.8
[eq-long t=208.84s] fs=7888 fs_err_rms=0.5386 |taps|=1.380 mu=5e-05 frz=0 hub=0.000 clmp=0
[fpll t=209.39s] nco_freq_hz=-2690068.6 mean|x|=0.03025 rms_x=0.03801 max|x|=0.2141 in_rms=103.6 out_rms=4.8
[eq-long t=209.08s] fs=7896 fs_err_rms=0.5358 |taps|=1.383 mu=5e-05 frz=0 hub=0.000 clmp=0
[fpll t=209.61s] nco_freq_hz=-2690068.3 mean|x|=0.03098 rms_x=0.04271 max|x|=1.0501 in_rms=103.4 out_rms=4.8
[mer-probe long] dd_err_rms=0.4960 dd_mer=20.07
[eq-long t=209.28s] fs=7904 fs_err_rms=0.5364 |taps|=1.381 mu=5e-05 frz=0 hub=0.000 clmp=0
[fpll t=209.87s] nco_freq_hz=-2690070.2 mean|x|=0.03021 rms_x=0.03799 max|x|=0.3161 in_rms=103.4 out_rms=4.8
[eq-long t=209.48s] fs=7912 fs_err_rms=0.5363 |taps|=1.383 mu=5e-05 frz=0 hub=0.000 clmp=0
[mer-probe long] dd_err_rms=0.4942 dd_mer=20.10
[fpll t=210.13s] nco_freq_hz=-2690067.2 mean|x|=0.03006 rms_x=0.03777 max|x|=0.2403 in_rms=103.0 out_rms=4.8
[eq-long t=209.69s] fs=7920 fs_err_rms=0.5335 |taps|=1.383 mu=5e-05 frz=0 hub=0.000 clmp=0
[eq-long t=209.94s] fs=7928 fs_err_rms=0.5378 |taps|=1.384 mu=5e-05 frz=0 hub=0.000 clmp=0
[fpll t=210.38s] nco_freq_hz=-2690071.8 mean|x|=0.03018 rms_x=0.03795 max|x|=0.2235 in_rms=103.5 out_rms=4.8
[eq-long t=210.13s] fs=7936 fs_err_rms=0.5375 |taps|=1.383 mu=5e-05 frz=0 hub=0.000 clmp=0
[mer-probe long] dd_err_rms=0.4934 dd_mer=20.12
[fpll t=210.61s] nco_freq_hz=-2690070.9 mean|x|=0.03021 rms_x=0.03801 max|x|=0.2585 in_rms=103.6 out_rms=4.8
[eq-long t=210.32s] fs=7944 fs_err_rms=0.5325 |taps|=1.384 mu=5e-05 frz=0 hub=0.000 clmp=0
[fpll t=210.83s] nco_freq_hz=-2690070.2 mean|x|=0.03007 rms_x=0.03781 max|x|=0.2392 in_rms=103.6 out_rms=4.8
[eq-long t=210.54s] fs=7952 fs_err_rms=0.5356 |taps|=1.383 mu=5e-05 frz=0 hub=0.000 clmp=0
[fpll t=211.08s] nco_freq_hz=-2690068.5 mean|x|=0.03024 rms_x=0.03803 max|x|=0.2627 in_rms=103.3 out_rms=4.8
[mer-probe long] dd_err_rms=0.4934 dd_mer=20.12
[eq-long t=210.77s] fs=7960 fs_err_rms=0.5406 |taps|=1.380 mu=5e-05 frz=0 hub=0.000 clmp=0
[fpll t=211.30s] nco_freq_hz=-2690072.4 mean|x|=0.03022 rms_x=0.03803 max|x|=0.2676 in_rms=103.3 out_rms=4.8
[eq-long t=210.93s] fs=7968 fs_err_rms=0.5309 |taps|=1.384 mu=5e-05 frz=0 hub=0.000 clmp=0
[fpll t=211.51s] nco_freq_hz=-2690070.6 mean|x|=0.03020 rms_x=0.03800 max|x|=0.2478 in_rms=103.4 out_rms=4.8
[mer-probe long] dd_err_rms=0.4936 dd_mer=20.11
[eq-long t=211.10s] fs=7976 fs_err_rms=0.5356 |taps|=1.386 mu=5e-05 frz=0 hub=0.000 clmp=0
[fpll t=211.71s] nco_freq_hz=-2690071.3 mean|x|=0.03047 rms_x=0.03833 max|x|=0.2319 in_rms=103.1 out_rms=4.8
[eq-long t=211.28s] fs=7984 fs_err_rms=0.5303 |taps|=1.386 mu=5e-05 frz=0 hub=0.000 clmp=0
[eq-long t=211.47s] fs=7992 fs_err_rms=0.5450 |taps|=1.385 mu=5e-05 frz=0 hub=0.000 clmp=0
[fpll t=211.92s] nco_freq_hz=-2690071.0 mean|x|=0.03037 rms_x=0.03819 max|x|=0.2726 in_rms=103.0 out_rms=4.8
[mer-probe long] dd_err_rms=0.4939 dd_mer=20.11
[eq-long t=211.64s] fs=8000 fs_err_rms=0.5333 |taps|=1.389 mu=5e-05 frz=0 hub=0.000 clmp=0
[fpll t=212.13s] nco_freq_hz=-2690069.1 mean|x|=0.03033 rms_x=0.03816 max|x|=0.3480 in_rms=103.3 out_rms=4.8
[eq-long t=211.83s] fs=8008 fs_err_rms=0.5153 |taps|=1.385 mu=5e-05 frz=0 hub=0.000 clmp=0
[fpll t=212.33s] nco_freq_hz=-2690070.6 mean|x|=0.03031 rms_x=0.03814 max|x|=0.2955 in_rms=103.4 out_rms=4.8
[mer-probe long] dd_err_rms=0.4940 dd_mer=20.11
[eq-long t=212.00s] fs=8016 fs_err_rms=0.5347 |taps|=1.387 mu=5e-05 frz=0 hub=0.000 clmp=0
[fpll t=212.54s] nco_freq_hz=-2690071.1 mean|x|=0.03045 rms_x=0.03831 max|x|=0.3298 in_rms=103.3 out_rms=4.8
[eq-long t=212.21s] fs=8024 fs_err_rms=0.5288 |taps|=1.386 mu=5e-05 frz=0 hub=0.000 clmp=0
[fpll t=212.78s] nco_freq_hz=-2690066.3 mean|x|=0.03035 rms_x=0.03814 max|x|=0.2863 in_rms=103.3 out_rms=4.8
[eq-long t=212.43s] fs=8032 fs_err_rms=0.5321 |taps|=1.388 mu=5e-05 frz=0 hub=0.000 clmp=0
[mer-probe long] dd_err_rms=0.4943 dd_mer=20.10
[fpll t=213.08s] nco_freq_hz=-2690072.9 mean|x|=0.03048 rms_x=0.03834 max|x|=0.2999 in_rms=103.5 out_rms=4.8
[eq-long t=212.69s] fs=8040 fs_err_rms=0.5363 |taps|=1.386 mu=5e-05 frz=0 hub=0.000 clmp=0
[fpll t=213.36s] nco_freq_hz=-2690071.4 mean|x|=0.03042 rms_x=0.03824 max|x|=0.2726 in_rms=103.5 out_rms=4.8
[eq-long t=212.93s] fs=8048 fs_err_rms=0.5340 |taps|=1.387 mu=5e-05 frz=0 hub=0.000 clmp=0
[mer-probe long] dd_err_rms=0.4941 dd_mer=20.10
[eq-long t=213.19s] fs=8056 fs_err_rms=0.5305 |taps|=1.385 mu=5e-05 frz=0 hub=0.000 clmp=0
[fpll t=213.65s] nco_freq_hz=-2690074.8 mean|x|=0.03027 rms_x=0.03809 max|x|=0.2612 in_rms=103.1 out_rms=4.8
[eq-long t=213.44s] fs=8064 fs_err_rms=0.5219 |taps|=1.386 mu=5e-05 frz=0 hub=0.000 clmp=0
[fpll t=213.93s] nco_freq_hz=-2690072.2 mean|x|=0.03057 rms_x=0.03843 max|x|=0.3326 in_rms=102.8 out_rms=4.8
[eq-long t=213.67s] fs=8072 fs_err_rms=0.5485 |taps|=1.385 mu=5e-05 frz=0 hub=0.000 clmp=0
[mer-probe long] dd_err_rms=0.4939 dd_mer=20.11
[fpll t=214.21s] nco_freq_hz=-2690071.9 mean|x|=0.03034 rms_x=0.03817 max|x|=0.3048 in_rms=102.8 out_rms=4.8
[eq-long t=213.90s] fs=8080 fs_err_rms=0.5386 |taps|=1.386 mu=5e-05 frz=0 hub=0.000 clmp=0
[fpll t=214.47s] nco_freq_hz=-2690069.6 mean|x|=0.03023 rms_x=0.03801 max|x|=0.2656 in_rms=102.9 out_rms=4.8
[eq-long t=214.13s] fs=8088 fs_err_rms=0.5353 |taps|=1.386 mu=5e-05 frz=0 hub=0.000 clmp=0
[mer-probe long] dd_err_rms=0.4948 dd_mer=20.09
[fpll t=214.66s] nco_freq_hz=-2690072.0 mean|x|=0.03042 rms_x=0.03825 max|x|=0.2396 in_rms=102.6 out_rms=4.8
[eq-long t=214.29s] fs=8096 fs_err_rms=0.5342 |taps|=1.391 mu=5e-05 frz=0 hub=0.000 clmp=0
[fpll t=214.85s] nco_freq_hz=-2690072.0 mean|x|=0.03032 rms_x=0.03814 max|x|=0.2297 in_rms=102.4 out_rms=4.8
[eq-long t=214.45s] fs=8104 fs_err_rms=0.5371 |taps|=1.387 mu=5e-05 frz=0 hub=0.000 clmp=0
[mer-probe long] dd_err_rms=0.4940 dd_mer=20.10
[fpll t=215.04s] nco_freq_hz=-2690069.4 mean|x|=0.03019 rms_x=0.03796 max|x|=0.2422 in_rms=102.9 out_rms=4.8
[eq-long t=214.60s] fs=8112 fs_err_rms=0.5476 |taps|=1.390 mu=5e-05 frz=0 hub=0.000 clmp=0
[eq-long t=214.78s] fs=8120 fs_err_rms=0.5398 |taps|=1.386 mu=5e-05 frz=0 hub=0.000 clmp=0
[fpll t=215.23s] nco_freq_hz=-2690070.1 mean|x|=0.03017 rms_x=0.03796 max|x|=0.3314 in_rms=103.1 out_rms=4.8
[eq-long t=214.95s] fs=8128 fs_err_rms=0.5336 |taps|=1.382 mu=5e-05 frz=0 hub=0.000 clmp=0
[fpll t=215.42s] nco_freq_hz=-2690067.2 mean|x|=0.03036 rms_x=0.03818 max|x|=0.3224 in_rms=103.0 out_rms=4.8
[mer-probe long] dd_err_rms=0.4932 dd_mer=20.12
[eq-long t=215.12s] fs=8136 fs_err_rms=0.5342 |taps|=1.390 mu=5e-05 frz=0 hub=0.000 clmp=0
[fpll t=215.60s] nco_freq_hz=-2690070.9 mean|x|=0.03013 rms_x=0.03788 max|x|=0.3430 in_rms=103.1 out_rms=4.8
[eq-long t=215.29s] fs=8144 fs_err_rms=0.5382 |taps|=1.385 mu=5e-05 frz=0 hub=0.000 clmp=0
[fpll t=215.84s] nco_freq_hz=-2690071.3 mean|x|=0.03012 rms_x=0.03785 max|x|=0.3218 in_rms=103.6 out_rms=4.8
[mer-probe long] dd_err_rms=0.4929 dd_mer=20.12
[eq-long t=215.50s] fs=8152 fs_err_rms=0.5286 |taps|=1.388 mu=5e-05 frz=0 hub=0.000 clmp=0
[fpll t=216.09s] nco_freq_hz=-2690069.1 mean|x|=0.03041 rms_x=0.03827 max|x|=0.3071 in_rms=103.7 out_rms=4.8
[eq-long t=215.74s] fs=8160 fs_err_rms=0.5252 |taps|=1.388 mu=5e-05 frz=0 hub=0.000 clmp=0
[fpll t=216.34s] nco_freq_hz=-2690067.6 mean|x|=0.03039 rms_x=0.03823 max|x|=0.2905 in_rms=103.6 out_rms=4.8
[eq-long t=215.97s] fs=8168 fs_err_rms=0.5438 |taps|=1.385 mu=5e-05 frz=0 hub=0.000 clmp=0
[mer-probe long] dd_err_rms=0.4937 dd_mer=20.11
[fpll t=216.60s] nco_freq_hz=-2690067.6 mean|x|=0.03035 rms_x=0.03817 max|x|=0.2273 in_rms=103.5 out_rms=4.8
[eq-long t=216.20s] fs=8176 fs_err_rms=0.5318 |taps|=1.391 mu=5e-05 frz=0 hub=0.000 clmp=0
[eq-long t=216.41s] fs=8184 fs_err_rms=0.5319 |taps|=1.388 mu=5e-05 frz=0 hub=0.000 clmp=0
[fpll t=216.86s] nco_freq_hz=-2690072.2 mean|x|=0.03023 rms_x=0.03800 max|x|=0.2716 in_rms=103.6 out_rms=4.8
[mer-probe long] dd_err_rms=0.4934 dd_mer=20.12
[eq-long t=216.63s] fs=8192 fs_err_rms=0.5348 |taps|=1.387 mu=5e-05 frz=0 hub=0.000 clmp=0
[fpll t=217.12s] nco_freq_hz=-2690070.6 mean|x|=0.03022 rms_x=0.03798 max|x|=0.2450 in_rms=103.3 out_rms=4.8
[eq-long t=216.88s] fs=8200 fs_err_rms=0.5214 |taps|=1.389 mu=5e-05 frz=0 hub=0.000 clmp=0
[fpll t=217.39s] nco_freq_hz=-2690070.0 mean|x|=0.02997 rms_x=0.03766 max|x|=0.2564 in_rms=103.0 out_rms=4.8
[mer-probe long] dd_err_rms=0.4928 dd_mer=20.13
[eq-long t=217.10s] fs=8208 fs_err_rms=0.5240 |taps|=1.389 mu=5e-05 frz=0 hub=0.000 clmp=0
[fpll t=217.64s] nco_freq_hz=-2690068.6 mean|x|=0.03037 rms_x=0.03819 max|x|=0.3117 in_rms=102.6 out_rms=4.8
[eq-long t=217.31s] fs=8216 fs_err_rms=0.5313 |taps|=1.386 mu=5e-05 frz=0 hub=0.000 clmp=0
[fpll t=217.91s] nco_freq_hz=-2690074.4 mean|x|=0.03036 rms_x=0.03821 max|x|=0.2735 in_rms=102.5 out_rms=4.8
[eq-long t=217.55s] fs=8224 fs_err_rms=0.5336 |taps|=1.388 mu=5e-05 frz=0 hub=0.000 clmp=0
[mer-probe long] dd_err_rms=0.4944 dd_mer=20.10
[fpll t=218.16s] nco_freq_hz=-2690065.5 mean|x|=0.03008 rms_x=0.03785 max|x|=0.2359 in_rms=102.1 out_rms=4.8
[eq-long t=217.76s] fs=8232 fs_err_rms=0.5303 |taps|=1.384 mu=5e-05 frz=0 hub=0.000 clmp=0
[fpll t=218.42s] nco_freq_hz=-2690071.4 mean|x|=0.03041 rms_x=0.03826 max|x|=0.2818 in_rms=102.2 out_rms=4.8
[eq-long t=217.98s] fs=8240 fs_err_rms=0.5311 |taps|=1.389 mu=5e-05 frz=0 hub=0.000 clmp=0
[mer-probe long] dd_err_rms=0.4950 dd_mer=20.09
[eq-long t=218.22s] fs=8248 fs_err_rms=0.5259 |taps|=1.388 mu=5e-05 frz=0 hub=0.000 clmp=0
[fpll t=218.68s] nco_freq_hz=-2690069.4 mean|x|=0.03027 rms_x=0.03808 max|x|=0.2350 in_rms=102.7 out_rms=4.8
[eq-long t=218.44s] fs=8256 fs_err_rms=0.5340 |taps|=1.389 mu=5e-05 frz=0 hub=0.000 clmp=0
[fpll t=218.93s] nco_freq_hz=-2690071.6 mean|x|=0.03029 rms_x=0.03809 max|x|=0.2549 in_rms=103.2 out_rms=4.8
[eq-long t=218.66s] fs=8264 fs_err_rms=0.5262 |taps|=1.387 mu=5e-05 frz=0 hub=0.000 clmp=0
[mer-probe long] dd_err_rms=0.4947 dd_mer=20.09
[fpll t=219.17s] nco_freq_hz=-2690070.0 mean|x|=0.03054 rms_x=0.03842 max|x|=0.3738 in_rms=103.1 out_rms=4.8
[eq-long t=218.89s] fs=8272 fs_err_rms=0.5284 |taps|=1.391 mu=5e-05 frz=0 hub=0.000 clmp=0
[fpll t=219.44s] nco_freq_hz=-2690065.3 mean|x|=0.03040 rms_x=0.03825 max|x|=0.3150 in_rms=103.0 out_rms=4.8
[eq-long t=219.11s] fs=8280 fs_err_rms=0.5275 |taps|=1.393 mu=5e-05 frz=0 hub=0.000 clmp=0
[mer-probe long] dd_err_rms=0.4959 dd_mer=20.07
[fpll t=219.70s] nco_freq_hz=-2690068.0 mean|x|=0.03018 rms_x=0.03797 max|x|=0.3191 in_rms=102.9 out_rms=4.8
[eq-long t=219.34s] fs=8288 fs_err_rms=0.5466 |taps|=1.393 mu=5e-05 frz=0 hub=0.000 clmp=0
[fpll t=219.94s] nco_freq_hz=-2690068.7 mean|x|=0.03005 rms_x=0.03779 max|x|=0.2269 in_rms=102.8 out_rms=4.8
[eq-long t=219.56s] fs=8296 fs_err_rms=0.5249 |taps|=1.394 mu=5e-05 frz=0 hub=0.000 clmp=0
[eq-long t=219.74s] fs=8304 fs_err_rms=0.5405 |taps|=1.393 mu=5e-05 frz=0 hub=0.000 clmp=0
[fpll t=220.19s] nco_freq_hz=-2690073.6 mean|x|=0.03016 rms_x=0.03794 max|x|=0.2391 in_rms=102.9 out_rms=4.8
[mer-probe long] dd_err_rms=0.4940 dd_mer=20.11
[fpll t=220.43s] nco_freq_hz=-2690069.3 mean|x|=0.03003 rms_x=0.03776 max|x|=0.3384 in_rms=102.4 out_rms=4.8
[eq-long t=219.98s] fs=8312 fs_err_rms=0.5395 |taps|=1.392 mu=5e-05 frz=0 hub=0.000 clmp=0
[eq-long t=220.18s] fs=8320 fs_err_rms=0.5279 |taps|=1.394 mu=5e-05 frz=0 hub=0.000 clmp=0
[fpll t=220.68s] nco_freq_hz=-2690066.5 mean|x|=0.03008 rms_x=0.03784 max|x|=0.3435 in_rms=102.8 out_rms=4.8
[mer-probe long] dd_err_rms=0.4943 dd_mer=20.10
[eq-long t=220.41s] fs=8328 fs_err_rms=0.5295 |taps|=1.394 mu=5e-05 frz=0 hub=0.000 clmp=0
[fpll t=220.90s] nco_freq_hz=-2690069.0 mean|x|=0.02988 rms_x=0.03754 max|x|=0.2186 in_rms=102.7 out_rms=4.8
[eq-long t=220.61s] fs=8336 fs_err_rms=0.5402 |taps|=1.392 mu=5e-05 frz=0 hub=0.000 clmp=0
[fpll t=221.17s] nco_freq_hz=-2690070.5 mean|x|=0.03021 rms_x=0.03798 max|x|=0.2650 in_rms=102.4 out_rms=4.8
[mer-probe long] dd_err_rms=0.4928 dd_mer=20.13
[eq-long t=220.83s] fs=8344 fs_err_rms=0.5369 |taps|=1.389 mu=5e-05 frz=0 hub=0.000 clmp=0
[fpll t=221.42s] nco_freq_hz=-2690065.5 mean|x|=0.03017 rms_x=0.03793 max|x|=0.2881 in_rms=102.2 out_rms=4.8
[eq-long t=221.07s] fs=8352 fs_err_rms=0.5269 |taps|=1.391 mu=5e-05 frz=0 hub=0.000 clmp=0
OsO[fpll t=221.68s] nco_freq_hz=-2690071.1 mean|x|=0.03030 rms_x=0.03810 max|x|=0.2674 in_rms=102.2 out_rms=4.8
[eq-long t=221.28s] fs=8360 fs_err_rms=0.5308 |taps|=1.391 mu=5e-05 frz=0 hub=0.000 clmp=0
[mer-probe long] dd_err_rms=0.4925 dd_mer=20.13
[eq-long t=221.49s] fs=8368 fs_err_rms=0.5586 |taps|=1.392 mu=5e-05 frz=0 hub=0.000 clmp=0
[fpll t=221.94s] nco_freq_hz=-2690069.2 mean|x|=0.03110 rms_x=0.04338 max|x|=1.1179 in_rms=102.3 out_rms=4.8
[fpll t=222.17s] nco_freq_hz=-2690070.6 mean|x|=0.03019 rms_x=0.03797 max|x|=0.2429 in_rms=102.7 out_rms=4.8
[eq-long t=221.74s] fs=8376 fs_err_rms=0.5457 |taps|=1.388 mu=5e-05 frz=0 hub=0.000 clmp=0
[mer-probe long] dd_err_rms=0.4967 dd_mer=20.06
[eq-long t=221.94s] fs=8384 fs_err_rms=0.5879 |taps|=1.390 mu=5e-05 frz=0 hub=0.000 clmp=0
[fpll t=222.44s] nco_freq_hz=-2690070.2 mean|x|=0.03016 rms_x=0.03795 max|x|=0.3128 in_rms=102.9 out_rms=4.8
[eq-long t=222.18s] fs=8392 fs_err_rms=0.5447 |taps|=1.390 mu=5e-05 frz=0 hub=0.000 clmp=0
[fpll t=222.70s] nco_freq_hz=-2690070.9 mean|x|=0.03017 rms_x=0.03795 max|x|=0.2496 in_rms=102.4 out_rms=4.8
[eq-long t=222.41s] fs=8400 fs_err_rms=0.5377 |taps|=1.390 mu=5e-05 frz=0 hub=0.000 clmp=0
[mer-probe long] dd_err_rms=0.4944 dd_mer=20.10
[fpll t=222.95s] nco_freq_hz=-2690071.0 mean|x|=0.02998 rms_x=0.03771 max|x|=0.2460 in_rms=102.2 out_rms=4.8
[eq-long t=222.62s] fs=8408 fs_err_rms=0.5439 |taps|=1.387 mu=5e-05 frz=0 hub=0.000 clmp=0
[fpll t=223.21s] nco_freq_hz=-2690071.7 mean|x|=0.03016 rms_x=0.03792 max|x|=0.2596 in_rms=102.0 out_rms=4.8
[eq-long t=222.86s] fs=8416 fs_err_rms=0.5459 |taps|=1.387 mu=5e-05 frz=0 hub=0.000 clmp=0
[mer-probe long] dd_err_rms=0.4924 dd_mer=20.13
[fpll t=223.48s] nco_freq_hz=-2690066.7 mean|x|=0.03027 rms_x=0.03808 max|x|=0.2801 in_rms=102.1 out_rms=4.8
[eq-long t=223.10s] fs=8424 fs_err_rms=0.5577 |taps|=1.389 mu=5e-05 frz=0 hub=0.000 clmp=0
[fpll t=223.70s] nco_freq_hz=-2690070.9 mean|x|=0.03014 rms_x=0.03790 max|x|=0.2665 in_rms=102.3 out_rms=4.8
[eq-long t=223.27s] fs=8432 fs_err_rms=0.5499 |taps|=1.385 mu=5e-05 frz=0 hub=0.000 clmp=0
[mer-probe long] dd_err_rms=0.4932 dd_mer=20.12
[eq-long t=223.45s] fs=8440 fs_err_rms=0.5523 |taps|=1.388 mu=5e-05 frz=0 hub=0.000 clmp=0
[fpll t=223.91s] nco_freq_hz=-2690069.4 mean|x|=0.03027 rms_x=0.03807 max|x|=0.2357 in_rms=102.4 out_rms=4.8
[eq-long t=223.62s] fs=8448 fs_err_rms=0.5498 |taps|=1.388 mu=5e-05 frz=0 hub=0.000 clmp=0
[fpll t=224.11s] nco_freq_hz=-2690071.0 mean|x|=0.03008 rms_x=0.03779 max|x|=0.2737 in_rms=102.7 out_rms=4.8
[eq-long t=223.82s] fs=8456 fs_err_rms=0.5388 |taps|=1.392 mu=5e-05 frz=0 hub=0.000 clmp=0
[fpll t=224.31s] nco_freq_hz=-2690070.1 mean|x|=0.03020 rms_x=0.03798 max|x|=0.2346 in_rms=102.9 out_rms=4.8
[mer-probe long] dd_err_rms=0.4940 dd_mer=20.11
[eq-long t=223.98s] fs=8464 fs_err_rms=0.5465 |taps|=1.387 mu=5e-05 frz=0 hub=0.000 clmp=0
[fpll t=224.51s] nco_freq_hz=-2690068.3 mean|x|=0.03024 rms_x=0.03806 max|x|=0.2942 in_rms=102.8 out_rms=4.8
[eq-long t=224.14s] fs=8472 fs_err_rms=0.5385 |taps|=1.390 mu=5e-05 frz=0 hub=0.000 clmp=0
[fpll t=224.70s] nco_freq_hz=-2690068.9 mean|x|=0.03004 rms_x=0.03779 max|x|=0.2940 in_rms=102.7 out_rms=4.8
[mer-probe long] dd_err_rms=0.4923 dd_mer=20.13
[eq-long t=224.32s] fs=8480 fs_err_rms=0.5416 |taps|=1.386 mu=5e-05 frz=0 hub=0.000 clmp=0
[fpll t=224.89s] nco_freq_hz=-2690068.5 mean|x|=0.03013 rms_x=0.03785 max|x|=0.2102 in_rms=102.6 out_rms=4.8
[eq-long t=224.51s] fs=8488 fs_err_rms=0.5557 |taps|=1.388 mu=5e-05 frz=0 hub=0.000 clmp=0
[fpll t=225.18s] nco_freq_hz=-2690070.6 mean|x|=0.03043 rms_x=0.03829 max|x|=0.3255 in_rms=102.9 out_rms=4.8
[eq-long t=224.75s] fs=8496 fs_err_rms=0.5428 |taps|=1.393 mu=5e-05 frz=0 hub=0.000 clmp=0
[mer-probe long] dd_err_rms=0.4929 dd_mer=20.12
[eq-long t=225.00s] fs=8504 fs_err_rms=0.5583 |taps|=1.390 mu=5e-05 frz=0 hub=0.000 clmp=0
[fpll t=225.47s] nco_freq_hz=-2690066.5 mean|x|=0.03023 rms_x=0.03802 max|x|=0.2754 in_rms=102.8 out_rms=4.8
[eq-long t=225.25s] fs=8512 fs_err_rms=0.5358 |taps|=1.391 mu=5e-05 frz=0 hub=0.000 clmp=0
[fpll t=225.72s] nco_freq_hz=-2690067.5 mean|x|=0.03013 rms_x=0.03791 max|x|=0.2495 in_rms=102.8 out_rms=4.8
[mer-probe long] dd_err_rms=0.4923 dd_mer=20.13
[eq-long t=225.49s] fs=8520 fs_err_rms=0.5336 |taps|=1.391 mu=5e-05 frz=0 hub=0.000 clmp=0
[fpll t=226.00s] nco_freq_hz=-2690072.8 mean|x|=0.03027 rms_x=0.03808 max|x|=0.2244 in_rms=102.9 out_rms=4.8
[eq-long t=225.71s] fs=8528 fs_err_rms=0.5603 |taps|=1.388 mu=5e-05 frz=0 hub=0.000 clmp=0
[fpll t=226.25s] nco_freq_hz=-2690069.7 mean|x|=0.03019 rms_x=0.03795 max|x|=0.2386 in_rms=103.0 out_rms=4.8
[mer-probe long] dd_err_rms=0.4916 dd_mer=20.15
[eq-long t=225.91s] fs=8536 fs_err_rms=0.5327 |taps|=1.388 mu=5e-05 frz=0 hub=0.000 clmp=0
[fpll t=226.50s] nco_freq_hz=-2690071.5 mean|x|=0.03024 rms_x=0.03807 max|x|=0.2938 in_rms=102.5 out_rms=4.8
[eq-long t=226.15s] fs=8544 fs_err_rms=0.5519 |taps|=1.389 mu=5e-05 frz=0 hub=0.000 clmp=0
[fpll t=226.77s] nco_freq_hz=-2690070.0 mean|x|=0.02997 rms_x=0.03767 max|x|=0.3341 in_rms=102.3 out_rms=4.8
[eq-long t=226.37s] fs=8552 fs_err_rms=0.5419 |taps|=1.387 mu=5e-05 frz=0 hub=0.000 clmp=0
[mer-probe long] dd_err_rms=0.4921 dd_mer=20.14
[fpll t=227.03s] nco_freq_hz=-2690068.7 mean|x|=0.03019 rms_x=0.03796 max|x|=0.2710 in_rms=102.5 out_rms=4.8
[eq-long t=226.60s] fs=8560 fs_err_rms=0.5662 |taps|=1.385 mu=5e-05 frz=0 hub=0.000 clmp=0
[fpll t=227.27s] nco_freq_hz=-2690072.3 mean|x|=0.03009 rms_x=0.03784 max|x|=0.2526 in_rms=102.6 out_rms=4.8
[eq-long t=226.83s] fs=8568 fs_err_rms=0.5549 |taps|=1.387 mu=5e-05 frz=0 hub=0.000 clmp=0
[mer-probe long] dd_err_rms=0.4934 dd_mer=20.11
[eq-long t=227.04s] fs=8576 fs_err_rms=0.5327 |taps|=1.388 mu=5e-05 frz=0 hub=0.000 clmp=0
[fpll t=227.56s] nco_freq_hz=-2690069.1 mean|x|=0.03033 rms_x=0.03813 max|x|=0.3313 in_rms=102.9 out_rms=4.8
[eq-long t=227.29s] fs=8584 fs_err_rms=0.5430 |taps|=1.391 mu=5e-05 frz=0 hub=0.000 clmp=0
[fpll t=227.80s] nco_freq_hz=-2690066.8 mean|x|=0.03000 rms_x=0.03770 max|x|=0.2838 in_rms=103.0 out_rms=4.8
[eq-long t=227.50s] fs=8592 fs_err_rms=0.5463 |taps|=1.387 mu=5e-05 frz=0 hub=0.000 clmp=0
[mer-probe long] dd_err_rms=0.4929 dd_mer=20.12
[fpll t=228.06s] nco_freq_hz=-2690068.4 mean|x|=0.03000 rms_x=0.03772 max|x|=0.2393 in_rms=103.4 out_rms=4.8
[eq-long t=227.69s] fs=8600 fs_err_rms=0.5469 |taps|=1.385 mu=5e-05 frz=0 hub=0.000 clmp=0
[fpll t=228.25s] nco_freq_hz=-2690072.0 mean|x|=0.03020 rms_x=0.03797 max|x|=0.2476 in_rms=104.0 out_rms=4.8
[eq-long t=227.86s] fs=8608 fs_err_rms=0.5445 |taps|=1.390 mu=5e-05 frz=0 hub=0.000 clmp=0
[mer-probe long] dd_err_rms=0.4931 dd_mer=20.12
[fpll t=228.45s] nco_freq_hz=-2690071.2 mean|x|=0.03011 rms_x=0.03790 max|x|=0.3140 in_rms=103.9 out_rms=4.8
[eq-long t=228.04s] fs=8616 fs_err_rms=0.5532 |taps|=1.390 mu=5e-05 frz=0 hub=0.000 clmp=0
[fpll t=228.64s] nco_freq_hz=-2690070.5 mean|x|=0.03003 rms_x=0.03777 max|x|=0.2397 in_rms=103.7 out_rms=4.8
[eq-long t=228.22s] fs=8624 fs_err_rms=0.5542 |taps|=1.386 mu=5e-05 frz=0 hub=0.000 clmp=0
[eq-long t=228.38s] fs=8632 fs_err_rms=0.5357 |taps|=1.390 mu=5e-05 frz=0 hub=0.000 clmp=0
[mer-probe long] dd_err_rms=0.4934 dd_mer=20.12
[fpll t=228.83s] nco_freq_hz=-2690067.9 mean|x|=0.03005 rms_x=0.03781 max|x|=0.2385 in_rms=103.8 out_rms=4.8
[eq-long t=228.54s] fs=8640 fs_err_rms=0.5488 |taps|=1.394 mu=5e-05 frz=0 hub=0.000 clmp=0
[fpll t=229.02s] nco_freq_hz=-2690072.6 mean|x|=0.03013 rms_x=0.03789 max|x|=0.3651 in_rms=103.8 out_rms=4.8
[eq-long t=228.72s] fs=8648 fs_err_rms=0.5519 |taps|=1.391 mu=5e-05 frz=0 hub=0.000 clmp=0
[fpll t=229.23s] nco_freq_hz=-2690069.8 mean|x|=0.02998 rms_x=0.03768 max|x|=0.2299 in_rms=103.7 out_rms=4.8
[mer-probe long] dd_err_rms=0.4919 dd_mer=20.14
[eq-long t=228.93s] fs=8656 fs_err_rms=0.5399 |taps|=1.388 mu=5e-05 frz=0 hub=0.000 clmp=0
[fpll t=229.50s] nco_freq_hz=-2690072.9 mean|x|=0.03022 rms_x=0.03803 max|x|=0.2478 in_rms=103.6 out_rms=4.8
[eq-long t=229.16s] fs=8664 fs_err_rms=0.5711 |taps|=1.391 mu=5e-05 frz=0 hub=0.000 clmp=0
[fpll t=229.76s] nco_freq_hz=-2690069.2 mean|x|=0.02999 rms_x=0.03774 max|x|=0.3004 in_rms=103.7 out_rms=4.8
[mer-probe long] dd_err_rms=0.4936 dd_mer=20.11
[eq-long t=229.39s] fs=8672 fs_err_rms=0.5410 |taps|=1.391 mu=5e-05 frz=0 hub=0.000 clmp=0
[fpll t=230.03s] nco_freq_hz=-2690066.3 mean|x|=0.02977 rms_x=0.03742 max|x|=0.2378 in_rms=104.1 out_rms=4.8
[eq-long t=229.63s] fs=8680 fs_err_rms=0.5477 |taps|=1.393 mu=5e-05 frz=0 hub=0.000 clmp=0
[fpll t=230.27s] nco_freq_hz=-2690072.4 mean|x|=0.03011 rms_x=0.03786 max|x|=0.2574 in_rms=104.0 out_rms=4.8
[eq-long t=229.83s] fs=8688 fs_err_rms=0.5593 |taps|=1.389 mu=5e-05 frz=0 hub=0.000 clmp=0
[mer-probe long] dd_err_rms=0.4915 dd_mer=20.15
[eq-long t=230.08s] fs=8696 fs_err_rms=0.5417 |taps|=1.392 mu=5e-05 frz=0 hub=0.000 clmp=0
[fpll t=230.54s] nco_freq_hz=-2690072.8 mean|x|=0.03005 rms_x=0.03780 max|x|=0.2652 in_rms=104.1 out_rms=4.8
[eq-long t=230.29s] fs=8704 fs_err_rms=0.5519 |taps|=1.390 mu=5e-05 frz=0 hub=0.000 clmp=0
[fpll t=230.79s] nco_freq_hz=-2690070.6 mean|x|=0.02994 rms_x=0.03769 max|x|=0.3684 in_rms=104.5 out_rms=4.8
[mer-probe long] dd_err_rms=0.4927 dd_mer=20.13
[eq-long t=230.52s] fs=8712 fs_err_rms=0.5456 |taps|=1.390 mu=5e-05 frz=0 hub=0.000 clmp=0
[fpll t=231.02s] nco_freq_hz=-2690068.8 mean|x|=0.03004 rms_x=0.03779 max|x|=0.2528 in_rms=104.5 out_rms=4.8
[eq-long t=230.74s] fs=8720 fs_err_rms=0.5415 |taps|=1.388 mu=5e-05 frz=0 hub=0.000 clmp=0
[fpll t=231.28s] nco_freq_hz=-2690066.3 mean|x|=0.02992 rms_x=0.03761 max|x|=0.2530 in_rms=104.5 out_rms=4.8
[eq-long t=230.96s] fs=8728 fs_err_rms=0.5402 |taps|=1.390 mu=5e-05 frz=0 hub=0.000 clmp=0
[mer-probe long] dd_err_rms=0.4927 dd_mer=20.13
[fpll t=231.55s] nco_freq_hz=-2690071.2 mean|x|=0.02988 rms_x=0.03756 max|x|=0.3034 in_rms=104.8 out_rms=4.8
[eq-long t=231.18s] fs=8736 fs_err_rms=0.5414 |taps|=1.392 mu=5e-05 frz=0 hub=0.000 clmp=0
[fpll t=231.75s] nco_freq_hz=-2690071.9 mean|x|=0.02991 rms_x=0.03765 max|x|=0.3599 in_rms=105.0 out_rms=4.8
[eq-long t=231.50s] fs=8744 fs_err_rms=0.5504 |taps|=1.389 mu=5e-05 frz=0 hub=0.000 clmp=0
[mer-probe long] dd_err_rms=0.4925 dd_mer=20.13
[fpll t=232.10s] nco_freq_hz=-2690070.1 mean|x|=0.02995 rms_x=0.03765 max|x|=0.2453 in_rms=105.4 out_rms=4.8
[eq-long t=231.66s] fs=8752 fs_err_rms=0.5503 |taps|=1.394 mu=5e-05 frz=0 hub=0.000 clmp=0
[eq-long t=231.91s] fs=8760 fs_err_rms=0.5444 |taps|=1.392 mu=5e-05 frz=0 hub=0.000 clmp=0
[fpll t=232.39s] nco_freq_hz=-2690072.7 mean|x|=0.02989 rms_x=0.03755 max|x|=0.2542 in_rms=105.3 out_rms=4.8
[mer-probe long] dd_err_rms=0.4916 dd_mer=20.15
[eq-long t=232.14s] fs=8768 fs_err_rms=0.5570 |taps|=1.390 mu=5e-05 frz=0 hub=0.000 clmp=0
[fpll t=232.64s] nco_freq_hz=-2690069.4 mean|x|=0.02989 rms_x=0.03759 max|x|=0.3035 in_rms=105.3 out_rms=4.8
[eq-long t=232.36s] fs=8776 fs_err_rms=0.5258 |taps|=1.390 mu=5e-05 frz=0 hub=0.000 clmp=0
[fpll t=232.86s] nco_freq_hz=-2690068.2 mean|x|=0.03012 rms_x=0.03788 max|x|=0.2298 in_rms=105.2 out_rms=4.8
OsO[eq-long t=232.57s] fs=8784 fs_err_rms=0.5478 |taps|=1.386 mu=5e-05 frz=0 hub=0.000 clmp=0
[mer-probe long] dd_err_rms=0.4906 dd_mer=20.16
[fpll t=233.13s] nco_freq_hz=-2690070.8 mean|x|=0.03011 rms_x=0.03788 max|x|=0.2650 in_rms=104.6 out_rms=4.8
[eq-long t=232.80s] fs=8792 fs_err_rms=0.5448 |taps|=1.391 mu=5e-05 frz=0 hub=0.000 clmp=0
[fpll t=233.35s] nco_freq_hz=-2690066.0 mean|x|=0.02563 rms_x=0.04359 max|x|=1.5703 in_rms=104.1 out_rms=4.8
[eq-long t=233.03s] fs=8800 fs_err_rms=0.5377 |taps|=1.393 mu=5e-05 frz=0 hub=0.000 clmp=0
[fpll t=233.60s] nco_freq_hz=-2690072.2 mean|x|=0.03014 rms_x=0.03791 max|x|=0.2991 in_rms=104.4 out_rms=4.8
[mer-probe long] dd_err_rms=0.4980 dd_mer=20.04
[eq-long t=233.25s] fs=8808 fs_err_rms=0.5488 |taps|=1.390 mu=5e-05 frz=0 hub=0.000 clmp=0
[fpll t=233.87s] nco_freq_hz=-2690068.2 mean|x|=0.03010 rms_x=0.03785 max|x|=0.2798 in_rms=104.6 out_rms=4.8
[eq-long t=233.47s] fs=8816 fs_err_rms=0.5527 |taps|=1.391 mu=5e-05 frz=0 hub=0.000 clmp=0
[fpll t=234.10s] nco_freq_hz=-2690066.0 mean|x|=0.03010 rms_x=0.03781 max|x|=0.2275 in_rms=104.7 out_rms=4.8
[eq-long t=233.68s] fs=8824 fs_err_rms=0.5541 |taps|=1.392 mu=5e-05 frz=0 hub=0.000 clmp=0
[mer-probe long] dd_err_rms=0.4928 dd_mer=20.13
[eq-long t=233.89s] fs=8832 fs_err_rms=0.5498 |taps|=1.386 mu=5e-05 frz=0 hub=0.000 clmp=0
[fpll t=234.34s] nco_freq_hz=-2690066.8 mean|x|=0.03014 rms_x=0.03789 max|x|=0.2390 in_rms=104.8 out_rms=4.8
[eq-long t=234.11s] fs=8840 fs_err_rms=0.5375 |taps|=1.389 mu=5e-05 frz=0 hub=0.000 clmp=0
[fpll t=234.61s] nco_freq_hz=-2690072.4 mean|x|=0.03006 rms_x=0.03784 max|x|=0.2954 in_rms=104.8 out_rms=4.8
[mer-probe long] dd_err_rms=0.4922 dd_mer=20.14
[eq-long t=234.37s] fs=8848 fs_err_rms=0.5412 |taps|=1.387 mu=5e-05 frz=0 hub=0.000 clmp=0
[fpll t=234.84s] nco_freq_hz=-2690067.1 mean|x|=0.02996 rms_x=0.03764 max|x|=0.2324 in_rms=104.8 out_rms=4.8
[eq-long t=234.58s] fs=8856 fs_err_rms=0.5359 |taps|=1.389 mu=5e-05 frz=0 hub=0.000 clmp=0
[fpll t=235.11s] nco_freq_hz=-2690073.1 mean|x|=0.03007 rms_x=0.03781 max|x|=0.2583 in_rms=104.7 out_rms=4.8
[mer-probe long] dd_err_rms=0.4915 dd_mer=20.15
[eq-long t=234.75s] fs=8864 fs_err_rms=0.5437 |taps|=1.387 mu=5e-05 frz=0 hub=0.000 clmp=0
[fpll t=235.32s] nco_freq_hz=-2690068.8 mean|x|=0.03013 rms_x=0.03788 max|x|=0.2417 in_rms=104.8 out_rms=4.8
[eq-long t=234.94s] fs=8872 fs_err_rms=0.5432 |taps|=1.387 mu=5e-05 frz=0 hub=0.000 clmp=0
[fpll t=235.52s] nco_freq_hz=-2690071.8 mean|x|=0.03009 rms_x=0.03781 max|x|=0.2709 in_rms=104.6 out_rms=4.8
[eq-long t=235.11s] fs=8880 fs_err_rms=0.5423 |taps|=1.388 mu=5e-05 frz=0 hub=0.000 clmp=0
[mer-probe long] dd_err_rms=0.4919 dd_mer=20.14
[fpll t=235.73s] nco_freq_hz=-2690068.6 mean|x|=0.03028 rms_x=0.03808 max|x|=0.2772 in_rms=104.4 out_rms=4.8
[eq-long t=235.30s] fs=8888 fs_err_rms=0.5614 |taps|=1.385 mu=5e-05 frz=0 hub=0.000 clmp=0
[eq-long t=235.48s] fs=8896 fs_err_rms=0.5312 |taps|=1.387 mu=5e-05 frz=0 hub=0.000 clmp=0
[fpll t=235.93s] nco_freq_hz=-2690073.1 mean|x|=0.03000 rms_x=0.03775 max|x|=0.2343 in_rms=103.9 out_rms=4.8
[mer-probe long] dd_err_rms=0.4925 dd_mer=20.13
[eq-long t=235.64s] fs=8904 fs_err_rms=0.5569 |taps|=1.389 mu=5e-05 frz=0 hub=0.000 clmp=0
[fpll t=236.12s] nco_freq_hz=-2690070.3 mean|x|=0.02989 rms_x=0.03758 max|x|=0.2958 in_rms=103.8 out_rms=4.8
[eq-long t=235.82s] fs=8912 fs_err_rms=0.5438 |taps|=1.387 mu=5e-05 frz=0 hub=0.000 clmp=0
[fpll t=236.31s] nco_freq_hz=-2690068.7 mean|x|=0.02995 rms_x=0.03765 max|x|=0.2500 in_rms=104.1 out_rms=4.8
[eq-long t=236.02s] fs=8920 fs_err_rms=0.5349 |taps|=1.386 mu=5e-05 frz=0 hub=0.000 clmp=0
[mer-probe long] dd_err_rms=0.4926 dd_mer=20.13
[fpll t=236.57s] nco_freq_hz=-2690069.8 mean|x|=0.03016 rms_x=0.03797 max|x|=0.2919 in_rms=104.2 out_rms=4.8
[eq-long t=236.26s] fs=8928 fs_err_rms=0.5428 |taps|=1.383 mu=5e-05 frz=0 hub=0.000 clmp=0
[fpll t=236.84s] nco_freq_hz=-2690068.2 mean|x|=0.02999 rms_x=0.03773 max|x|=0.2329 in_rms=104.3 out_rms=4.8
[eq-long t=236.49s] fs=8936 fs_err_rms=0.5511 |taps|=1.388 mu=5e-05 frz=0 hub=0.000 clmp=0
[mer-probe long] dd_err_rms=0.4920 dd_mer=20.14
[fpll t=237.09s] nco_freq_hz=-2690069.2 mean|x|=0.03020 rms_x=0.03799 max|x|=0.2894 in_rms=104.5 out_rms=4.8
[eq-long t=236.70s] fs=8944 fs_err_rms=0.5436 |taps|=1.382 mu=5e-05 frz=0 hub=0.000 clmp=0
[fpll t=237.38s] nco_freq_hz=-2690067.3 mean|x|=0.03007 rms_x=0.03780 max|x|=0.2067 in_rms=104.9 out_rms=4.8
[eq-long t=236.97s] fs=8952 fs_err_rms=0.5546 |taps|=1.384 mu=5e-05 frz=0 hub=0.000 clmp=0
[eq-long t=237.20s] fs=8960 fs_err_rms=0.5311 |taps|=1.388 mu=5e-05 frz=0 hub=0.000 clmp=0
[mer-probe long] dd_err_rms=0.4921 dd_mer=20.14
[fpll t=237.66s] nco_freq_hz=-2690067.6 mean|x|=0.03018 rms_x=0.03799 max|x|=0.2508 in_rms=104.8 out_rms=4.8
[eq-long t=237.44s] fs=8968 fs_err_rms=0.5361 |taps|=1.383 mu=5e-05 frz=0 hub=0.000 clmp=0
[fpll t=237.94s] nco_freq_hz=-2690066.1 mean|x|=0.03018 rms_x=0.03798 max|x|=0.2696 in_rms=104.5 out_rms=4.8
[eq-long t=237.66s] fs=8976 fs_err_rms=0.5376 |taps|=1.385 mu=5e-05 frz=0 hub=0.000 clmp=0
[fpll t=238.17s] nco_freq_hz=-2690068.1 mean|x|=0.03012 rms_x=0.03790 max|x|=0.2539 in_rms=104.2 out_rms=4.8
[mer-probe long] dd_err_rms=0.4924 dd_mer=20.13
[eq-long t=237.86s] fs=8984 fs_err_rms=0.5532 |taps|=1.385 mu=5e-05 frz=0 hub=0.000 clmp=0
[fpll t=238.43s] nco_freq_hz=-2690067.5 mean|x|=0.03001 rms_x=0.03777 max|x|=0.2438 in_rms=104.3 out_rms=4.8
[eq-long t=238.09s] fs=8992 fs_err_rms=0.5409 |taps|=1.382 mu=5e-05 frz=0 hub=0.000 clmp=0
[fpll t=238.69s] nco_freq_hz=-2690068.8 mean|x|=0.03003 rms_x=0.03776 max|x|=0.2576 in_rms=103.9 out_rms=4.8
[mer-probe long] dd_err_rms=0.4915 dd_mer=20.15
[eq-long t=238.33s] fs=9000 fs_err_rms=0.5627 |taps|=1.381 mu=5e-05 frz=0 hub=0.000 clmp=0
[fpll t=238.94s] nco_freq_hz=-2690071.0 mean|x|=0.03011 rms_x=0.03787 max|x|=0.2558 in_rms=103.7 out_rms=4.8
[eq-long t=238.55s] fs=9008 fs_err_rms=0.5520 |taps|=1.382 mu=5e-05 frz=0 hub=0.000 clmp=0
[fpll t=239.20s] nco_freq_hz=-2690068.1 mean|x|=0.02985 rms_x=0.03750 max|x|=0.2295 in_rms=103.7 out_rms=4.8
[eq-long t=238.77s] fs=9016 fs_err_rms=0.5352 |taps|=1.386 mu=5e-05 frz=0 hub=0.000 clmp=0
[mer-probe long] dd_err_rms=0.4923 dd_mer=20.13
[eq-long t=239.02s] fs=9024 fs_err_rms=0.5537 |taps|=1.383 mu=5e-05 frz=0 hub=0.000 clmp=0
[fpll t=239.47s] nco_freq_hz=-2690069.5 mean|x|=0.02992 rms_x=0.03760 max|x|=0.2511 in_rms=103.7 out_rms=4.8
[eq-long t=239.24s] fs=9032 fs_err_rms=0.5415 |taps|=1.387 mu=5e-05 frz=0 hub=0.000 clmp=0
[fpll t=239.73s] nco_freq_hz=-2690070.3 mean|x|=0.02989 rms_x=0.03757 max|x|=0.2312 in_rms=103.6 out_rms=4.8
[mer-probe long] dd_err_rms=0.4934 dd_mer=20.12
[eq-long t=239.48s] fs=9040 fs_err_rms=0.5304 |taps|=1.382 mu=5e-05 frz=0 hub=0.000 clmp=0
[fpll t=239.98s] nco_freq_hz=-2690071.6 mean|x|=0.03005 rms_x=0.03777 max|x|=0.2520 in_rms=103.6 out_rms=4.8
[eq-long t=239.69s] fs=9048 fs_err_rms=0.5433 |taps|=1.387 mu=5e-05 frz=0 hub=0.000 clmp=0
[fpll t=240.24s] nco_freq_hz=-2690070.1 mean|x|=0.03022 rms_x=0.03800 max|x|=0.2629 in_rms=103.8 out_rms=4.8
[eq-long t=239.92s] fs=9056 fs_err_rms=0.5550 |taps|=1.386 mu=5e-05 frz=0 hub=0.000 clmp=0
[mer-probe long] dd_err_rms=0.4932 dd_mer=20.12
[fpll t=240.50s] nco_freq_hz=-2690069.9 mean|x|=0.03014 rms_x=0.03789 max|x|=0.2501 in_rms=103.8 out_rms=4.8
[eq-long t=240.15s] fs=9064 fs_err_rms=0.5465 |taps|=1.386 mu=5e-05 frz=0 hub=0.000 clmp=0
[fpll t=240.77s] nco_freq_hz=-2690066.5 mean|x|=0.03010 rms_x=0.03786 max|x|=0.2375 in_rms=103.9 out_rms=4.8
[eq-long t=240.37s] fs=9072 fs_err_rms=0.5450 |taps|=1.388 mu=5e-05 frz=0 hub=0.000 clmp=0
[mer-probe long] dd_err_rms=0.4919 dd_mer=20.14
[fpll t=241.02s] nco_freq_hz=-2690072.4 mean|x|=0.03011 rms_x=0.03789 max|x|=0.2307 in_rms=104.1 out_rms=4.8
[eq-long t=240.58s] fs=9080 fs_err_rms=0.5458 |taps|=1.388 mu=5e-05 frz=0 hub=0.000 clmp=0
[eq-long t=240.78s] fs=9088 fs_err_rms=0.5281 |taps|=1.390 mu=5e-05 frz=0 hub=0.000 clmp=0
[fpll t=241.24s] nco_freq_hz=-2690072.1 mean|x|=0.03015 rms_x=0.03794 max|x|=0.2441 in_rms=104.1 out_rms=4.8
[mer-probe long] dd_err_rms=0.4935 dd_mer=20.11
[eq-long t=240.95s] fs=9096 fs_err_rms=0.5374 |taps|=1.386 mu=5e-05 frz=0 hub=0.000 clmp=0
[fpll t=241.43s] nco_freq_hz=-2690069.7 mean|x|=0.03002 rms_x=0.03773 max|x|=0.2646 in_rms=104.0 out_rms=4.8
[eq-long t=241.13s] fs=9104 fs_err_rms=0.5495 |taps|=1.390 mu=5e-05 frz=0 hub=0.000 clmp=0
[fpll t=241.63s] nco_freq_hz=-2690070.6 mean|x|=0.03021 rms_x=0.03796 max|x|=0.2569 in_rms=104.0 out_rms=4.8
[eq-long t=241.30s] fs=9112 fs_err_rms=0.5512 |taps|=1.391 mu=5e-05 frz=0 hub=0.000 clmp=0
[mer-probe long] dd_err_rms=0.4927 dd_mer=20.13
[fpll t=241.84s] nco_freq_hz=-2690070.2 mean|x|=0.03000 rms_x=0.03773 max|x|=0.2637 in_rms=103.6 out_rms=4.8
[eq-long t=241.47s] fs=9120 fs_err_rms=0.5472 |taps|=1.387 mu=5e-05 frz=0 hub=0.000 clmp=0
[fpll t=242.04s] nco_freq_hz=-2690070.6 mean|x|=0.03012 rms_x=0.03791 max|x|=0.2496 in_rms=103.4 out_rms=4.8
[eq-long t=241.66s] fs=9128 fs_err_rms=0.5330 |taps|=1.389 mu=5e-05 frz=0 hub=0.000 clmp=0
[fpll t=242.24s] nco_freq_hz=-2690070.0 mean|x|=0.03002 rms_x=0.03774 max|x|=0.2477 in_rms=103.4 out_rms=4.8
[mer-probe long] dd_err_rms=0.4923 dd_mer=20.13
[eq-long t=241.85s] fs=9136 fs_err_rms=0.5475 |taps|=1.387 mu=5e-05 frz=0 hub=0.000 clmp=0
[fpll t=242.49s] nco_freq_hz=-2690073.7 mean|x|=0.03013 rms_x=0.03790 max|x|=0.2652 in_rms=103.2 out_rms=4.8
[eq-long t=242.05s] fs=9144 fs_err_rms=0.5521 |taps|=1.390 mu=5e-05 frz=0 hub=0.000 clmp=0
[eq-long t=242.30s] fs=9152 fs_err_rms=0.5503 |taps|=1.384 mu=5e-05 frz=0 hub=0.000 clmp=0
[fpll t=242.76s] nco_freq_hz=-2690068.8 mean|x|=0.03006 rms_x=0.03784 max|x|=0.3462 in_rms=102.9 out_rms=4.8
[mer-probe long] dd_err_rms=0.4921 dd_mer=20.14
[eq-long t=242.52s] fs=9160 fs_err_rms=0.5441 |taps|=1.387 mu=5e-05 frz=0 hub=0.000 clmp=0
[fpll t=243.01s] nco_freq_hz=-2690068.9 mean|x|=0.02994 rms_x=0.03767 max|x|=0.2352 in_rms=103.0 out_rms=4.8
[eq-long t=242.75s] fs=9168 fs_err_rms=0.5460 |taps|=1.387 mu=5e-05 frz=0 hub=0.000 clmp=0
[fpll t=243.26s] nco_freq_hz=-2690068.6 mean|x|=0.03011 rms_x=0.03788 max|x|=0.2320 in_rms=102.8 out_rms=4.8
[mer-probe long] dd_err_rms=0.4925 dd_mer=20.13
[eq-long t=242.96s] fs=9176 fs_err_rms=0.5626 |taps|=1.385 mu=5e-05 frz=0 hub=0.000 clmp=0
[fpll t=243.52s] nco_freq_hz=-2690070.2 mean|x|=0.03005 rms_x=0.03779 max|x|=0.2377 in_rms=103.1 out_rms=4.8
[eq-long t=243.19s] fs=9184 fs_err_rms=0.5342 |taps|=1.385 mu=5e-05 frz=0 hub=0.000 clmp=0
[fpll t=243.78s] nco_freq_hz=-2690068.2 mean|x|=0.03012 rms_x=0.03785 max|x|=0.2490 in_rms=103.4 out_rms=4.8
[eq-long t=243.41s] fs=9192 fs_err_rms=0.5517 |taps|=1.387 mu=5e-05 frz=0 hub=0.000 clmp=0
[mer-probe long] dd_err_rms=0.4919 dd_mer=20.14
[fpll t=244.03s] nco_freq_hz=-2690065.9 mean|x|=0.02995 rms_x=0.03768 max|x|=0.2631 in_rms=103.6 out_rms=4.8
[eq-long t=243.64s] fs=9200 fs_err_rms=0.5568 |taps|=1.384 mu=5e-05 frz=0 hub=0.000 clmp=0
[fpll t=244.27s] nco_freq_hz=-2690069.0 mean|x|=0.03005 rms_x=0.03777 max|x|=0.3946 in_rms=103.8 out_rms=4.8
[eq-long t=243.85s] fs=9208 fs_err_rms=0.5558 |taps|=1.384 mu=5e-05 frz=0 hub=0.000 clmp=0
[mer-probe long] dd_err_rms=0.4929 dd_mer=20.12
OsO[eq-long t=244.07s] fs=9216 fs_err_rms=0.5345 |taps|=1.384 mu=5e-05 frz=0 hub=0.000 clmp=0
[fpll t=244.52s] nco_freq_hz=-2690072.1 mean|x|=0.03002 rms_x=0.03774 max|x|=0.2392 in_rms=104.1 out_rms=4.8
[eq-long t=244.28s] fs=9224 fs_err_rms=0.5474 |taps|=1.388 mu=5e-05 frz=0 hub=0.000 clmp=0
[fpll t=244.77s] nco_freq_hz=-2690068.9 mean|x|=0.03011 rms_x=0.03791 max|x|=0.2692 in_rms=103.8 out_rms=4.8
[mer-probe long] dd_err_rms=0.4939 dd_mer=20.11
[eq-long] MOD12 GUARD: phase 7 confirmed x2 — dropping 7 segments
[eq-long t=244.49s] fs=9232 fs_err_rms=0.5655 |taps|=1.384 mu=5e-05 frz=0 hub=0.000 clmp=0
[fpll t=245.03s] nco_freq_hz=-2690069.3 mean|x|=0.03109 rms_x=0.04775 max|x|=1.5703 in_rms=103.0 out_rms=4.8
[eq-long t=244.74s] fs=9240 fs_err_rms=0.5335 |taps|=1.386 mu=5e-05 frz=0 hub=0.000 clmp=0
[fpll t=245.28s] nco_freq_hz=-2690070.5 mean|x|=0.03014 rms_x=0.03790 max|x|=0.2673 in_rms=102.8 out_rms=4.8
[eq-long t=244.94s] fs=9248 fs_err_rms=0.5553 |taps|=1.388 mu=5e-05 frz=0 hub=0.000 clmp=0
[mer-probe long] dd_err_rms=0.4920 dd_mer=20.14
[fpll t=245.55s] nco_freq_hz=-2690064.1 mean|x|=0.02958 rms_x=0.03718 max|x|=0.2524 in_rms=102.6 out_rms=4.8
[eq-long t=245.19s] fs=9256 fs_err_rms=0.5502 |taps|=1.386 mu=5e-05 frz=0 hub=0.000 clmp=0
[fpll t=245.81s] nco_freq_hz=-2690072.9 mean|x|=0.02977 rms_x=0.03741 max|x|=0.2213 in_rms=102.8 out_rms=4.8
[eq-long t=245.42s] fs=9264 fs_err_rms=0.5800 |taps|=1.382 mu=5e-05 frz=0 hub=0.000 clmp=0
[mer-probe long] dd_err_rms=0.4924 dd_mer=20.13
[fpll t=246.07s] nco_freq_hz=-2690066.4 mean|x|=0.02984 rms_x=0.03756 max|x|=0.2841 in_rms=103.1 out_rms=4.8
[eq-long t=245.64s] fs=9272 fs_err_rms=0.5485 |taps|=1.382 mu=5e-05 frz=0 hub=0.000 clmp=0
[eq-long t=245.87s] fs=9280 fs_err_rms=0.5512 |taps|=1.384 mu=5e-05 frz=0 hub=0.000 clmp=0
[fpll t=246.33s] nco_freq_hz=-2690067.3 mean|x|=0.02992 rms_x=0.03762 max|x|=0.2206 in_rms=103.3 out_rms=4.8
[eq-long t=246.10s] fs=9288 fs_err_rms=0.5505 |taps|=1.387 mu=5e-05 frz=0 hub=0.000 clmp=0
[mer-probe long] dd_err_rms=0.4920 dd_mer=20.14
[fpll t=246.58s] nco_freq_hz=-2690070.9 mean|x|=0.03005 rms_x=0.03779 max|x|=0.2805 in_rms=103.7 out_rms=4.8
[eq-long t=246.32s] fs=9296 fs_err_rms=0.5397 |taps|=1.384 mu=5e-05 frz=0 hub=0.000 clmp=0
[fpll t=246.84s] nco_freq_hz=-2690069.5 mean|x|=0.02978 rms_x=0.03746 max|x|=0.2776 in_rms=103.8 out_rms=4.8
[eq-long t=246.52s] fs=9304 fs_err_rms=0.5364 |taps|=1.385 mu=5e-05 frz=0 hub=0.000 clmp=0
[mer-probe long] dd_err_rms=0.4927 dd_mer=20.13
[fpll t=247.06s] nco_freq_hz=-2690070.7 mean|x|=0.03002 rms_x=0.03778 max|x|=0.2316 in_rms=103.8 out_rms=4.8
[eq-long t=246.69s] fs=9312 fs_err_rms=0.5537 |taps|=1.386 mu=5e-05 frz=0 hub=0.000 clmp=0
[fpll t=247.25s] nco_freq_hz=-2690071.0 mean|x|=0.03001 rms_x=0.03769 max|x|=0.2251 in_rms=103.8 out_rms=4.8
[eq-long t=246.85s] fs=9320 fs_err_rms=0.5544 |taps|=1.381 mu=5e-05 frz=0 hub=0.000 clmp=0
[fpll t=247.45s] nco_freq_hz=-2690071.0 mean|x|=0.02993 rms_x=0.03763 max|x|=0.3093 in_rms=103.8 out_rms=4.8
[mer-probe long] dd_err_rms=0.4921 dd_mer=20.14
[eq-long t=247.05s] fs=9328 fs_err_rms=0.5384 |taps|=1.382 mu=5e-05 frz=0 hub=0.000 clmp=0
[eq-long t=247.23s] fs=9336 fs_err_rms=0.5387 |taps|=1.384 mu=5e-05 frz=0 hub=0.000 clmp=0
[fpll t=247.68s] nco_freq_hz=-2690069.1 mean|x|=0.02987 rms_x=0.03757 max|x|=0.2224 in_rms=103.9 out_rms=4.8
[eq-long t=247.41s] fs=9344 fs_err_rms=0.5477 |taps|=1.384 mu=5e-05 frz=0 hub=0.000 clmp=0
[fpll t=247.87s] nco_freq_hz=-2690072.5 mean|x|=0.02979 rms_x=0.03745 max|x|=0.3356 in_rms=103.8 out_rms=4.8
[mer-probe long] dd_err_rms=0.4926 dd_mer=20.13
[eq-long t=247.59s] fs=9352 fs_err_rms=0.5529 |taps|=1.383 mu=5e-05 frz=0 hub=0.000 clmp=0
[fpll t=248.07s] nco_freq_hz=-2690072.4 mean|x|=0.02992 rms_x=0.03763 max|x|=0.2377 in_rms=103.4 out_rms=4.8
[eq-long t=247.75s] fs=9360 fs_err_rms=0.5468 |taps|=1.383 mu=5e-05 frz=0 hub=0.000 clmp=0
[fpll t=248.26s] nco_freq_hz=-2690068.3 mean|x|=0.03018 rms_x=0.03794 max|x|=0.2791 in_rms=103.1 out_rms=4.8
[mer-probe long] dd_err_rms=0.4920 dd_mer=20.14
[eq-long t=247.94s] fs=9368 fs_err_rms=0.5422 |taps|=1.387 mu=5e-05 frz=0 hub=0.000 clmp=0
[fpll t=248.51s] nco_freq_hz=-2690064.4 mean|x|=0.03000 rms_x=0.03772 max|x|=0.2325 in_rms=103.3 out_rms=4.8
[eq-long t=248.18s] fs=9376 fs_err_rms=0.5791 |taps|=1.384 mu=5e-05 frz=0 hub=0.000 clmp=0
[fpll t=248.80s] nco_freq_hz=-2690069.3 mean|x|=0.03018 rms_x=0.03796 max|x|=0.2970 in_rms=103.5 out_rms=4.8
[eq-long t=248.44s] fs=9384 fs_err_rms=0.5424 |taps|=1.385 mu=5e-05 frz=0 hub=0.000 clmp=0
[mer-probe long] dd_err_rms=0.4927 dd_mer=20.13
[fpll t=249.06s] nco_freq_hz=-2690071.0 mean|x|=0.02986 rms_x=0.03754 max|x|=0.3803 in_rms=103.5 out_rms=4.8
[eq-long t=248.67s] fs=9392 fs_err_rms=0.5571 |taps|=1.383 mu=5e-05 frz=0 hub=0.000 clmp=0
[eq-long t=248.91s] fs=9400 fs_err_rms=0.5486 |taps|=1.383 mu=5e-05 frz=0 hub=0.000 clmp=0
[fpll t=249.37s] nco_freq_hz=-2690068.6 mean|x|=0.02987 rms_x=0.03755 max|x|=0.2470 in_rms=103.6 out_rms=4.8
[mer-probe long] dd_err_rms=0.4914 dd_mer=20.15
[eq-long t=249.15s] fs=9408 fs_err_rms=0.5447 |taps|=1.385 mu=5e-05 frz=0 hub=0.000 clmp=0
[fpll t=249.61s] nco_freq_hz=-2690071.8 mean|x|=0.02986 rms_x=0.03754 max|x|=0.2362 in_rms=103.8 out_rms=4.8
[eq-long t=249.39s] fs=9416 fs_err_rms=0.5409 |taps|=1.384 mu=5e-05 frz=0 hub=0.000 clmp=0
[fpll t=249.88s] nco_freq_hz=-2690070.5 mean|x|=0.02988 rms_x=0.03755 max|x|=0.2422 in_rms=104.1 out_rms=4.8
[eq-long t=249.61s] fs=9424 fs_err_rms=0.5491 |taps|=1.386 mu=5e-05 frz=0 hub=0.000 clmp=0
[mer-probe long] dd_err_rms=0.4925 dd_mer=20.13
[fpll t=250.15s] nco_freq_hz=-2690071.0 mean|x|=0.02988 rms_x=0.03756 max|x|=0.2419 in_rms=104.0 out_rms=4.8
[eq-long t=249.85s] fs=9432 fs_err_rms=0.5565 |taps|=1.383 mu=5e-05 frz=0 hub=0.000 clmp=0
[fpll t=250.40s] nco_freq_hz=-2690069.7 mean|x|=0.03004 rms_x=0.03777 max|x|=0.2281 in_rms=103.9 out_rms=4.8
[eq-long t=250.07s] fs=9440 fs_err_rms=0.5534 |taps|=1.382 mu=5e-05 frz=0 hub=0.000 clmp=0
[mer-probe long] dd_err_rms=0.4927 dd_mer=20.13
[fpll t=250.66s] nco_freq_hz=-2690067.1 mean|x|=0.03018 rms_x=0.03796 max|x|=0.2678 in_rms=103.9 out_rms=4.8
[eq-long t=250.30s] fs=9448 fs_err_rms=0.5397 |taps|=1.387 mu=5e-05 frz=0 hub=0.000 clmp=0
[fpll t=250.92s] nco_freq_hz=-2690073.2 mean|x|=0.03011 rms_x=0.03790 max|x|=0.2637 in_rms=103.8 out_rms=4.8
[eq-long t=250.52s] fs=9456 fs_err_rms=0.5537 |taps|=1.386 mu=5e-05 frz=0 hub=0.000 clmp=0
[mer-probe long] dd_err_rms=0.4926 dd_mer=20.13
[fpll t=251.17s] nco_freq_hz=-2690071.6 mean|x|=0.02987 rms_x=0.03753 max|x|=0.2564 in_rms=103.8 out_rms=4.8
[eq-long t=250.75s] fs=9464 fs_err_rms=0.5489 |taps|=1.385 mu=5e-05 frz=0 hub=0.000 clmp=0
[eq-long t=250.98s] fs=9472 fs_err_rms=0.5340 |taps|=1.383 mu=5e-05 frz=0 hub=0.000 clmp=0
[fpll t=251.45s] nco_freq_hz=-2690069.2 mean|x|=0.03004 rms_x=0.03777 max|x|=0.2491 in_rms=103.6 out_rms=4.8
[eq-long t=251.16s] fs=9480 fs_err_rms=0.5432 |taps|=1.384 mu=5e-05 frz=0 hub=0.000 clmp=0
[mer-probe long] dd_err_rms=0.4919 dd_mer=20.14
[fpll t=251.65s] nco_freq_hz=-2690070.5 mean|x|=0.03017 rms_x=0.03794 max|x|=0.3056 in_rms=103.3 out_rms=4.8
[eq-long t=251.33s] fs=9488 fs_err_rms=0.5343 |taps|=1.385 mu=5e-05 frz=0 hub=0.000 clmp=0
[fpll t=251.85s] nco_freq_hz=-2690070.3 mean|x|=0.02986 rms_x=0.03756 max|x|=0.3755 in_rms=103.3 out_rms=4.8
[eq-long t=251.51s] fs=9496 fs_err_rms=0.5608 |taps|=1.383 mu=5e-05 frz=0 hub=0.000 clmp=0
[fpll t=252.03s] nco_freq_hz=-2690071.7 mean|x|=0.02986 rms_x=0.03754 max|x|=0.2291 in_rms=103.2 out_rms=4.8
[mer-probe long] dd_err_rms=0.4917 dd_mer=20.15
[eq-long t=251.67s] fs=9504 fs_err_rms=0.5506 |taps|=1.382 mu=5e-05 frz=0 hub=0.000 clmp=0
[fpll t=252.23s] nco_freq_hz=-2690069.2 mean|x|=0.03002 rms_x=0.03781 max|x|=0.2857 in_rms=103.0 out_rms=4.8
[eq-long t=251.84s] fs=9512 fs_err_rms=0.5570 |taps|=1.385 mu=5e-05 frz=0 hub=0.000 clmp=0
[fpll t=252.43s] nco_freq_hz=-2690067.4 mean|x|=0.02991 rms_x=0.03764 max|x|=0.2493 in_rms=102.9 out_rms=4.8
[eq-long t=252.02s] fs=9520 fs_err_rms=0.5527 |taps|=1.384 mu=5e-05 frz=0 hub=0.000 clmp=0
[mer-probe long] dd_err_rms=0.4932 dd_mer=20.12
[eq-long t=252.18s] fs=9528 fs_err_rms=0.5486 |taps|=1.383 mu=5e-05 frz=0 hub=0.000 clmp=0
[fpll t=252.63s] nco_freq_hz=-2690070.5 mean|x|=0.03009 rms_x=0.03788 max|x|=0.2400 in_rms=102.7 out_rms=4.8
[eq-long t=252.38s] fs=9536 fs_err_rms=0.5392 |taps|=1.384 mu=5e-05 frz=0 hub=0.000 clmp=0
[fpll t=252.85s] nco_freq_hz=-2690070.4 mean|x|=0.03012 rms_x=0.03788 max|x|=0.2821 in_rms=102.7 out_rms=4.8
[mer-probe long] dd_err_rms=0.4930 dd_mer=20.12
[eq-long t=252.60s] fs=9544 fs_err_rms=0.5346 |taps|=1.384 mu=5e-05 frz=0 hub=0.000 clmp=0
[fpll t=253.11s] nco_freq_hz=-2690071.5 mean|x|=0.03002 rms_x=0.03777 max|x|=0.4126 in_rms=102.8 out_rms=4.8
[eq-long t=252.82s] fs=9552 fs_err_rms=0.5325 |taps|=1.386 mu=5e-05 frz=0 hub=0.000 clmp=0
[fpll t=253.38s] nco_freq_hz=-2690070.6 mean|x|=0.03012 rms_x=0.03789 max|x|=0.2314 in_rms=102.7 out_rms=4.8
[mer-probe long] dd_err_rms=0.4926 dd_mer=20.13
[eq-long t=253.08s] fs=9560 fs_err_rms=0.5459 |taps|=1.384 mu=5e-05 frz=0 hub=0.000 clmp=0
[fpll t=253.58s] nco_freq_hz=-2690067.8 mean|x|=0.03010 rms_x=0.03787 max|x|=0.2286 in_rms=103.0 out_rms=4.8
[eq-long t=253.27s] fs=9568 fs_err_rms=0.5403 |taps|=1.386 mu=5e-05 frz=0 hub=0.000 clmp=0
[fpll t=253.86s] nco_freq_hz=-2690066.7 mean|x|=0.03009 rms_x=0.03783 max|x|=0.2691 in_rms=102.8 out_rms=4.8
[eq-long t=253.48s] fs=9576 fs_err_rms=0.5634 |taps|=1.384 mu=5e-05 frz=0 hub=0.000 clmp=0
[mer-probe long] dd_err_rms=0.4935 dd_mer=20.11
[fpll t=254.12s] nco_freq_hz=-2690068.8 mean|x|=0.03021 rms_x=0.03799 max|x|=0.2432 in_rms=102.6 out_rms=4.8
[eq-long t=253.71s] fs=9584 fs_err_rms=0.5379 |taps|=1.384 mu=5e-05 frz=0 hub=0.000 clmp=0
[fpll t=254.35s] nco_freq_hz=-2690070.0 mean|x|=0.03029 rms_x=0.03813 max|x|=0.2694 in_rms=102.8 out_rms=4.8
[eq-long t=253.93s] fs=9592 fs_err_rms=0.5586 |taps|=1.382 mu=5e-05 frz=0 hub=0.000 clmp=0
[mer-probe long] dd_err_rms=0.4932 dd_mer=20.12
[eq-long t=254.13s] fs=9600 fs_err_rms=0.5512 |taps|=1.383 mu=5e-05 frz=0 hub=0.000 clmp=0
[fpll t=254.62s] nco_freq_hz=-2690068.9 mean|x|=0.03020 rms_x=0.03798 max|x|=0.2510 in_rms=102.9 out_rms=4.8
[eq-long t=254.36s] fs=9608 fs_err_rms=0.5531 |taps|=1.381 mu=5e-05 frz=0 hub=0.000 clmp=0
[fpll t=254.88s] nco_freq_hz=-2690071.1 mean|x|=0.03038 rms_x=0.03820 max|x|=0.2414 in_rms=102.6 out_rms=4.8
[eq-long t=254.59s] fs=9616 fs_err_rms=0.5438 |taps|=1.386 mu=5e-05 frz=0 hub=0.000 clmp=0
[mer-probe long] dd_err_rms=0.4918 dd_mer=20.14
[fpll t=255.14s] nco_freq_hz=-2690071.4 mean|x|=0.03013 rms_x=0.03789 max|x|=0.2546 in_rms=102.5 out_rms=4.8
[eq-long t=254.84s] fs=9624 fs_err_rms=0.5574 |taps|=1.384 mu=5e-05 frz=0 hub=0.000 clmp=0
[fpll t=255.41s] nco_freq_hz=-2690072.6 mean|x|=0.03010 rms_x=0.03785 max|x|=0.3061 in_rms=102.6 out_rms=4.8
[eq-long t=255.08s] fs=9632 fs_err_rms=0.5430 |taps|=1.384 mu=5e-05 frz=0 hub=0.000 clmp=0
[mer-probe long] dd_err_rms=0.4933 dd_mer=20.12
[fpll t=255.66s] nco_freq_hz=-2690068.7 mean|x|=0.03011 rms_x=0.03785 max|x|=0.4291 in_rms=102.3 out_rms=4.8
[eq-long t=255.28s] fs=9640 fs_err_rms=0.5546 |taps|=1.383 mu=5e-05 frz=0 hub=0.000 clmp=0
[fpll t=255.93s] nco_freq_hz=-2690069.6 mean|x|=0.03018 rms_x=0.03796 max|x|=0.2644 in_rms=102.6 out_rms=4.8
[eq-long t=255.52s] fs=9648 fs_err_rms=0.5583 |taps|=1.385 mu=5e-05 frz=0 hub=0.000 clmp=0
OsO[fpll t=256.19s] nco_freq_hz=-2690068.0 mean|x|=0.03022 rms_x=0.03802 max|x|=0.2741 in_rms=102.7 out_rms=4.8
[eq-long t=255.74s] fs=9656 fs_err_rms=0.5436 |taps|=1.385 mu=5e-05 frz=0 hub=0.000 clmp=0
[mer-probe long] dd_err_rms=0.4929 dd_mer=20.12
[eq-long t=256.01s] fs=9664 fs_err_rms=0.5580 |taps|=1.385 mu=5e-05 frz=0 hub=0.000 clmp=0
[fpll t=256.45s] nco_freq_hz=-2690070.1 mean|x|=0.03090 rms_x=0.04669 max|x|=1.5704 in_rms=103.6 out_rms=4.8
[eq-long t=256.21s] fs=9672 fs_err_rms=0.5373 |taps|=1.383 mu=5e-05 frz=0 hub=0.000 clmp=0
[fpll t=256.71s] nco_freq_hz=-2690065.4 mean|x|=0.03019 rms_x=0.03797 max|x|=0.2650 in_rms=103.9 out_rms=4.8
[mer-probe long] dd_err_rms=0.4959 dd_mer=20.07
[eq-long t=256.45s] fs=9680 fs_err_rms=0.5350 |taps|=1.386 mu=5e-05 frz=0 hub=0.000 clmp=0
[fpll t=256.97s] nco_freq_hz=-2690068.6 mean|x|=0.03020 rms_x=0.03799 max|x|=0.2628 in_rms=103.7 out_rms=4.8
[eq-long t=256.67s] fs=9688 fs_err_rms=0.5273 |taps|=1.386 mu=5e-05 frz=0 hub=0.000 clmp=0
[fpll t=257.20s] nco_freq_hz=-2690070.8 mean|x|=0.03009 rms_x=0.03782 max|x|=0.2647 in_rms=103.7 out_rms=4.8
[mer-probe long] dd_err_rms=0.4927 dd_mer=20.13
[eq-long t=256.89s] fs=9696 fs_err_rms=0.5366 |taps|=1.384 mu=5e-05 frz=0 hub=0.000 clmp=0
[fpll t=257.45s] nco_freq_hz=-2690068.5 mean|x|=0.03018 rms_x=0.03798 max|x|=0.2896 in_rms=103.9 out_rms=4.8
[eq-long t=257.20s] fs=9704 fs_err_rms=0.5267 |taps|=1.385 mu=5e-05 frz=0 hub=0.000 clmp=0
[fpll t=257.76s] nco_freq_hz=-2690068.4 mean|x|=0.03025 rms_x=0.03803 max|x|=0.2748 in_rms=103.8 out_rms=4.8
[eq-long t=257.43s] fs=9712 fs_err_rms=0.5335 |taps|=1.385 mu=5e-05 frz=0 hub=0.000 clmp=0
[mer-probe long] dd_err_rms=0.4930 dd_mer=20.12
[fpll t=258.06s] nco_freq_hz=-2690071.8 mean|x|=0.03040 rms_x=0.03823 max|x|=0.2743 in_rms=103.8 out_rms=4.8
[eq-long t=257.65s] fs=9720 fs_err_rms=0.5280 |taps|=1.387 mu=5e-05 frz=0 hub=0.000 clmp=0
[eq-long t=257.89s] fs=9728 fs_err_rms=0.5407 |taps|=1.388 mu=5e-05 frz=0 hub=0.000 clmp=0
[fpll t=258.35s] nco_freq_hz=-2690067.7 mean|x|=0.03041 rms_x=0.03826 max|x|=0.2422 in_rms=103.9 out_rms=4.8
[mer-probe long] dd_err_rms=0.4937 dd_mer=20.11
[fpll t=258.57s] nco_freq_hz=-2690069.8 mean|x|=0.03015 rms_x=0.03790 max|x|=0.2513 in_rms=103.7 out_rms=4.8
[eq-long t=258.19s] fs=9736 fs_err_rms=0.5251 |taps|=1.391 mu=5e-05 frz=0 hub=0.000 clmp=0
[eq-long t=258.33s] fs=9744 fs_err_rms=0.5296 |taps|=1.392 mu=5e-05 frz=0 hub=0.000 clmp=0
[fpll t=258.79s] nco_freq_hz=-2690070.7 mean|x|=0.03021 rms_x=0.03795 max|x|=0.2351 in_rms=103.4 out_rms=4.8
[eq-long t=258.47s] fs=9752 fs_err_rms=0.5299 |taps|=1.390 mu=5e-05 frz=0 hub=0.000 clmp=0
[mer-probe long] dd_err_rms=0.4931 dd_mer=20.12
[fpll t=259.00s] nco_freq_hz=-2690068.7 mean|x|=0.03034 rms_x=0.03814 max|x|=0.2901 in_rms=103.6 out_rms=4.8
[eq-long t=258.64s] fs=9760 fs_err_rms=0.5419 |taps|=1.389 mu=5e-05 frz=0 hub=0.000 clmp=0
[fpll t=259.21s] nco_freq_hz=-2690065.1 mean|x|=0.03041 rms_x=0.03825 max|x|=0.2508 in_rms=103.7 out_rms=4.8
[eq-long t=258.83s] fs=9768 fs_err_rms=0.5370 |taps|=1.387 mu=5e-05 frz=0 hub=0.000 clmp=0
[mer-probe long] dd_err_rms=0.4938 dd_mer=20.11
[fpll t=259.41s] nco_freq_hz=-2690069.2 mean|x|=0.03028 rms_x=0.03806 max|x|=0.2392 in_rms=104.2 out_rms=4.8
[eq-long t=259.00s] fs=9776 fs_err_rms=0.5232 |taps|=1.385 mu=5e-05 frz=0 hub=0.000 clmp=0
[fpll t=259.62s] nco_freq_hz=-2690068.1 mean|x|=0.03035 rms_x=0.03816 max|x|=0.2621 in_rms=104.3 out_rms=4.8
[eq-long t=259.22s] fs=9784 fs_err_rms=0.5353 |taps|=1.386 mu=5e-05 frz=0 hub=0.000 clmp=0
[mer-probe long] dd_err_rms=0.4932 dd_mer=20.12
[eq-long t=259.45s] fs=9792 fs_err_rms=0.5309 |taps|=1.391 mu=5e-05 frz=0 hub=0.000 clmp=0
[fpll t=259.92s] nco_freq_hz=-2690067.3 mean|x|=0.03049 rms_x=0.03836 max|x|=0.2783 in_rms=104.6 out_rms=4.8
[eq-long t=259.70s] fs=9800 fs_err_rms=0.5331 |taps|=1.386 mu=5e-05 frz=0 hub=0.000 clmp=0
[fpll t=260.17s] nco_freq_hz=-2690069.5 mean|x|=0.03023 rms_x=0.03801 max|x|=0.3541 in_rms=104.8 out_rms=4.8
[eq-long t=259.93s] fs=9808 fs_err_rms=0.5315 |taps|=1.388 mu=5e-05 frz=0 hub=0.000 clmp=0
[mer-probe long] dd_err_rms=0.4924 dd_mer=20.13
[fpll t=260.46s] nco_freq_hz=-2690074.2 mean|x|=0.03037 rms_x=0.03820 max|x|=0.2187 in_rms=104.5 out_rms=4.8
[eq-long t=260.17s] fs=9816 fs_err_rms=0.5506 |taps|=1.388 mu=5e-05 frz=0 hub=0.000 clmp=0
[fpll t=260.72s] nco_freq_hz=-2690072.4 mean|x|=0.03039 rms_x=0.03823 max|x|=0.2819 in_rms=104.2 out_rms=4.8
[eq-long t=260.41s] fs=9824 fs_err_rms=0.5267 |taps|=1.389 mu=5e-05 frz=0 hub=0.000 clmp=0
[fpll t=260.98s] nco_freq_hz=-2690068.1 mean|x|=0.03038 rms_x=0.03825 max|x|=0.3515 in_rms=104.2 out_rms=4.8
[mer-probe long] dd_err_rms=0.4933 dd_mer=20.12
[eq-long t=260.62s] fs=9832 fs_err_rms=0.5204 |taps|=1.389 mu=5e-05 frz=0 hub=0.000 clmp=0
[fpll t=261.25s] nco_freq_hz=-2690069.0 mean|x|=0.03032 rms_x=0.03809 max|x|=0.2468 in_rms=104.2 out_rms=4.8
[eq-long t=260.84s] fs=9840 fs_err_rms=0.5251 |taps|=1.386 mu=5e-05 frz=0 hub=0.000 clmp=0
[fpll t=261.51s] nco_freq_hz=-2690068.9 mean|x|=0.03042 rms_x=0.03824 max|x|=0.2451 in_rms=104.5 out_rms=4.8
[eq-long t=261.08s] fs=9848 fs_err_rms=0.5233 |taps|=1.386 mu=5e-05 frz=0 hub=0.000 clmp=0
[mer-probe long] dd_err_rms=0.4920 dd_mer=20.14
[eq-long t=261.32s] fs=9856 fs_err_rms=0.5514 |taps|=1.387 mu=5e-05 frz=0 hub=0.000 clmp=0
[fpll t=261.78s] nco_freq_hz=-2690069.7 mean|x|=0.03011 rms_x=0.03790 max|x|=0.2224 in_rms=104.6 out_rms=4.8
[eq-long t=261.56s] fs=9864 fs_err_rms=0.5249 |taps|=1.388 mu=5e-05 frz=0 hub=0.000 clmp=0
[fpll t=262.04s] nco_freq_hz=-2690070.2 mean|x|=0.03036 rms_x=0.03819 max|x|=0.2534 in_rms=104.7 out_rms=4.8
[mer-probe long] dd_err_rms=0.4927 dd_mer=20.13
[eq-long t=261.78s] fs=9872 fs_err_rms=0.5334 |taps|=1.386 mu=5e-05 frz=0 hub=0.000 clmp=0
[fpll t=262.30s] nco_freq_hz=-2690071.3 mean|x|=0.03018 rms_x=0.03794 max|x|=0.2855 in_rms=104.9 out_rms=4.8
[eq-long t=262.03s] fs=9880 fs_err_rms=0.5398 |taps|=1.388 mu=5e-05 frz=0 hub=0.000 clmp=0
[fpll t=262.57s] nco_freq_hz=-2690070.6 mean|x|=0.03016 rms_x=0.03794 max|x|=0.2374 in_rms=105.0 out_rms=4.8
[mer-probe long] dd_err_rms=0.4936 dd_mer=20.11
[eq-long t=262.24s] fs=9888 fs_err_rms=0.5290 |taps|=1.387 mu=5e-05 frz=0 hub=0.000 clmp=0
[fpll t=262.80s] nco_freq_hz=-2690066.1 mean|x|=0.03039 rms_x=0.03821 max|x|=0.3130 in_rms=105.2 out_rms=4.8
[eq-long t=262.47s] fs=9896 fs_err_rms=0.5423 |taps|=1.389 mu=5e-05 frz=0 hub=0.000 clmp=0
[fpll t=263.03s] nco_freq_hz=-2690073.5 mean|x|=0.03025 rms_x=0.03803 max|x|=0.2983 in_rms=105.3 out_rms=4.8
[eq-long t=262.63s] fs=9904 fs_err_rms=0.5303 |taps|=1.388 mu=5e-05 frz=0 hub=0.000 clmp=0
[mer-probe long] dd_err_rms=0.4921 dd_mer=20.14
[fpll t=263.22s] nco_freq_hz=-2690070.5 mean|x|=0.03022 rms_x=0.03799 max|x|=0.2375 in_rms=105.4 out_rms=4.8
[eq-long t=262.79s] fs=9912 fs_err_rms=0.5244 |taps|=1.388 mu=5e-05 frz=0 hub=0.000 clmp=0
[fpll t=263.41s] nco_freq_hz=-2690072.2 mean|x|=0.03014 rms_x=0.03787 max|x|=0.2717 in_rms=105.2 out_rms=4.8
[eq-long t=262.97s] fs=9920 fs_err_rms=0.5201 |taps|=1.387 mu=5e-05 frz=0 hub=0.000 clmp=0
[mer-probe long] dd_err_rms=0.4912 dd_mer=20.15
[eq-long t=263.13s] fs=9928 fs_err_rms=0.5263 |taps|=1.389 mu=5e-05 frz=0 hub=0.000 clmp=0
[fpll t=263.61s] nco_freq_hz=-2690072.6 mean|x|=0.03006 rms_x=0.03777 max|x|=0.2347 in_rms=104.9 out_rms=4.8
[eq-long t=263.30s] fs=9936 fs_err_rms=0.5258 |taps|=1.389 mu=5e-05 frz=0 hub=0.000 clmp=0
[fpll t=263.80s] nco_freq_hz=-2690068.8 mean|x|=0.03007 rms_x=0.03779 max|x|=0.2354 in_rms=104.8 out_rms=4.8
[eq-long t=263.46s] fs=9944 fs_err_rms=0.5287 |taps|=1.388 mu=5e-05 frz=0 hub=0.000 clmp=0
[mer-probe long] dd_err_rms=0.4929 dd_mer=20.12
[fpll t=263.99s] nco_freq_hz=-2690068.9 mean|x|=0.03016 rms_x=0.03793 max|x|=0.3052 in_rms=104.8 out_rms=4.8
[eq-long t=263.63s] fs=9952 fs_err_rms=0.5234 |taps|=1.389 mu=5e-05 frz=0 hub=0.000 clmp=0
[fpll t=264.20s] nco_freq_hz=-2690073.0 mean|x|=0.03017 rms_x=0.03795 max|x|=0.2784 in_rms=104.6 out_rms=4.8
[eq-long t=263.84s] fs=9960 fs_err_rms=0.5445 |taps|=1.390 mu=5e-05 frz=0 hub=0.000 clmp=0
[mer-probe long] dd_err_rms=0.4930 dd_mer=20.12
[fpll t=264.47s] nco_freq_hz=-2690071.3 mean|x|=0.03006 rms_x=0.03781 max|x|=0.2784 in_rms=104.4 out_rms=4.8
[eq-long t=264.08s] fs=9968 fs_err_rms=0.5355 |taps|=1.393 mu=5e-05 frz=0 hub=0.000 clmp=0
[fpll t=264.72s] nco_freq_hz=-2690068.7 mean|x|=0.03010 rms_x=0.03788 max|x|=0.2646 in_rms=104.5 out_rms=4.8
[eq-long t=264.28s] fs=9976 fs_err_rms=0.5279 |taps|=1.389 mu=5e-05 frz=0 hub=0.000 clmp=0
[eq-long t=264.51s] fs=9984 fs_err_rms=0.5248 |taps|=1.387 mu=5e-05 frz=0 hub=0.000 clmp=0
[mer-probe long] dd_err_rms=0.4920 dd_mer=20.14
[fpll t=264.96s] nco_freq_hz=-2690072.2 mean|x|=0.03024 rms_x=0.03802 max|x|=0.2543 in_rms=104.2 out_rms=4.8
[eq-long t=264.72s] fs=9992 fs_err_rms=0.5272 |taps|=1.391 mu=5e-05 frz=0 hub=0.000 clmp=0
[fpll t=265.20s] nco_freq_hz=-2690068.0 mean|x|=0.03008 rms_x=0.03781 max|x|=0.2197 in_rms=103.9 out_rms=4.8
[eq-long t=264.93s] fs=10000 fs_err_rms=0.5267 |taps|=1.390 mu=5e-05 frz=0 hub=0.000 clmp=0
[fpll t=265.46s] nco_freq_hz=-2690067.0 mean|x|=0.03011 rms_x=0.03788 max|x|=0.2648 in_rms=104.1 out_rms=4.8
[mer-probe long] dd_err_rms=0.4929 dd_mer=20.13
[eq-long t=265.17s] fs=10008 fs_err_rms=0.5317 |taps|=1.389 mu=5e-05 frz=0 hub=0.000 clmp=0
[fpll t=265.73s] nco_freq_hz=-2690068.9 mean|x|=0.03009 rms_x=0.03781 max|x|=0.2528 in_rms=104.7 out_rms=4.8
[eq-long t=265.39s] fs=10016 fs_err_rms=0.5587 |taps|=1.389 mu=5e-05 frz=0 hub=0.000 clmp=0
[fpll t=265.97s] nco_freq_hz=-2690071.8 mean|x|=0.03026 rms_x=0.03802 max|x|=0.2317 in_rms=106.1 out_rms=4.8
[mer-probe long] dd_err_rms=0.4926 dd_mer=20.13
[eq-long t=265.62s] fs=10024 fs_err_rms=0.5617 |taps|=1.389 mu=5e-05 frz=0 hub=0.000 clmp=0
[fpll t=266.24s] nco_freq_hz=-2690070.0 mean|x|=0.03034 rms_x=0.03814 max|x|=0.2328 in_rms=103.5 out_rms=4.8
[eq-long t=265.84s] fs=10032 fs_err_rms=0.5294 |taps|=1.391 mu=5e-05 frz=0 hub=0.000 clmp=0
[fpll t=266.48s] nco_freq_hz=-2690066.4 mean|x|=0.03035 rms_x=0.03818 max|x|=0.3058 in_rms=102.4 out_rms=4.8
[eq-long t=266.08s] fs=10040 fs_err_rms=0.5316 |taps|=1.390 mu=5e-05 frz=0 hub=0.000 clmp=0
OsO[mer-probe long] dd_err_rms=0.4932 dd_mer=20.12
[eq-long t=266.27s] fs=10048 fs_err_rms=0.5257 |taps|=1.385 mu=5e-05 frz=0 hub=0.000 clmp=0
[fpll t=266.73s] nco_freq_hz=-2690068.2 mean|x|=0.03022 rms_x=0.03797 max|x|=0.2307 in_rms=103.5 out_rms=4.8
[eq-long t=266.49s] fs=10056 fs_err_rms=0.5526 |taps|=1.390 mu=5e-05 frz=0 hub=0.000 clmp=0
[fpll t=266.99s] nco_freq_hz=-2690070.9 mean|x|=0.03060 rms_x=0.04015 max|x|=0.7403 in_rms=104.4 out_rms=4.8
[mer-probe long] dd_err_rms=0.4948 dd_mer=20.09
[eq-long t=266.75s] fs=10064 fs_err_rms=0.5529 |taps|=1.393 mu=5e-05 frz=0 hub=0.000 clmp=0
[fpll t=267.25s] nco_freq_hz=-2690070.0 mean|x|=0.03025 rms_x=0.03806 max|x|=0.2662 in_rms=103.7 out_rms=4.8
[eq-long t=266.97s] fs=10072 fs_err_rms=0.5334 |taps|=1.388 mu=5e-05 frz=0 hub=0.000 clmp=0
[fpll t=267.50s] nco_freq_hz=-2690070.2 mean|x|=0.03024 rms_x=0.03803 max|x|=0.3164 in_rms=103.8 out_rms=4.8
[eq-long t=267.20s] fs=10080 fs_err_rms=0.5245 |taps|=1.391 mu=5e-05 frz=0 hub=0.000 clmp=0
[mer-probe long] dd_err_rms=0.4943 dd_mer=20.10
[fpll t=267.76s] nco_freq_hz=-2690070.7 mean|x|=0.03001 rms_x=0.03773 max|x|=0.2421 in_rms=104.2 out_rms=4.8
[eq-long t=267.43s] fs=10088 fs_err_rms=0.5356 |taps|=1.388 mu=5e-05 frz=0 hub=0.000 clmp=0
[fpll t=268.01s] nco_freq_hz=-2690068.7 mean|x|=0.03031 rms_x=0.03815 max|x|=0.2701 in_rms=104.1 out_rms=4.8
[eq-long t=267.63s] fs=10096 fs_err_rms=0.5480 |taps|=1.390 mu=5e-05 frz=0 hub=0.000 clmp=0
[mer-probe long] dd_err_rms=0.4929 dd_mer=20.12
[fpll t=268.27s] nco_freq_hz=-2690069.8 mean|x|=0.03025 rms_x=0.03805 max|x|=0.2805 in_rms=103.9 out_rms=4.8
[eq-long t=267.86s] fs=10104 fs_err_rms=0.5379 |taps|=1.388 mu=5e-05 frz=0 hub=0.000 clmp=0
[eq-long t=268.09s] fs=10112 fs_err_rms=0.5264 |taps|=1.391 mu=5e-05 frz=0 hub=0.000 clmp=0
[fpll t=268.54s] nco_freq_hz=-2690066.8 mean|x|=0.03025 rms_x=0.03801 max|x|=0.2423 in_rms=104.2 out_rms=4.8
[mer-probe long] dd_err_rms=0.4923 dd_mer=20.13
[fpll t=268.77s] nco_freq_hz=-2690071.3 mean|x|=0.03035 rms_x=0.03818 max|x|=0.2762 in_rms=104.3 out_rms=4.8
[eq-long t=268.33s] fs=10120 fs_err_rms=0.5322 |taps|=1.387 mu=5e-05 frz=0 hub=0.000 clmp=0
[eq-long t=268.55s] fs=10128 fs_err_rms=0.5343 |taps|=1.386 mu=5e-05 frz=0 hub=0.000 clmp=0
[fpll t=269.06s] nco_freq_hz=-2690065.8 mean|x|=0.03043 rms_x=0.03831 max|x|=0.2769 in_rms=104.5 out_rms=4.8
[eq-long t=268.75s] fs=10136 fs_err_rms=0.5335 |taps|=1.388 mu=5e-05 frz=0 hub=0.000 clmp=0
[mer-probe long] dd_err_rms=0.4934 dd_mer=20.12
[fpll t=269.26s] nco_freq_hz=-2690068.7 mean|x|=0.03041 rms_x=0.03824 max|x|=0.3181 in_rms=104.6 out_rms=4.8
[eq-long t=268.93s] fs=10144 fs_err_rms=0.5400 |taps|=1.391 mu=5e-05 frz=0 hub=0.000 clmp=0
[fpll t=269.46s] nco_freq_hz=-2690071.6 mean|x|=0.03025 rms_x=0.03805 max|x|=0.4142 in_rms=104.7 out_rms=4.8
[eq-long t=269.10s] fs=10152 fs_err_rms=0.5374 |taps|=1.390 mu=5e-05 frz=0 hub=0.000 clmp=0
[fpll t=269.67s] nco_freq_hz=-2690066.6 mean|x|=0.03042 rms_x=0.03822 max|x|=0.2819 in_rms=104.6 out_rms=4.8
[mer-probe long] dd_err_rms=0.4927 dd_mer=20.13
[eq-long t=269.28s] fs=10160 fs_err_rms=0.5238 |taps|=1.388 mu=5e-05 frz=0 hub=0.000 clmp=0
[fpll t=269.89s] nco_freq_hz=-2690070.0 mean|x|=0.03034 rms_x=0.03816 max|x|=0.2574 in_rms=104.3 out_rms=4.8
[eq-long t=269.48s] fs=10168 fs_err_rms=0.5305 |taps|=1.392 mu=5e-05 frz=0 hub=0.000 clmp=0
[fpll t=270.08s] nco_freq_hz=-2690066.5 mean|x|=0.03026 rms_x=0.03804 max|x|=0.2536 in_rms=103.9 out_rms=4.8
[eq-long t=269.65s] fs=10176 fs_err_rms=0.5324 |taps|=1.390 mu=5e-05 frz=0 hub=0.000 clmp=0
[mer-probe long] dd_err_rms=0.4934 dd_mer=20.11
[eq-long t=269.82s] fs=10184 fs_err_rms=0.5321 |taps|=1.389 mu=5e-05 frz=0 hub=0.000 clmp=0
[fpll t=270.30s] nco_freq_hz=-2690068.0 mean|x|=0.03017 rms_x=0.03795 max|x|=0.3830 in_rms=104.1 out_rms=4.8
[eq-long t=270.00s] fs=10192 fs_err_rms=0.5217 |taps|=1.385 mu=5e-05 frz=0 hub=0.000 clmp=0
[fpll t=270.50s] nco_freq_hz=-2690068.5 mean|x|=0.03000 rms_x=0.03773 max|x|=0.2636 in_rms=103.9 out_rms=4.8
[mer-probe long] dd_err_rms=0.4919 dd_mer=20.14
[eq-long t=270.20s] fs=10200 fs_err_rms=0.5367 |taps|=1.387 mu=5e-05 frz=0 hub=0.000 clmp=0
[fpll t=270.74s] nco_freq_hz=-2690069.6 mean|x|=0.03017 rms_x=0.03795 max|x|=0.2465 in_rms=104.0 out_rms=4.8
[eq-long t=270.45s] fs=10208 fs_err_rms=0.5350 |taps|=1.388 mu=5e-05 frz=0 hub=0.000 clmp=0
[fpll t=271.00s] nco_freq_hz=-2690071.7 mean|x|=0.03019 rms_x=0.03794 max|x|=0.3378 in_rms=104.3 out_rms=4.8
[eq-long t=270.68s] fs=10216 fs_err_rms=0.5312 |taps|=1.391 mu=5e-05 frz=0 hub=0.000 clmp=0
[mer-probe long] dd_err_rms=0.4927 dd_mer=20.13
[fpll t=271.31s] nco_freq_hz=-2690070.6 mean|x|=0.03012 rms_x=0.03791 max|x|=0.2651 in_rms=104.6 out_rms=4.8
[eq-long t=270.92s] fs=10224 fs_err_rms=0.5274 |taps|=1.389 mu=5e-05 frz=0 hub=0.000 clmp=0
[fpll t=271.61s] nco_freq_hz=-2690072.0 mean|x|=0.03022 rms_x=0.03801 max|x|=0.2384 in_rms=104.8 out_rms=4.8
[eq-long t=271.20s] fs=10232 fs_err_rms=0.5280 |taps|=1.393 mu=5e-05 frz=0 hub=0.000 clmp=0
[mer-probe long] dd_err_rms=0.4936 dd_mer=20.11
[eq-long t=271.44s] fs=10240 fs_err_rms=0.5232 |taps|=1.391 mu=5e-05 frz=0 hub=0.000 clmp=0
[fpll t=271.88s] nco_freq_hz=-2690068.7 mean|x|=0.03027 rms_x=0.03807 max|x|=0.2733 in_rms=104.7 out_rms=4.8
[eq-long t=271.67s] fs=10248 fs_err_rms=0.5381 |taps|=1.388 mu=5e-05 frz=0 hub=0.000 clmp=0
[fpll t=272.13s] nco_freq_hz=-2690066.2 mean|x|=0.03024 rms_x=0.03805 max|x|=0.3198 in_rms=104.8 out_rms=4.8
[mer-probe long] dd_err_rms=0.4927 dd_mer=20.13
[eq-long t=271.89s] fs=10256 fs_err_rms=0.5376 |taps|=1.388 mu=5e-05 frz=0 hub=0.000 clmp=0
[fpll t=272.37s] nco_freq_hz=-2690065.5 mean|x|=0.02999 rms_x=0.03770 max|x|=0.2725 in_rms=104.7 out_rms=4.8
[eq-long t=272.10s] fs=10264 fs_err_rms=0.5365 |taps|=1.388 mu=5e-05 frz=0 hub=0.000 clmp=0
[fpll t=272.62s] nco_freq_hz=-2690067.4 mean|x|=0.03023 rms_x=0.03805 max|x|=0.3053 in_rms=104.7 out_rms=4.8
[eq-long t=272.30s] fs=10272 fs_err_rms=0.5303 |taps|=1.385 mu=5e-05 frz=0 hub=0.000 clmp=0
[mer-probe long] dd_err_rms=0.4923 dd_mer=20.14
[fpll t=272.87s] nco_freq_hz=-2690070.4 mean|x|=0.03022 rms_x=0.03803 max|x|=0.2576 in_rms=104.6 out_rms=4.8
[eq-long t=272.53s] fs=10280 fs_err_rms=0.5193 |taps|=1.388 mu=5e-05 frz=0 hub=0.000 clmp=0
[fpll t=273.13s] nco_freq_hz=-2690070.1 mean|x|=0.03050 rms_x=0.03837 max|x|=0.2402 in_rms=104.6 out_rms=4.8
[eq-long t=272.75s] fs=10288 fs_err_rms=0.5166 |taps|=1.385 mu=5e-05 frz=0 hub=0.000 clmp=0
[mer-probe long] dd_err_rms=0.4937 dd_mer=20.11
[fpll t=273.38s] nco_freq_hz=-2690070.8 mean|x|=0.03018 rms_x=0.03798 max|x|=0.3836 in_rms=104.5 out_rms=4.8
[eq-long t=272.97s] fs=10296 fs_err_rms=0.5412 |taps|=1.385 mu=5e-05 frz=0 hub=0.000 clmp=0
[eq-long t=273.20s] fs=10304 fs_err_rms=0.5199 |taps|=1.385 mu=5e-05 frz=0 hub=0.000 clmp=0
[fpll t=273.64s] nco_freq_hz=-2690070.6 mean|x|=0.03021 rms_x=0.03797 max|x|=0.2770 in_rms=104.3 out_rms=4.8
[eq-long t=273.42s] fs=10312 fs_err_rms=0.5303 |taps|=1.386 mu=5e-05 frz=0 hub=0.000 clmp=0
[mer-probe long] dd_err_rms=0.4932 dd_mer=20.12
[fpll t=273.89s] nco_freq_hz=-2690070.6 mean|x|=0.03048 rms_x=0.03834 max|x|=0.2781 in_rms=103.9 out_rms=4.8
[eq-long t=273.64s] fs=10320 fs_err_rms=0.5246 |taps|=1.387 mu=5e-05 frz=0 hub=0.000 clmp=0
[fpll t=274.14s] nco_freq_hz=-2690069.6 mean|x|=0.03039 rms_x=0.03823 max|x|=0.3139 in_rms=103.7 out_rms=4.8
[eq-long t=273.85s] fs=10328 fs_err_rms=0.5198 |taps|=1.384 mu=5e-05 frz=0 hub=0.000 clmp=0
[fpll t=274.40s] nco_freq_hz=-2690068.5 mean|x|=0.03021 rms_x=0.03801 max|x|=0.2360 in_rms=103.5 out_rms=4.8
[mer-probe long] dd_err_rms=0.4934 dd_mer=20.12
[eq-long t=274.10s] fs=10336 fs_err_rms=0.5265 |taps|=1.384 mu=5e-05 frz=0 hub=0.000 clmp=0
[fpll t=274.68s] nco_freq_hz=-2690064.8 mean|x|=0.03025 rms_x=0.03803 max|x|=0.2313 in_rms=103.4 out_rms=4.8
[eq-long t=274.31s] fs=10344 fs_err_rms=0.5338 |taps|=1.385 mu=5e-05 frz=0 hub=0.000 clmp=0
[fpll t=274.87s] nco_freq_hz=-2690069.2 mean|x|=0.03023 rms_x=0.03801 max|x|=0.3690 in_rms=103.3 out_rms=4.8
[mer-probe long] dd_err_rms=0.4943 dd_mer=20.10
[eq-long t=274.47s] fs=10352 fs_err_rms=0.5410 |taps|=1.388 mu=5e-05 frz=0 hub=0.000 clmp=0
[fpll t=275.07s] nco_freq_hz=-2690069.2 mean|x|=0.03006 rms_x=0.03780 max|x|=0.3408 in_rms=103.4 out_rms=4.8
[eq-long t=274.65s] fs=10360 fs_err_rms=0.5367 |taps|=1.386 mu=5e-05 frz=0 hub=0.000 clmp=0
[eq-long t=274.81s] fs=10368 fs_err_rms=0.5286 |taps|=1.389 mu=5e-05 frz=0 hub=0.000 clmp=0
[fpll t=275.26s] nco_freq_hz=-2690072.9 mean|x|=0.03017 rms_x=0.03795 max|x|=0.2433 in_rms=103.5 out_rms=4.8
[mer-probe long] dd_err_rms=0.4937 dd_mer=20.11
[eq-long t=274.98s] fs=10376 fs_err_rms=0.5384 |taps|=1.386 mu=5e-05 frz=0 hub=0.000 clmp=0
[fpll t=275.46s] nco_freq_hz=-2690070.3 mean|x|=0.03024 rms_x=0.03801 max|x|=0.2848 in_rms=103.5 out_rms=4.8
[eq-long t=275.19s] fs=10384 fs_err_rms=0.5308 |taps|=1.386 mu=5e-05 frz=0 hub=0.000 clmp=0
[fpll t=275.68s] nco_freq_hz=-2690071.4 mean|x|=0.03020 rms_x=0.03797 max|x|=0.2185 in_rms=103.8 out_rms=4.8
[mer-probe long] dd_err_rms=0.4945 dd_mer=20.10
[eq-long t=275.40s] fs=10392 fs_err_rms=0.5516 |taps|=1.388 mu=5e-05 frz=0 hub=0.000 clmp=0
[fpll t=275.93s] nco_freq_hz=-2690070.3 mean|x|=0.03038 rms_x=0.03817 max|x|=0.2317 in_rms=104.1 out_rms=4.8
[eq-long t=275.62s] fs=10400 fs_err_rms=0.5340 |taps|=1.389 mu=5e-05 frz=0 hub=0.000 clmp=0
[fpll t=276.17s] nco_freq_hz=-2690067.1 mean|x|=0.03045 rms_x=0.03831 max|x|=0.2971 in_rms=104.0 out_rms=4.8
[eq-long t=275.82s] fs=10408 fs_err_rms=0.5341 |taps|=1.387 mu=5e-05 frz=0 hub=0.000 clmp=0
[mer-probe long] dd_err_rms=0.4942 dd_mer=20.10
[fpll t=276.44s] nco_freq_hz=-2690071.2 mean|x|=0.03015 rms_x=0.03790 max|x|=0.2351 in_rms=104.0 out_rms=4.8
[eq-long t=276.07s] fs=10416 fs_err_rms=0.5391 |taps|=1.387 mu=5e-05 frz=0 hub=0.000 clmp=0
[fpll t=276.70s] nco_freq_hz=-2690071.5 mean|x|=0.03039 rms_x=0.03823 max|x|=0.2591 in_rms=104.0 out_rms=4.8
[eq-long t=276.30s] fs=10424 fs_err_rms=0.5322 |taps|=1.388 mu=5e-05 frz=0 hub=0.000 clmp=0
[mer-probe long] dd_err_rms=0.4925 dd_mer=20.13
[eq-long t=276.52s] fs=10432 fs_err_rms=0.5315 |taps|=1.385 mu=5e-05 frz=0 hub=0.000 clmp=0
[fpll t=276.97s] nco_freq_hz=-2690067.1 mean|x|=0.03042 rms_x=0.03825 max|x|=0.2350 in_rms=104.0 out_rms=4.8
[eq-long t=276.74s] fs=10440 fs_err_rms=0.5366 |taps|=1.389 mu=5e-05 frz=0 hub=0.000 clmp=0
[fpll t=277.23s] nco_freq_hz=-2690070.3 mean|x|=0.03026 rms_x=0.03809 max|x|=0.3098 in_rms=104.0 out_rms=4.8
[eq-long t=276.97s] fs=10448 fs_err_rms=0.5294 |taps|=1.385 mu=5e-05 frz=0 hub=0.000 clmp=0
[mer-probe long] dd_err_rms=0.4932 dd_mer=20.12
[fpll t=277.47s] nco_freq_hz=-2690072.3 mean|x|=0.03026 rms_x=0.03808 max|x|=0.2560 in_rms=103.9 out_rms=4.8
[eq-long t=277.19s] fs=10456 fs_err_rms=0.5297 |taps|=1.383 mu=5e-05 frz=0 hub=0.000 clmp=0
OsO[fpll t=277.72s] nco_freq_hz=-2690071.8 mean|x|=0.03033 rms_x=0.03820 max|x|=0.2377 in_rms=103.7 out_rms=4.8
[eq-long t=277.40s] fs=10464 fs_err_rms=0.5159 |taps|=1.385 mu=5e-05 frz=0 hub=0.000 clmp=0
[mer-probe long] dd_err_rms=0.4928 dd_mer=20.13
[fpll t=277.99s] nco_freq_hz=-2690069.7 mean|x|=0.03012 rms_x=0.03787 max|x|=0.2628 in_rms=104.0 out_rms=4.8
[eq-long t=277.64s] fs=10472 fs_err_rms=0.5343 |taps|=1.385 mu=5e-05 frz=0 hub=0.000 clmp=0
[fpll t=278.25s] nco_freq_hz=-2690072.7 mean|x|=0.03098 rms_x=0.04417 max|x|=1.2115 in_rms=104.8 out_rms=4.8
[eq-long t=277.86s] fs=10480 fs_err_rms=0.5471 |taps|=1.383 mu=5e-05 frz=0 hub=0.000 clmp=0
[mer-probe long] dd_err_rms=0.4939 dd_mer=20.11
[fpll t=278.51s] nco_freq_hz=-2690073.5 mean|x|=0.03039 rms_x=0.03822 max|x|=0.3091 in_rms=104.8 out_rms=4.8
[eq-long t=278.10s] fs=10488 fs_err_rms=0.5494 |taps|=1.381 mu=5e-05 frz=0 hub=0.000 clmp=0
[eq-long t=278.31s] fs=10496 fs_err_rms=0.5338 |taps|=1.385 mu=5e-05 frz=0 hub=0.000 clmp=0
[fpll t=278.77s] nco_freq_hz=-2690067.4 mean|x|=0.03028 rms_x=0.03807 max|x|=0.2598 in_rms=104.9 out_rms=4.8
[eq-long t=278.52s] fs=10504 fs_err_rms=0.5489 |taps|=1.383 mu=5e-05 frz=0 hub=0.000 clmp=0
[fpll t=279.01s] nco_freq_hz=-2690068.0 mean|x|=0.03019 rms_x=0.03792 max|x|=0.2812 in_rms=104.8 out_rms=4.8
[mer-probe long] dd_err_rms=0.4935 dd_mer=20.11
[eq-long t=278.75s] fs=10512 fs_err_rms=0.5584 |taps|=1.383 mu=5e-05 frz=0 hub=0.000 clmp=0
[fpll t=279.25s] nco_freq_hz=-2690069.7 mean|x|=0.03040 rms_x=0.03824 max|x|=0.2908 in_rms=104.5 out_rms=4.8
[eq-long t=278.98s] fs=10520 fs_err_rms=0.5330 |taps|=1.382 mu=5e-05 frz=0 hub=0.000 clmp=0
[fpll t=279.52s] nco_freq_hz=-2690070.4 mean|x|=0.03024 rms_x=0.03801 max|x|=0.2624 in_rms=104.6 out_rms=4.8
[mer-probe long] dd_err_rms=0.4936 dd_mer=20.11
[eq-long t=279.21s] fs=10528 fs_err_rms=0.5460 |taps|=1.386 mu=5e-05 frz=0 hub=0.000 clmp=0
[fpll t=279.79s] nco_freq_hz=-2690066.6 mean|x|=0.03023 rms_x=0.03800 max|x|=0.2700 in_rms=104.5 out_rms=4.8
[eq-long t=279.43s] fs=10536 fs_err_rms=0.5559 |taps|=1.385 mu=5e-05 frz=0 hub=0.000 clmp=0
[fpll t=280.04s] nco_freq_hz=-2690069.5 mean|x|=0.03041 rms_x=0.03825 max|x|=0.3403 in_rms=104.6 out_rms=4.8
[eq-long t=279.68s] fs=10544 fs_err_rms=0.5663 |taps|=1.383 mu=5e-05 frz=0 hub=0.000 clmp=0
[mer-probe long] dd_err_rms=0.4931 dd_mer=20.12
[fpll t=280.30s] nco_freq_hz=-2690072.1 mean|x|=0.03055 rms_x=0.03844 max|x|=0.2761 in_rms=104.7 out_rms=4.8
[eq-long t=279.87s] fs=10552 fs_err_rms=0.5440 |taps|=1.383 mu=5e-05 frz=0 hub=0.000 clmp=0
[eq-long t=280.05s] fs=10560 fs_err_rms=0.5531 |taps|=1.385 mu=5e-05 frz=0 hub=0.000 clmp=0
[fpll t=280.49s] nco_freq_hz=-2690069.3 mean|x|=0.03062 rms_x=0.03852 max|x|=0.2371 in_rms=104.9 out_rms=4.8
[mer-probe long] dd_err_rms=0.4927 dd_mer=20.13
[eq-long t=280.22s] fs=10568 fs_err_rms=0.5605 |taps|=1.382 mu=5e-05 frz=0 hub=0.000 clmp=0
[fpll t=280.70s] nco_freq_hz=-2690067.9 mean|x|=0.03058 rms_x=0.03847 max|x|=0.2783 in_rms=105.0 out_rms=4.8
[eq-long t=280.41s] fs=10576 fs_err_rms=0.5519 |taps|=1.384 mu=5e-05 frz=0 hub=0.000 clmp=0
[fpll t=280.91s] nco_freq_hz=-2690072.4 mean|x|=0.03059 rms_x=0.03852 max|x|=0.2888 in_rms=105.1 out_rms=4.8
[mer-probe long] dd_err_rms=0.4940 dd_mer=20.10
[eq-long t=280.58s] fs=10584 fs_err_rms=0.5573 |taps|=1.382 mu=5e-05 frz=0 hub=0.000 clmp=0
[fpll t=281.09s] nco_freq_hz=-2690071.0 mean|x|=0.03063 rms_x=0.03855 max|x|=0.2935 in_rms=104.9 out_rms=4.8
[eq-long t=280.75s] fs=10592 fs_err_rms=0.5597 |taps|=1.384 mu=5e-05 frz=0 hub=0.000 clmp=0
[fpll t=281.29s] nco_freq_hz=-2690070.6 mean|x|=0.03051 rms_x=0.03836 max|x|=0.2670 in_rms=104.7 out_rms=4.8
[eq-long t=280.91s] fs=10600 fs_err_rms=0.5579 |taps|=1.380 mu=5e-05 frz=0 hub=0.000 clmp=0
[mer-probe long] dd_err_rms=0.4928 dd_mer=20.13
[fpll t=281.50s] nco_freq_hz=-2690069.6 mean|x|=0.03063 rms_x=0.03855 max|x|=0.2836 in_rms=104.9 out_rms=4.8
[eq-long t=281.12s] fs=10608 fs_err_rms=0.5653 |taps|=1.385 mu=5e-05 frz=0 hub=0.000 clmp=0
[fpll t=281.77s] nco_freq_hz=-2690070.3 mean|x|=0.03039 rms_x=0.03820 max|x|=0.2419 in_rms=104.8 out_rms=4.8
[eq-long t=281.35s] fs=10616 fs_err_rms=0.5586 |taps|=1.383 mu=5e-05 frz=0 hub=0.000 clmp=0
[mer-probe long] dd_err_rms=0.4915 dd_mer=20.15
[eq-long t=281.57s] fs=10624 fs_err_rms=0.5549 |taps|=1.381 mu=5e-05 frz=0 hub=0.000 clmp=0
[fpll t=282.02s] nco_freq_hz=-2690069.4 mean|x|=0.03046 rms_x=0.03833 max|x|=0.2392 in_rms=104.9 out_rms=4.8
[eq-long t=281.79s] fs=10632 fs_err_rms=0.5566 |taps|=1.383 mu=5e-05 frz=0 hub=0.000 clmp=0
[fpll t=282.28s] nco_freq_hz=-2690067.8 mean|x|=0.03057 rms_x=0.03847 max|x|=0.2624 in_rms=104.9 out_rms=4.8
[eq-long t=282.04s] fs=10640 fs_err_rms=0.5575 |taps|=1.385 mu=5e-05 frz=0 hub=0.000 clmp=0
[mer-probe long] dd_err_rms=0.4925 dd_mer=20.13
[fpll t=282.56s] nco_freq_hz=-2690071.3 mean|x|=0.03052 rms_x=0.03842 max|x|=0.2483 in_rms=104.9 out_rms=4.8
[eq-long t=282.28s] fs=10648 fs_err_rms=0.5440 |taps|=1.384 mu=5e-05 frz=0 hub=0.000 clmp=0
[fpll t=282.81s] nco_freq_hz=-2690067.5 mean|x|=0.03059 rms_x=0.03847 max|x|=0.2444 in_rms=104.9 out_rms=4.8
[eq-long t=282.48s] fs=10656 fs_err_rms=0.5449 |taps|=1.382 mu=5e-05 frz=0 hub=0.000 clmp=0
[mer-probe long] dd_err_rms=0.4926 dd_mer=20.13
[fpll t=283.08s] nco_freq_hz=-2690070.2 mean|x|=0.03054 rms_x=0.03842 max|x|=0.2916 in_rms=104.7 out_rms=4.8
[eq-long t=282.71s] fs=10664 fs_err_rms=0.5427 |taps|=1.381 mu=5e-05 frz=0 hub=0.000 clmp=0
[fpll t=283.33s] nco_freq_hz=-2690071.3 mean|x|=0.03057 rms_x=0.03849 max|x|=0.2824 in_rms=104.8 out_rms=4.8
[eq-long t=282.96s] fs=10672 fs_err_rms=0.5586 |taps|=1.385 mu=5e-05 frz=0 hub=0.000 clmp=0
[fpll t=283.58s] nco_freq_hz=-2690068.8 mean|x|=0.03064 rms_x=0.03851 max|x|=0.2518 in_rms=104.8 out_rms=4.8
[mer-probe long] dd_err_rms=0.4934 dd_mer=20.12
[eq-long t=283.17s] fs=10680 fs_err_rms=0.5575 |taps|=1.382 mu=5e-05 frz=0 hub=0.000 clmp=0
[eq-long t=283.34s] fs=10688 fs_err_rms=0.5398 |taps|=1.382 mu=5e-05 frz=0 hub=0.000 clmp=0
[fpll t=283.79s] nco_freq_hz=-2690072.7 mean|x|=0.03064 rms_x=0.03850 max|x|=0.2417 in_rms=104.9 out_rms=4.8
[eq-long t=283.51s] fs=10696 fs_err_rms=0.5370 |taps|=1.385 mu=5e-05 frz=0 hub=0.000 clmp=0
[fpll t=283.98s] nco_freq_hz=-2690072.6 mean|x|=0.03055 rms_x=0.03842 max|x|=0.2442 in_rms=104.8 out_rms=4.8
[mer-probe long] dd_err_rms=0.4927 dd_mer=20.13
[eq-long t=283.68s] fs=10704 fs_err_rms=0.5550 |taps|=1.384 mu=5e-05 frz=0 hub=0.000 clmp=0
[fpll t=284.17s] nco_freq_hz=-2690072.4 mean|x|=0.03043 rms_x=0.03826 max|x|=0.2705 in_rms=105.1 out_rms=4.8
[eq-long t=283.87s] fs=10712 fs_err_rms=0.5422 |taps|=1.385 mu=5e-05 frz=0 hub=0.000 clmp=0
[fpll t=284.40s] nco_freq_hz=-2690068.8 mean|x|=0.03068 rms_x=0.03857 max|x|=0.2432 in_rms=105.4 out_rms=4.8
[mer-probe long] dd_err_rms=0.4920 dd_mer=20.14
[eq-long t=284.08s] fs=10720 fs_err_rms=0.5431 |taps|=1.386 mu=5e-05 frz=0 hub=0.000 clmp=0
[fpll t=284.67s] nco_freq_hz=-2690071.3 mean|x|=0.03064 rms_x=0.03856 max|x|=0.2764 in_rms=105.2 out_rms=4.8
[eq-long t=284.32s] fs=10728 fs_err_rms=0.5479 |taps|=1.385 mu=5e-05 frz=0 hub=0.000 clmp=0
[fpll t=284.92s] nco_freq_hz=-2690072.9 mean|x|=0.03061 rms_x=0.03849 max|x|=0.2423 in_rms=105.2 out_rms=4.8
[eq-long t=284.53s] fs=10736 fs_err_rms=0.5536 |taps|=1.389 mu=5e-05 frz=0 hub=0.000 clmp=0
[mer-probe long] dd_err_rms=0.4936 dd_mer=20.11
[fpll t=285.16s] nco_freq_hz=-2690072.4 mean|x|=0.03053 rms_x=0.03838 max|x|=0.2285 in_rms=105.1 out_rms=4.8
[eq-long t=284.76s] fs=10744 fs_err_rms=0.5547 |taps|=1.383 mu=5e-05 frz=0 hub=0.000 clmp=0
[eq-long t=284.97s] fs=10752 fs_err_rms=0.5498 |taps|=1.382 mu=5e-05 frz=0 hub=0.000 clmp=0
[fpll t=285.42s] nco_freq_hz=-2690066.4 mean|x|=0.03042 rms_x=0.03825 max|x|=0.2686 in_rms=104.6 out_rms=4.8
[mer-probe long] dd_err_rms=0.4922 dd_mer=20.14
[eq-long t=285.19s] fs=10760 fs_err_rms=0.5539 |taps|=1.385 mu=5e-05 frz=0 hub=0.000 clmp=0
[fpll t=285.69s] nco_freq_hz=-2690068.9 mean|x|=0.03046 rms_x=0.03830 max|x|=0.3424 in_rms=104.4 out_rms=4.8
[eq-long t=285.43s] fs=10768 fs_err_rms=0.5560 |taps|=1.386 mu=5e-05 frz=0 hub=0.000 clmp=0
[fpll t=285.95s] nco_freq_hz=-2690068.2 mean|x|=0.03052 rms_x=0.03835 max|x|=0.2580 in_rms=104.2 out_rms=4.8
[eq-long t=285.66s] fs=10776 fs_err_rms=0.5531 |taps|=1.384 mu=5e-05 frz=0 hub=0.000 clmp=0
[mer-probe long] dd_err_rms=0.4930 dd_mer=20.12
[fpll t=286.20s] nco_freq_hz=-2690073.0 mean|x|=0.03056 rms_x=0.03846 max|x|=0.3925 in_rms=104.3 out_rms=4.8
[eq-long t=285.87s] fs=10784 fs_err_rms=0.5585 |taps|=1.382 mu=5e-05 frz=0 hub=0.000 clmp=0
[fpll t=286.47s] nco_freq_hz=-2690072.9 mean|x|=0.03061 rms_x=0.03851 max|x|=0.2461 in_rms=104.1 out_rms=4.8
[eq-long t=286.12s] fs=10792 fs_err_rms=0.5388 |taps|=1.386 mu=5e-05 frz=0 hub=0.000 clmp=0
[mer-probe long] dd_err_rms=0.4935 dd_mer=20.11
[fpll t=286.72s] nco_freq_hz=-2690068.3 mean|x|=0.03055 rms_x=0.03844 max|x|=0.3002 in_rms=103.8 out_rms=4.8
[eq-long t=286.33s] fs=10800 fs_err_rms=0.5562 |taps|=1.384 mu=5e-05 frz=0 hub=0.000 clmp=0
[fpll t=286.96s] nco_freq_hz=-2690069.8 mean|x|=0.03054 rms_x=0.03842 max|x|=0.2802 in_rms=103.9 out_rms=4.8
[eq-long t=286.55s] fs=10808 fs_err_rms=0.5599 |taps|=1.381 mu=5e-05 frz=0 hub=0.000 clmp=0
[mer-probe long] dd_err_rms=0.4930 dd_mer=20.12
[fpll t=287.21s] nco_freq_hz=-2690068.9 mean|x|=0.03066 rms_x=0.03858 max|x|=0.2605 in_rms=103.9 out_rms=4.8
[eq-long t=286.77s] fs=10816 fs_err_rms=0.5396 |taps|=1.383 mu=5e-05 frz=0 hub=0.000 clmp=0
[eq-long t=286.97s] fs=10824 fs_err_rms=0.5514 |taps|=1.386 mu=5e-05 frz=0 hub=0.000 clmp=0
[fpll t=287.45s] nco_freq_hz=-2690074.6 mean|x|=0.03058 rms_x=0.03847 max|x|=0.3958 in_rms=103.7 out_rms=4.8
[eq-long t=287.19s] fs=10832 fs_err_rms=0.5519 |taps|=1.385 mu=5e-05 frz=0 hub=0.000 clmp=0
[fpll t=287.69s] nco_freq_hz=-2690068.0 mean|x|=0.03047 rms_x=0.03831 max|x|=0.2524 in_rms=103.4 out_rms=4.8
[mer-probe long] dd_err_rms=0.4929 dd_mer=20.12
[eq-long t=287.40s] fs=10840 fs_err_rms=0.5383 |taps|=1.387 mu=5e-05 frz=0 hub=0.000 clmp=0
[fpll t=287.96s] nco_freq_hz=-2690066.5 mean|x|=0.03044 rms_x=0.03825 max|x|=0.2294 in_rms=103.3 out_rms=4.8
[eq-long t=287.63s] fs=10848 fs_err_rms=0.5514 |taps|=1.385 mu=5e-05 frz=0 hub=0.000 clmp=0
[fpll t=288.22s] nco_freq_hz=-2690069.9 mean|x|=0.03028 rms_x=0.03809 max|x|=0.2761 in_rms=103.4 out_rms=4.8
[mer-probe long] dd_err_rms=0.4929 dd_mer=20.12
[eq-long t=287.87s] fs=10856 fs_err_rms=0.5482 |taps|=1.380 mu=5e-05 frz=0 hub=0.000 clmp=0
[fpll t=288.45s] nco_freq_hz=-2690073.3 mean|x|=0.03033 rms_x=0.03814 max|x|=0.2255 in_rms=103.2 out_rms=4.8
[eq-long t=288.09s] fs=10864 fs_err_rms=0.5548 |taps|=1.383 mu=5e-05 frz=0 hub=0.000 clmp=0
OsO[fpll t=288.71s] nco_freq_hz=-2690068.7 mean|x|=0.03029 rms_x=0.03807 max|x|=0.2356 in_rms=103.0 out_rms=4.8
[eq-long t=288.31s] fs=10872 fs_err_rms=0.5485 |taps|=1.384 mu=5e-05 frz=0 hub=0.000 clmp=0
[mer-probe long] dd_err_rms=0.4932 dd_mer=20.12
[eq-long t=288.52s] fs=10880 fs_err_rms=0.5616 |taps|=1.387 mu=5e-05 frz=0 hub=0.000 clmp=0
[fpll t=288.97s] nco_freq_hz=-2690069.8 mean|x|=0.03028 rms_x=0.03805 max|x|=0.2624 in_rms=103.3 out_rms=4.8
[eq-long t=288.74s] fs=10888 fs_err_rms=0.5345 |taps|=1.382 mu=5e-05 frz=0 hub=0.000 clmp=0
[fpll t=289.21s] nco_freq_hz=-2690071.6 mean|x|=0.03131 rms_x=0.04367 max|x|=1.1482 in_rms=102.8 out_rms=4.8
[mer-probe long] dd_err_rms=0.4958 dd_mer=20.07
[eq-long t=288.96s] fs=10896 fs_err_rms=0.5282 |taps|=1.384 mu=5e-05 frz=0 hub=0.000 clmp=0
[fpll t=289.47s] nco_freq_hz=-2690070.3 mean|x|=0.03031 rms_x=0.03814 max|x|=0.3121 in_rms=102.9 out_rms=4.8
[eq-long t=289.18s] fs=10904 fs_err_rms=0.5396 |taps|=1.382 mu=5e-05 frz=0 hub=0.000 clmp=0
[fpll t=289.73s] nco_freq_hz=-2690068.3 mean|x|=0.03010 rms_x=0.03786 max|x|=0.2731 in_rms=103.2 out_rms=4.8
[mer-probe long] dd_err_rms=0.4935 dd_mer=20.11
[eq-long t=289.43s] fs=10912 fs_err_rms=0.5431 |taps|=1.381 mu=5e-05 frz=0 hub=0.000 clmp=0
[fpll t=289.98s] nco_freq_hz=-2690073.4 mean|x|=0.03066 rms_x=0.03854 max|x|=0.2545 in_rms=103.4 out_rms=4.8
[eq-long t=289.65s] fs=10920 fs_err_rms=0.5545 |taps|=1.381 mu=5e-05 frz=0 hub=0.000 clmp=0
[fpll t=290.24s] nco_freq_hz=-2690071.0 mean|x|=0.03033 rms_x=0.03813 max|x|=0.3266 in_rms=103.2 out_rms=4.8
[eq-long t=289.84s] fs=10928 fs_err_rms=0.5351 |taps|=1.385 mu=5e-05 frz=0 hub=0.000 clmp=0
[mer-probe long] dd_err_rms=0.4936 dd_mer=20.11
[fpll t=290.50s] nco_freq_hz=-2690071.7 mean|x|=0.03030 rms_x=0.03808 max|x|=0.2332 in_rms=103.0 out_rms=4.8
[eq-long t=290.10s] fs=10936 fs_err_rms=0.5454 |taps|=1.382 mu=5e-05 frz=0 hub=0.000 clmp=0
[eq-long t=290.31s] fs=10944 fs_err_rms=0.5249 |taps|=1.383 mu=5e-05 frz=0 hub=0.000 clmp=0
[fpll t=290.77s] nco_freq_hz=-2690068.2 mean|x|=0.03047 rms_x=0.03834 max|x|=0.3375 in_rms=103.2 out_rms=4.8
[mer-probe long] dd_err_rms=0.4921 dd_mer=20.14
[eq-long t=290.53s] fs=10952 fs_err_rms=0.5242 |taps|=1.384 mu=5e-05 frz=0 hub=0.000 clmp=0
[fpll t=290.98s] nco_freq_hz=-2690068.1 mean|x|=0.03047 rms_x=0.03835 max|x|=0.2656 in_rms=103.6 out_rms=4.8
[eq-long t=290.69s] fs=10960 fs_err_rms=0.5291 |taps|=1.386 mu=5e-05 frz=0 hub=0.000 clmp=0
[fpll t=291.18s] nco_freq_hz=-2690069.0 mean|x|=0.03037 rms_x=0.03822 max|x|=0.2957 in_rms=103.7 out_rms=4.8
[eq-long t=290.85s] fs=10968 fs_err_rms=0.5534 |taps|=1.387 mu=5e-05 frz=0 hub=0.000 clmp=0
[fpll t=291.36s] nco_freq_hz=-2690069.3 mean|x|=0.03047 rms_x=0.03833 max|x|=0.2482 in_rms=103.6 out_rms=4.8
[mer-probe long] dd_err_rms=0.4941 dd_mer=20.10
[eq-long t=291.17s] fs=10976 fs_err_rms=0.5479 |taps|=1.385 mu=5e-05 frz=0 hub=0.000 clmp=0
[fpll t=291.66s] nco_freq_hz=-2690068.8 mean|x|=0.03043 rms_x=0.03827 max|x|=0.2678 in_rms=103.7 out_rms=4.8
[eq-long t=291.31s] fs=10984 fs_err_rms=0.5356 |taps|=1.386 mu=5e-05 frz=0 hub=0.000 clmp=0
[fpll t=291.84s] nco_freq_hz=-2690070.3 mean|x|=0.03047 rms_x=0.03835 max|x|=0.2972 in_rms=103.8 out_rms=4.8
[mer-probe long] dd_err_rms=0.4939 dd_mer=20.11
[eq-long t=291.48s] fs=10992 fs_err_rms=0.5433 |taps|=1.386 mu=5e-05 frz=0 hub=0.000 clmp=0
[fpll t=292.03s] nco_freq_hz=-2690068.9 mean|x|=0.03054 rms_x=0.03843 max|x|=0.2883 in_rms=103.6 out_rms=4.8
[eq-long t=291.62s] fs=11000 fs_err_rms=0.5216 |taps|=1.386 mu=5e-05 frz=0 hub=0.000 clmp=0
[mer-probe long] dd_err_rms=0.4937 dd_mer=20.11
[eq-long t=291.78s] fs=11008 fs_err_rms=0.5334 |taps|=1.386 mu=5e-05 frz=0 hub=0.000 clmp=0
[fpll t=292.23s] nco_freq_hz=-2690072.3 mean|x|=0.03025 rms_x=0.03806 max|x|=0.3654 in_rms=103.4 out_rms=4.8
[eq-long t=291.96s] fs=11016 fs_err_rms=0.5289 |taps|=1.384 mu=5e-05 frz=0 hub=0.000 clmp=0
[fpll t=292.44s] nco_freq_hz=-2690070.0 mean|x|=0.03035 rms_x=0.03820 max|x|=0.2698 in_rms=103.5 out_rms=4.8
[eq-long t=292.15s] fs=11024 fs_err_rms=0.5387 |taps|=1.385 mu=5e-05 frz=0 hub=0.000 clmp=0
[fpll t=292.65s] nco_freq_hz=-2690069.3 mean|x|=0.03034 rms_x=0.03818 max|x|=0.3616 in_rms=103.3 out_rms=4.8
[mer-probe long] dd_err_rms=0.4926 dd_mer=20.13
[eq-long t=292.34s] fs=11032 fs_err_rms=0.5393 |taps|=1.388 mu=5e-05 frz=0 hub=0.000 clmp=0
[fpll t=292.84s] nco_freq_hz=-2690067.0 mean|x|=0.03055 rms_x=0.03845 max|x|=0.3169 in_rms=102.9 out_rms=4.8
[eq-long t=292.52s] fs=11040 fs_err_rms=0.5343 |taps|=1.387 mu=5e-05 frz=0 hub=0.000 clmp=0
[fpll t=293.04s] nco_freq_hz=-2690068.4 mean|x|=0.03022 rms_x=0.03804 max|x|=0.2736 in_rms=102.9 out_rms=4.8
[mer-probe long] dd_err_rms=0.4932 dd_mer=20.12
[eq-long t=292.68s] fs=11048 fs_err_rms=0.5385 |taps|=1.386 mu=5e-05 frz=0 hub=0.000 clmp=0
[fpll t=293.25s] nco_freq_hz=-2690069.7 mean|x|=0.03033 rms_x=0.03818 max|x|=0.2373 in_rms=103.1 out_rms=4.8
[eq-long t=292.85s] fs=11056 fs_err_rms=0.5253 |taps|=1.386 mu=5e-05 frz=0 hub=0.000 clmp=0
[fpll t=293.46s] nco_freq_hz=-2690068.4 mean|x|=0.03041 rms_x=0.03823 max|x|=0.2767 in_rms=103.3 out_rms=4.8
[eq-long t=293.10s] fs=11064 fs_err_rms=0.5431 |taps|=1.387 mu=5e-05 frz=0 hub=0.000 clmp=0
[mer-probe long] dd_err_rms=0.4941 dd_mer=20.10
[fpll t=293.71s] nco_freq_hz=-2690069.0 mean|x|=0.03025 rms_x=0.03802 max|x|=0.2433 in_rms=102.9 out_rms=4.8
[eq-long t=293.31s] fs=11072 fs_err_rms=0.5425 |taps|=1.388 mu=5e-05 frz=0 hub=0.000 clmp=0
[eq-long t=293.53s] fs=11080 fs_err_rms=0.5262 |taps|=1.387 mu=5e-05 frz=0 hub=0.000 clmp=0
[fpll t=294.00s] nco_freq_hz=-2690070.5 mean|x|=0.03036 rms_x=0.03819 max|x|=0.2856 in_rms=102.9 out_rms=4.8
[mer-probe long] dd_err_rms=0.4936 dd_mer=20.11
[eq-long t=293.75s] fs=11088 fs_err_rms=0.5408 |taps|=1.384 mu=5e-05 frz=0 hub=0.000 clmp=0
[fpll t=294.25s] nco_freq_hz=-2690069.0 mean|x|=0.03030 rms_x=0.03810 max|x|=0.2752 in_rms=103.0 out_rms=4.8
[eq-long t=293.99s] fs=11096 fs_err_rms=0.5427 |taps|=1.388 mu=5e-05 frz=0 hub=0.000 clmp=0
[fpll t=294.51s] nco_freq_hz=-2690068.9 mean|x|=0.03017 rms_x=0.03793 max|x|=0.2470 in_rms=102.9 out_rms=4.8
[eq-long t=294.22s] fs=11104 fs_err_rms=0.5329 |taps|=1.386 mu=5e-05 frz=0 hub=0.000 clmp=0
[mer-probe long] dd_err_rms=0.4935 dd_mer=20.11
[fpll t=294.77s] nco_freq_hz=-2690073.3 mean|x|=0.03031 rms_x=0.03808 max|x|=0.2263 in_rms=103.1 out_rms=4.8
[eq-long t=294.43s] fs=11112 fs_err_rms=0.5495 |taps|=1.384 mu=5e-05 frz=0 hub=0.000 clmp=0
[fpll t=295.03s] nco_freq_hz=-2690070.1 mean|x|=0.03041 rms_x=0.03825 max|x|=0.2570 in_rms=103.4 out_rms=4.8
[eq-long t=294.66s] fs=11120 fs_err_rms=0.5425 |taps|=1.387 mu=5e-05 frz=0 hub=0.000 clmp=0
[mer-probe long] dd_err_rms=0.4931 dd_mer=20.12
[fpll t=295.30s] nco_freq_hz=-2690072.0 mean|x|=0.03029 rms_x=0.03808 max|x|=0.2752 in_rms=103.7 out_rms=4.8
[eq-long t=294.90s] fs=11128 fs_err_rms=0.5117 |taps|=1.386 mu=5e-05 frz=0 hub=0.000 clmp=0
[eq-long t=295.13s] fs=11136 fs_err_rms=0.5594 |taps|=1.390 mu=5e-05 frz=0 hub=0.000 clmp=0
[fpll t=295.59s] nco_freq_hz=-2690072.6 mean|x|=0.03046 rms_x=0.03834 max|x|=0.2725 in_rms=103.9 out_rms=4.8
[mer-probe long] dd_err_rms=0.4941 dd_mer=20.10
[eq-long t=295.36s] fs=11144 fs_err_rms=0.5262 |taps|=1.387 mu=5e-05 frz=0 hub=0.000 clmp=0
[fpll t=295.85s] nco_freq_hz=-2690070.7 mean|x|=0.03062 rms_x=0.03852 max|x|=0.2307 in_rms=103.8 out_rms=4.8
[eq-long t=295.61s] fs=11152 fs_err_rms=0.5284 |taps|=1.386 mu=5e-05 frz=0 hub=0.000 clmp=0
[fpll t=296.12s] nco_freq_hz=-2690068.4 mean|x|=0.03052 rms_x=0.03838 max|x|=0.2279 in_rms=103.9 out_rms=4.8
[eq-long t=295.83s] fs=11160 fs_err_rms=0.5272 |taps|=1.388 mu=5e-05 frz=0 hub=0.000 clmp=0
[mer-probe long] dd_err_rms=0.4925 dd_mer=20.13
[fpll t=296.36s] nco_freq_hz=-2690070.1 mean|x|=0.03048 rms_x=0.03835 max|x|=0.2345 in_rms=104.0 out_rms=4.8
[eq-long t=296.05s] fs=11168 fs_err_rms=0.5332 |taps|=1.384 mu=5e-05 frz=0 hub=0.000 clmp=0
[fpll t=296.63s] nco_freq_hz=-2690070.9 mean|x|=0.03045 rms_x=0.03827 max|x|=0.2377 in_rms=103.6 out_rms=4.8
[eq-long t=296.30s] fs=11176 fs_err_rms=0.5346 |taps|=1.391 mu=5e-05 frz=0 hub=0.000 clmp=0
[fpll t=296.90s] nco_freq_hz=-2690073.1 mean|x|=0.03038 rms_x=0.03815 max|x|=0.3104 in_rms=103.3 out_rms=4.8
[mer-probe long] dd_err_rms=0.4923 dd_mer=20.14
[eq-long t=296.54s] fs=11184 fs_err_rms=0.5405 |taps|=1.387 mu=5e-05 frz=0 hub=0.000 clmp=0
[fpll t=297.18s] nco_freq_hz=-2690069.3 mean|x|=0.03044 rms_x=0.03831 max|x|=0.3672 in_rms=103.2 out_rms=4.8
[eq-long t=296.76s] fs=11192 fs_err_rms=0.5285 |taps|=1.388 mu=5e-05 frz=0 hub=0.000 clmp=0
[fpll t=297.43s] nco_freq_hz=-2690070.5 mean|x|=0.03042 rms_x=0.03825 max|x|=0.2587 in_rms=103.4 out_rms=4.8
[eq-long t=297.00s] fs=11200 fs_err_rms=0.5317 |taps|=1.389 mu=5e-05 frz=0 hub=0.000 clmp=0
[mer-probe long] dd_err_rms=0.4930 dd_mer=20.12
[eq-long t=297.21s] fs=11208 fs_err_rms=0.5362 |taps|=1.387 mu=5e-05 frz=0 hub=0.000 clmp=0
[fpll t=297.69s] nco_freq_hz=-2690071.7 mean|x|=0.03036 rms_x=0.03822 max|x|=0.4080 in_rms=103.5 out_rms=4.8
[eq-long t=297.45s] fs=11216 fs_err_rms=0.5393 |taps|=1.390 mu=5e-05 frz=0 hub=0.000 clmp=0
[fpll t=297.94s] nco_freq_hz=-2690070.5 mean|x|=0.03021 rms_x=0.03795 max|x|=0.2432 in_rms=103.3 out_rms=4.8
[mer-probe long] dd_err_rms=0.4943 dd_mer=20.10
[eq-long t=297.67s] fs=11224 fs_err_rms=0.5325 |taps|=1.389 mu=5e-05 frz=0 hub=0.000 clmp=0
[fpll t=298.22s] nco_freq_hz=-2690067.2 mean|x|=0.03033 rms_x=0.03816 max|x|=0.2957 in_rms=103.6 out_rms=4.8
[eq-long t=297.90s] fs=11232 fs_err_rms=0.5344 |taps|=1.389 mu=5e-05 frz=0 hub=0.000 clmp=0
[fpll t=298.46s] nco_freq_hz=-2690066.4 mean|x|=0.03016 rms_x=0.03794 max|x|=0.2938 in_rms=104.0 out_rms=4.8
[mer-probe long] dd_err_rms=0.4935 dd_mer=20.11
[eq-long t=298.13s] fs=11240 fs_err_rms=0.5343 |taps|=1.390 mu=5e-05 frz=0 hub=0.000 clmp=0
[fpll t=298.69s] nco_freq_hz=-2690075.8 mean|x|=0.03039 rms_x=0.03820 max|x|=0.3092 in_rms=103.7 out_rms=4.8
[eq-long t=298.34s] fs=11248 fs_err_rms=0.5287 |taps|=1.389 mu=5e-05 frz=0 hub=0.000 clmp=0
[fpll t=298.95s] nco_freq_hz=-2690069.0 mean|x|=0.03047 rms_x=0.03834 max|x|=0.2395 in_rms=103.8 out_rms=4.8
[eq-long t=298.54s] fs=11256 fs_err_rms=0.5322 |taps|=1.389 mu=5e-05 frz=0 hub=0.000 clmp=0
[mer-probe long] dd_err_rms=0.4942 dd_mer=20.10
[fpll t=299.18s] nco_freq_hz=-2690073.1 mean|x|=0.03015 rms_x=0.03795 max|x|=0.2671 in_rms=104.1 out_rms=4.8
[eq-long t=298.78s] fs=11264 fs_err_rms=0.5515 |taps|=1.387 mu=5e-05 frz=0 hub=0.000 clmp=0
[eq-long t=298.97s] fs=11272 fs_err_rms=0.5295 |taps|=1.391 mu=5e-05 frz=0 hub=0.000 clmp=0
[fpll t=299.46s] nco_freq_hz=-2690069.9 mean|x|=0.03026 rms_x=0.03806 max|x|=0.2822 in_rms=104.2 out_rms=4.8
[mer-probe long] dd_err_rms=0.4933 dd_mer=20.12
[eq-long t=299.20s] fs=11280 fs_err_rms=0.5413 |taps|=1.388 mu=5e-05 frz=0 hub=0.000 clmp=0
[fpll t=299.67s] nco_freq_hz=-2690074.1 mean|x|=0.03026 rms_x=0.03803 max|x|=0.2775 in_rms=104.0 out_rms=4.8
[eq-long t=299.41s] fs=11288 fs_err_rms=0.5438 |taps|=1.387 mu=5e-05 frz=0 hub=0.000 clmp=0
OsO[fpll t=299.94s] nco_freq_hz=-2690070.4 mean|x|=0.03023 rms_x=0.03801 max|x|=0.3019 in_rms=104.2 out_rms=4.8
[eq-long t=299.63s] fs=11296 fs_err_rms=0.5296 |taps|=1.388 mu=5e-05 frz=0 hub=0.000 clmp=0
[mer-probe long] dd_err_rms=0.4932 dd_mer=20.12
[fpll t=300.19s] nco_freq_hz=-2690067.5 mean|x|=0.03022 rms_x=0.03800 max|x|=0.2309 in_rms=104.3 out_rms=4.8
[eq-long t=299.85s] fs=11304 fs_err_rms=0.5039 |taps|=1.388 mu=5e-05 frz=0 hub=0.000 clmp=0
[fpll t=300.45s] nco_freq_hz=-2690068.8 mean|x|=0.03125 rms_x=0.04706 max|x|=1.5701 in_rms=103.8 out_rms=4.8
[eq-long t=300.10s] fs=11312 fs_err_rms=0.5470 |taps|=1.390 mu=5e-05 frz=0 hub=0.000 clmp=0
[mer-probe long] dd_err_rms=0.4966 dd_mer=20.06
[fpll t=300.72s] nco_freq_hz=-2690069.1 mean|x|=0.03041 rms_x=0.03825 max|x|=0.2693 in_rms=103.9 out_rms=4.8
[eq-long t=300.34s] fs=11320 fs_err_rms=0.5532 |taps|=1.387 mu=5e-05 frz=0 hub=0.000 clmp=0
[fpll t=300.95s] nco_freq_hz=-2690068.2 mean|x|=0.03009 rms_x=0.03782 max|x|=0.2546 in_rms=104.0 out_rms=4.8
[eq-long t=300.54s] fs=11328 fs_err_rms=0.5461 |taps|=1.385 mu=5e-05 frz=0 hub=0.000 clmp=0
[eq-long t=300.78s] fs=11336 fs_err_rms=0.5480 |taps|=1.386 mu=5e-05 frz=0 hub=0.000 clmp=0
[fpll t=301.23s] nco_freq_hz=-2690067.0 mean|x|=0.03028 rms_x=0.03809 max|x|=0.3543 in_rms=104.1 out_rms=4.8
[mer-probe long] dd_err_rms=0.4935 dd_mer=20.11
[eq-long t=300.98s] fs=11344 fs_err_rms=0.5487 |taps|=1.388 mu=5e-05 frz=0 hub=0.000 clmp=0
[fpll t=301.48s] nco_freq_hz=-2690069.4 mean|x|=0.03004 rms_x=0.03777 max|x|=0.2205 in_rms=103.9 out_rms=4.8
[eq-long t=301.24s] fs=11352 fs_err_rms=0.5679 |taps|=1.386 mu=5e-05 frz=0 hub=0.000 clmp=0
[fpll t=301.74s] nco_freq_hz=-2690069.6 mean|x|=0.03032 rms_x=0.03816 max|x|=0.2713 in_rms=104.1 out_rms=4.8
[mer-probe long] dd_err_rms=0.4946 dd_mer=20.10
[eq-long t=301.44s] fs=11360 fs_err_rms=0.5365 |taps|=1.386 mu=5e-05 frz=0 hub=0.000 clmp=0
[fpll t=301.96s] nco_freq_hz=-2690071.0 mean|x|=0.03043 rms_x=0.03827 max|x|=0.2572 in_rms=103.8 out_rms=4.8
[eq-long t=301.60s] fs=11368 fs_err_rms=0.5393 |taps|=1.383 mu=5e-05 frz=0 hub=0.000 clmp=0
[fpll t=302.16s] nco_freq_hz=-2690073.7 mean|x|=0.03064 rms_x=0.03856 max|x|=0.2396 in_rms=103.7 out_rms=4.8
[mer-probe long] dd_err_rms=0.4941 dd_mer=20.10
[eq-long t=301.78s] fs=11376 fs_err_rms=0.5379 |taps|=1.386 mu=5e-05 frz=0 hub=0.000 clmp=0
[fpll t=302.37s] nco_freq_hz=-2690074.6 mean|x|=0.03044 rms_x=0.03827 max|x|=0.2607 in_rms=103.4 out_rms=4.8
[eq-long t=301.96s] fs=11384 fs_err_rms=0.5579 |taps|=1.385 mu=5e-05 frz=0 hub=0.000 clmp=0
[eq-long t=302.12s] fs=11392 fs_err_rms=0.5463 |taps|=1.384 mu=5e-05 frz=0 hub=0.000 clmp=0
[fpll t=302.56s] nco_freq_hz=-2690074.8 mean|x|=0.03043 rms_x=0.03826 max|x|=0.3131 in_rms=103.6 out_rms=4.8
[mer-probe long] dd_err_rms=0.4922 dd_mer=20.14
[eq-long t=302.31s] fs=11400 fs_err_rms=0.5433 |taps|=1.388 mu=5e-05 frz=0 hub=0.000 clmp=0
[fpll t=302.76s] nco_freq_hz=-2690069.3 mean|x|=0.03030 rms_x=0.03814 max|x|=0.2278 in_rms=103.7 out_rms=4.8
[eq-long t=302.51s] fs=11408 fs_err_rms=0.5502 |taps|=1.384 mu=5e-05 frz=0 hub=0.000 clmp=0
[fpll t=303.00s] nco_freq_hz=-2690070.9 mean|x|=0.03038 rms_x=0.03820 max|x|=0.2308 in_rms=103.9 out_rms=4.8
[mer-probe long] dd_err_rms=0.4940 dd_mer=20.10
[eq-long t=302.76s] fs=11416 fs_err_rms=0.5297 |taps|=1.385 mu=5e-05 frz=0 hub=0.000 clmp=0
[fpll t=303.26s] nco_freq_hz=-2690072.7 mean|x|=0.03050 rms_x=0.03838 max|x|=0.2688 in_rms=104.1 out_rms=4.8
[eq-long t=302.99s] fs=11424 fs_err_rms=0.5533 |taps|=1.384 mu=5e-05 frz=0 hub=0.000 clmp=0
[fpll t=303.47s] nco_freq_hz=-2690069.8 mean|x|=0.03036 rms_x=0.03817 max|x|=0.2953 in_rms=104.2 out_rms=4.8
[eq-long t=303.18s] fs=11432 fs_err_rms=0.5420 |taps|=1.384 mu=5e-05 frz=0 hub=0.000 clmp=0
[mer-probe long] dd_err_rms=0.4925 dd_mer=20.13
[fpll t=303.75s] nco_freq_hz=-2690072.4 mean|x|=0.03023 rms_x=0.03801 max|x|=0.3914 in_rms=104.4 out_rms=4.8
[eq-long t=303.40s] fs=11440 fs_err_rms=0.5539 |taps|=1.384 mu=5e-05 frz=0 hub=0.000 clmp=0
[fpll t=304.02s] nco_freq_hz=-2690069.5 mean|x|=0.03046 rms_x=0.03833 max|x|=0.3059 in_rms=104.2 out_rms=4.8
[eq-long t=303.61s] fs=11448 fs_err_rms=0.5538 |taps|=1.382 mu=5e-05 frz=0 hub=0.000 clmp=0
[mer-probe long] dd_err_rms=0.4929 dd_mer=20.12
[fpll t=304.26s] nco_freq_hz=-2690071.6 mean|x|=0.03049 rms_x=0.03836 max|x|=0.2470 in_rms=104.0 out_rms=4.8
[eq-long t=303.84s] fs=11456 fs_err_rms=0.5476 |taps|=1.385 mu=5e-05 frz=0 hub=0.000 clmp=0
[eq-long t=304.06s] fs=11464 fs_err_rms=0.5553 |taps|=1.383 mu=5e-05 frz=0 hub=0.000 clmp=0
[fpll t=304.51s] nco_freq_hz=-2690071.6 mean|x|=0.03026 rms_x=0.03805 max|x|=0.2737 in_rms=104.0 out_rms=4.8
[mer-probe long] dd_err_rms=0.4932 dd_mer=20.12
[eq-long t=304.27s] fs=11472 fs_err_rms=0.5479 |taps|=1.384 mu=5e-05 frz=0 hub=0.000 clmp=0
[fpll t=304.78s] nco_freq_hz=-2690068.1 mean|x|=0.03041 rms_x=0.03824 max|x|=0.2598 in_rms=104.1 out_rms=4.8
[eq-long t=304.52s] fs=11480 fs_err_rms=0.5516 |taps|=1.382 mu=5e-05 frz=0 hub=0.000 clmp=0
[fpll t=305.02s] nco_freq_hz=-2690071.7 mean|x|=0.03052 rms_x=0.03842 max|x|=0.2648 in_rms=103.9 out_rms=4.8
[eq-long t=304.68s] fs=11488 fs_err_rms=0.5475 |taps|=1.385 mu=5e-05 frz=0 hub=0.000 clmp=0
[mer-probe long] dd_err_rms=0.4924 dd_mer=20.13
[fpll t=305.23s] nco_freq_hz=-2690072.0 mean|x|=0.03034 rms_x=0.03812 max|x|=0.2267 in_rms=103.8 out_rms=4.8
[eq-long t=304.87s] fs=11496 fs_err_rms=0.5762 |taps|=1.381 mu=5e-05 frz=0 hub=0.000 clmp=0
[fpll t=305.42s] nco_freq_hz=-2690073.4 mean|x|=0.03025 rms_x=0.03805 max|x|=0.3040 in_rms=103.7 out_rms=4.8
[eq-long t=305.04s] fs=11504 fs_err_rms=0.5570 |taps|=1.380 mu=5e-05 frz=0 hub=0.000 clmp=0
[fpll t=305.60s] nco_freq_hz=-2690070.8 mean|x|=0.03058 rms_x=0.03845 max|x|=0.2360 in_rms=103.4 out_rms=4.8
[mer-probe long] dd_err_rms=0.4932 dd_mer=20.12
[eq-long t=305.20s] fs=11512 fs_err_rms=0.5597 |taps|=1.383 mu=5e-05 frz=0 hub=0.000 clmp=0
[fpll t=305.80s] nco_freq_hz=-2690074.1 mean|x|=0.03040 rms_x=0.03821 max|x|=0.2711 in_rms=103.1 out_rms=4.8
[eq-long t=305.37s] fs=11520 fs_err_rms=0.5616 |taps|=1.380 mu=5e-05 frz=0 hub=0.000 clmp=0
[eq-long t=305.53s] fs=11528 fs_err_rms=0.5613 |taps|=1.381 mu=5e-05 frz=0 hub=0.000 clmp=0
[fpll t=305.99s] nco_freq_hz=-2690072.7 mean|x|=0.03049 rms_x=0.03832 max|x|=0.2619 in_rms=103.1 out_rms=4.8
[mer-probe long] dd_err_rms=0.4930 dd_mer=20.12
[eq-long t=305.73s] fs=11536 fs_err_rms=0.5533 |taps|=1.380 mu=5e-05 frz=0 hub=0.000 clmp=0
[fpll t=306.22s] nco_freq_hz=-2690070.0 mean|x|=0.03051 rms_x=0.03840 max|x|=0.2555 in_rms=103.4 out_rms=4.8
[eq-long t=305.97s] fs=11544 fs_err_rms=0.5577 |taps|=1.383 mu=5e-05 frz=0 hub=0.000 clmp=0
[fpll t=306.45s] nco_freq_hz=-2690073.0 mean|x|=0.03032 rms_x=0.03817 max|x|=0.2881 in_rms=103.5 out_rms=4.8
[mer-probe long] dd_err_rms=0.4931 dd_mer=20.12
[eq-long t=306.19s] fs=11552 fs_err_rms=0.5606 |taps|=1.381 mu=5e-05 frz=0 hub=0.000 clmp=0
[fpll t=306.74s] nco_freq_hz=-2690069.5 mean|x|=0.03052 rms_x=0.03841 max|x|=0.2831 in_rms=103.2 out_rms=4.8
[eq-long t=306.41s] fs=11560 fs_err_rms=0.5508 |taps|=1.378 mu=5e-05 frz=0 hub=0.000 clmp=0
[fpll t=306.99s] nco_freq_hz=-2690073.0 mean|x|=0.03065 rms_x=0.03855 max|x|=0.3260 in_rms=103.4 out_rms=4.8
[eq-long t=306.63s] fs=11568 fs_err_rms=0.5451 |taps|=1.383 mu=5e-05 frz=0 hub=0.000 clmp=0
[mer-probe long] dd_err_rms=0.4938 dd_mer=20.11
[fpll t=307.23s] nco_freq_hz=-2690072.0 mean|x|=0.03040 rms_x=0.03824 max|x|=0.2899 in_rms=103.6 out_rms=4.8
[eq-long t=306.85s] fs=11576 fs_err_rms=0.5484 |taps|=1.385 mu=5e-05 frz=0 hub=0.000 clmp=0
[fpll t=307.50s] nco_freq_hz=-2690068.5 mean|x|=0.03037 rms_x=0.03819 max|x|=0.2518 in_rms=103.6 out_rms=4.8
[eq-long t=307.07s] fs=11584 fs_err_rms=0.5404 |taps|=1.382 mu=5e-05 frz=0 hub=0.000 clmp=0
[mer-probe long] dd_err_rms=0.4938 dd_mer=20.11
[eq-long t=307.29s] fs=11592 fs_err_rms=0.5549 |taps|=1.383 mu=5e-05 frz=0 hub=0.000 clmp=0
[fpll t=307.74s] nco_freq_hz=-2690071.5 mean|x|=0.03036 rms_x=0.03820 max|x|=0.2543 in_rms=103.5 out_rms=4.8
[eq-long t=307.50s] fs=11600 fs_err_rms=0.5456 |taps|=1.380 mu=5e-05 frz=0 hub=0.000 clmp=0
[fpll t=307.98s] nco_freq_hz=-2690068.5 mean|x|=0.03029 rms_x=0.03812 max|x|=0.2291 in_rms=103.5 out_rms=4.8
[mer-probe long] dd_err_rms=0.4942 dd_mer=20.10
[eq-long t=307.71s] fs=11608 fs_err_rms=0.5686 |taps|=1.378 mu=5e-05 frz=0 hub=0.000 clmp=0
[fpll t=308.23s] nco_freq_hz=-2690070.3 mean|x|=0.03030 rms_x=0.03810 max|x|=0.2659 in_rms=103.5 out_rms=4.8
[eq-long t=307.93s] fs=11616 fs_err_rms=0.5735 |taps|=1.378 mu=5e-05 frz=0 hub=0.000 clmp=0
[fpll t=308.48s] nco_freq_hz=-2690068.2 mean|x|=0.03022 rms_x=0.03805 max|x|=0.2646 in_rms=103.5 out_rms=4.8
[eq-long t=308.15s] fs=11624 fs_err_rms=0.5552 |taps|=1.378 mu=5e-05 frz=0 hub=0.000 clmp=0
[mer-probe long] dd_err_rms=0.4943 dd_mer=20.10
[fpll t=308.76s] nco_freq_hz=-2690069.1 mean|x|=0.03025 rms_x=0.03803 max|x|=0.2701 in_rms=103.3 out_rms=4.8
[eq-long t=308.39s] fs=11632 fs_err_rms=0.5491 |taps|=1.386 mu=5e-05 frz=0 hub=0.000 clmp=0
[fpll t=309.00s] nco_freq_hz=-2690069.4 mean|x|=0.03020 rms_x=0.03798 max|x|=0.3041 in_rms=103.2 out_rms=4.8
[eq-long t=308.62s] fs=11640 fs_err_rms=0.5358 |taps|=1.382 mu=5e-05 frz=0 hub=0.000 clmp=0
[mer-probe long] dd_err_rms=0.4948 dd_mer=20.09
[fpll t=309.26s] nco_freq_hz=-2690070.8 mean|x|=0.03051 rms_x=0.03838 max|x|=0.3158 in_rms=103.4 out_rms=4.8
[eq-long t=308.82s] fs=11648 fs_err_rms=0.5530 |taps|=1.382 mu=5e-05 frz=0 hub=0.000 clmp=0
[eq-long t=309.07s] fs=11656 fs_err_rms=0.5544 |taps|=1.381 mu=5e-05 frz=0 hub=0.000 clmp=0
[fpll t=309.53s] nco_freq_hz=-2690069.5 mean|x|=0.03040 rms_x=0.03822 max|x|=0.2316 in_rms=103.6 out_rms=4.8
[eq-long t=309.29s] fs=11664 fs_err_rms=0.5447 |taps|=1.387 mu=5e-05 frz=0 hub=0.000 clmp=0
[mer-probe long] dd_err_rms=0.4934 dd_mer=20.11
[fpll t=309.79s] nco_freq_hz=-2690068.7 mean|x|=0.03029 rms_x=0.03809 max|x|=0.2964 in_rms=103.5 out_rms=4.8
[eq-long t=309.52s] fs=11672 fs_err_rms=0.5513 |taps|=1.382 mu=5e-05 frz=0 hub=0.000 clmp=0
[fpll t=310.04s] nco_freq_hz=-2690069.7 mean|x|=0.03060 rms_x=0.03850 max|x|=0.3339 in_rms=103.3 out_rms=4.8
[eq-long t=309.73s] fs=11680 fs_err_rms=0.5582 |taps|=1.382 mu=5e-05 frz=0 hub=0.000 clmp=0
[fpll t=310.28s] nco_freq_hz=-2690070.3 mean|x|=0.03057 rms_x=0.03845 max|x|=0.3008 in_rms=103.7 out_rms=4.8
[mer-probe long] dd_err_rms=0.4931 dd_mer=20.12
[eq-long t=309.95s] fs=11688 fs_err_rms=0.5557 |taps|=1.385 mu=5e-05 frz=0 hub=0.000 clmp=0
[fpll t=310.56s] nco_freq_hz=-2690070.4 mean|x|=0.03060 rms_x=0.03850 max|x|=0.5195 in_rms=103.7 out_rms=4.8
[eq-long t=310.19s] fs=11696 fs_err_rms=0.5838 |taps|=1.381 mu=5e-05 frz=0 hub=0.000 clmp=0
[fpll t=310.81s] nco_freq_hz=-2690070.0 mean|x|=0.03085 rms_x=0.03882 max|x|=0.2958 in_rms=103.6 out_rms=4.8
[mer-probe long] dd_err_rms=0.4926 dd_mer=20.13
[eq-long t=310.43s] fs=11704 fs_err_rms=0.5540 |taps|=1.387 mu=5e-05 frz=0 hub=0.000 clmp=0
[fpll t=311.07s] nco_freq_hz=-2690067.9 mean|x|=0.03061 rms_x=0.03852 max|x|=0.2392 in_rms=103.7 out_rms=4.8
[eq-long t=310.65s] fs=11712 fs_err_rms=0.5598 |taps|=1.386 mu=5e-05 frz=0 hub=0.000 clmp=0
[eq-long t=310.87s] fs=11720 fs_err_rms=0.5419 |taps|=1.385 mu=5e-05 frz=0 hub=0.000 clmp=0
[fpll t=311.32s] nco_freq_hz=-2690068.0 mean|x|=0.03055 rms_x=0.03838 max|x|=0.2557 in_rms=103.6 out_rms=4.8
[mer-probe long] dd_err_rms=0.4938 dd_mer=20.11
[eq-long t=311.09s] fs=11728 fs_err_rms=0.5404 |taps|=1.385 mu=5e-05 frz=0 hub=0.000 clmp=0
[fpll t=311.59s] nco_freq_hz=-2690070.9 mean|x|=0.03071 rms_x=0.03865 max|x|=0.2537 in_rms=103.4 out_rms=4.8
OsO[eq-long t=311.30s] fs=11736 fs_err_rms=0.5360 |taps|=1.387 mu=5e-05 frz=0 hub=0.000 clmp=0
[fpll t=311.84s] nco_freq_hz=-2690071.2 mean|x|=0.03060 rms_x=0.03847 max|x|=0.2365 in_rms=103.3 out_rms=4.8
[mer-probe long] dd_err_rms=0.4938 dd_mer=20.11
[eq-long t=311.54s] fs=11744 fs_err_rms=0.5529 |taps|=1.388 mu=5e-05 frz=0 hub=0.000 clmp=0
[fpll t=312.09s] nco_freq_hz=-2690071.7 mean|x|=0.03189 rms_x=0.04757 max|x|=1.4908 in_rms=103.0 out_rms=4.8
[eq-long t=311.77s] fs=11752 fs_err_rms=0.5354 |taps|=1.388 mu=5e-05 frz=0 hub=0.000 clmp=0
[fpll t=312.34s] nco_freq_hz=-2690069.1 mean|x|=0.03071 rms_x=0.03860 max|x|=0.3047 in_rms=103.6 out_rms=4.8
[eq-long t=311.99s] fs=11760 fs_err_rms=0.5324 |taps|=1.388 mu=5e-05 frz=0 hub=0.000 clmp=0
[mer-probe long] dd_err_rms=0.4968 dd_mer=20.06
[fpll t=312.60s] nco_freq_hz=-2690066.2 mean|x|=0.03068 rms_x=0.03859 max|x|=0.2925 in_rms=103.1 out_rms=4.8
[eq-long t=312.22s] fs=11768 fs_err_rms=0.5325 |taps|=1.387 mu=5e-05 frz=0 hub=0.000 clmp=0
[fpll t=312.87s] nco_freq_hz=-2690069.2 mean|x|=0.03054 rms_x=0.03838 max|x|=0.2319 in_rms=102.9 out_rms=4.8
[eq-long t=312.46s] fs=11776 fs_err_rms=0.5355 |taps|=1.387 mu=5e-05 frz=0 hub=0.000 clmp=0
[mer-probe long] dd_err_rms=0.4931 dd_mer=20.12
[eq-long t=312.66s] fs=11784 fs_err_rms=0.5306 |taps|=1.385 mu=5e-05 frz=0 hub=0.000 clmp=0
[fpll t=313.10s] nco_freq_hz=-2690068.7 mean|x|=0.03038 rms_x=0.03822 max|x|=0.3000 in_rms=103.0 out_rms=4.8
[eq-long t=312.88s] fs=11792 fs_err_rms=0.5320 |taps|=1.386 mu=5e-05 frz=0 hub=0.000 clmp=0
[fpll t=313.36s] nco_freq_hz=-2690072.3 mean|x|=0.03043 rms_x=0.03827 max|x|=0.2965 in_rms=102.6 out_rms=4.8
[fpll t=313.57s] nco_freq_hz=-2690069.5 mean|x|=0.03023 rms_x=0.03799 max|x|=0.2274 in_rms=102.9 out_rms=4.8
[mer-probe long] dd_err_rms=0.4937 dd_mer=20.11
[eq-long t=313.15s] fs=11800 fs_err_rms=0.5321 |taps|=1.385 mu=5e-05 frz=0 hub=0.000 clmp=0
[eq-long t=313.31s] fs=11808 fs_err_rms=0.5592 |taps|=1.384 mu=5e-05 frz=0 hub=0.000 clmp=0
[fpll t=313.86s] nco_freq_hz=-2690075.1 mean|x|=0.03056 rms_x=0.03844 max|x|=0.2424 in_rms=103.2 out_rms=4.8
[eq-long t=313.51s] fs=11816 fs_err_rms=0.5374 |taps|=1.390 mu=5e-05 frz=0 hub=0.000 clmp=0
[mer-probe long] dd_err_rms=0.4937 dd_mer=20.11
[fpll t=314.05s] nco_freq_hz=-2690070.5 mean|x|=0.03072 rms_x=0.03865 max|x|=0.2926 in_rms=102.9 out_rms=4.8
[eq-long t=313.68s] fs=11824 fs_err_rms=0.5296 |taps|=1.388 mu=5e-05 frz=0 hub=0.000 clmp=0
[fpll t=314.26s] nco_freq_hz=-2690066.8 mean|x|=0.03057 rms_x=0.03845 max|x|=0.2818 in_rms=102.3 out_rms=4.8
[eq-long t=313.85s] fs=11832 fs_err_rms=0.5272 |taps|=1.386 mu=5e-05 frz=0 hub=0.000 clmp=0
[mer-probe long] dd_err_rms=0.4946 dd_mer=20.09
[fpll t=314.45s] nco_freq_hz=-2690070.6 mean|x|=0.03057 rms_x=0.03841 max|x|=0.2509 in_rms=102.7 out_rms=4.8
[eq-long t=314.04s] fs=11840 fs_err_rms=0.5295 |taps|=1.390 mu=5e-05 frz=0 hub=0.000 clmp=0
[eq-long t=314.24s] fs=11848 fs_err_rms=0.5303 |taps|=1.388 mu=5e-05 frz=0 hub=0.000 clmp=0
[fpll t=314.70s] nco_freq_hz=-2690072.4 mean|x|=0.03082 rms_x=0.03876 max|x|=0.2329 in_rms=102.4 out_rms=4.8
[eq-long t=314.48s] fs=11856 fs_err_rms=0.5250 |taps|=1.387 mu=5e-05 frz=0 hub=0.000 clmp=0
[fpll t=314.96s] nco_freq_hz=-2690068.2 mean|x|=0.03059 rms_x=0.03845 max|x|=0.2236 in_rms=102.1 out_rms=4.8
[mer-probe long] dd_err_rms=0.4928 dd_mer=20.13
[eq-long t=314.71s] fs=11864 fs_err_rms=0.5358 |taps|=1.387 mu=5e-05 frz=0 hub=0.000 clmp=0
[fpll t=315.21s] nco_freq_hz=-2690070.4 mean|x|=0.03028 rms_x=0.03808 max|x|=0.2447 in_rms=103.5 out_rms=4.8
[eq-long t=314.93s] fs=11872 fs_err_rms=0.5375 |taps|=1.385 mu=5e-05 frz=0 hub=0.000 clmp=0
[fpll t=315.49s] nco_freq_hz=-2690070.9 mean|x|=0.03064 rms_x=0.03857 max|x|=0.2449 in_rms=103.7 out_rms=4.8
[mer-probe long] dd_err_rms=0.4943 dd_mer=20.10
[eq-long t=315.15s] fs=11880 fs_err_rms=0.5425 |taps|=1.385 mu=5e-05 frz=0 hub=0.000 clmp=0
[fpll t=315.73s] nco_freq_hz=-2690071.1 mean|x|=0.03053 rms_x=0.03841 max|x|=0.2664 in_rms=104.2 out_rms=4.8
[eq-long t=315.40s] fs=11888 fs_err_rms=0.5407 |taps|=1.380 mu=5e-05 frz=0 hub=0.000 clmp=0
[fpll t=315.98s] nco_freq_hz=-2690067.6 mean|x|=0.03029 rms_x=0.03812 max|x|=0.3097 in_rms=103.4 out_rms=4.8
[eq-long t=315.61s] fs=11896 fs_err_rms=0.5381 |taps|=1.384 mu=5e-05 frz=0 hub=0.000 clmp=0
[mer-probe long] dd_err_rms=0.4946 dd_mer=20.09
[fpll t=316.26s] nco_freq_hz=-2690070.7 mean|x|=0.03080 rms_x=0.03869 max|x|=0.2810 in_rms=103.0 out_rms=4.8
[eq-long t=315.83s] fs=11904 fs_err_rms=0.5317 |taps|=1.385 mu=5e-05 frz=0 hub=0.000 clmp=0
[fpll t=316.52s] nco_freq_hz=-2690068.7 mean|x|=0.03047 rms_x=0.03831 max|x|=0.2470 in_rms=103.2 out_rms=4.8
[eq-long t=316.08s] fs=11912 fs_err_rms=0.5281 |taps|=1.388 mu=5e-05 frz=0 hub=0.000 clmp=0
[mer-probe long] dd_err_rms=0.4943 dd_mer=20.10
[eq-long t=316.29s] fs=11920 fs_err_rms=0.5422 |taps|=1.387 mu=5e-05 frz=0 hub=0.000 clmp=0
[fpll t=316.77s] nco_freq_hz=-2690071.0 mean|x|=0.03070 rms_x=0.03861 max|x|=0.2518 in_rms=104.1 out_rms=4.8
[eq-long t=316.54s] fs=11928 fs_err_rms=0.5445 |taps|=1.387 mu=5e-05 frz=0 hub=0.000 clmp=0
[fpll t=317.03s] nco_freq_hz=-2690072.5 mean|x|=0.03083 rms_x=0.03877 max|x|=0.2949 in_rms=102.9 out_rms=4.8
[mer-probe long] dd_err_rms=0.4942 dd_mer=20.10
[eq-long t=316.74s] fs=11936 fs_err_rms=0.5566 |taps|=1.388 mu=5e-05 frz=0 hub=0.000 clmp=0
[fpll t=317.30s] nco_freq_hz=-2690068.0 mean|x|=0.03062 rms_x=0.03851 max|x|=0.2624 in_rms=104.7 out_rms=4.8
[eq-long t=316.97s] fs=11944 fs_err_rms=0.5488 |taps|=1.389 mu=5e-05 frz=0 hub=0.000 clmp=0
[fpll t=317.58s] nco_freq_hz=-2690066.4 mean|x|=0.03064 rms_x=0.03854 max|x|=0.2426 in_rms=104.3 out_rms=4.8
[eq-long t=317.21s] fs=11952 fs_err_rms=0.5428 |taps|=1.383 mu=5e-05 frz=0 hub=0.000 clmp=0
[mer-probe long] dd_err_rms=0.4930 dd_mer=20.12
[fpll t=317.77s] nco_freq_hz=-2690072.6 mean|x|=0.03069 rms_x=0.03859 max|x|=0.2801 in_rms=103.4 out_rms=4.8
[eq-long t=317.37s] fs=11960 fs_err_rms=0.5358 |taps|=1.385 mu=5e-05 frz=0 hub=0.000 clmp=0
[fpll t=317.98s] nco_freq_hz=-2690070.4 mean|x|=0.03056 rms_x=0.03845 max|x|=0.3144 in_rms=103.6 out_rms=4.8
[eq-long t=317.54s] fs=11968 fs_err_rms=0.5279 |taps|=1.385 mu=5e-05 frz=0 hub=0.000 clmp=0
[mer-probe long] dd_err_rms=0.4948 dd_mer=20.09
[eq-long t=317.72s] fs=11976 fs_err_rms=0.5290 |taps|=1.386 mu=5e-05 frz=0 hub=0.000 clmp=0
[fpll t=318.17s] nco_freq_hz=-2690068.1 mean|x|=0.03049 rms_x=0.03836 max|x|=0.2736 in_rms=103.9 out_rms=4.8
[eq-long t=317.89s] fs=11984 fs_err_rms=0.5369 |taps|=1.386 mu=5e-05 frz=0 hub=0.000 clmp=0
[fpll t=318.37s] nco_freq_hz=-2690068.3 mean|x|=0.03042 rms_x=0.03829 max|x|=0.2874 in_rms=104.2 out_rms=4.8
[eq-long t=318.09s] fs=11992 fs_err_rms=0.5325 |taps|=1.386 mu=5e-05 frz=0 hub=0.000 clmp=0
[mer-probe long] dd_err_rms=0.4941 dd_mer=20.10
[fpll t=318.59s] nco_freq_hz=-2690071.7 mean|x|=0.03047 rms_x=0.03833 max|x|=0.2294 in_rms=104.4 out_rms=4.8
[eq-long t=318.30s] fs=12000 fs_err_rms=0.5359 |taps|=1.385 mu=5e-05 frz=0 hub=0.000 clmp=0
[fpll t=318.84s] nco_freq_hz=-2690070.7 mean|x|=0.03055 rms_x=0.03844 max|x|=0.2587 in_rms=104.5 out_rms=4.8
[eq-long t=318.51s] fs=12008 fs_err_rms=0.5325 |taps|=1.386 mu=5e-05 frz=0 hub=0.000 clmp=0
[mer-probe long] dd_err_rms=0.4939 dd_mer=20.11
[fpll t=319.09s] nco_freq_hz=-2690069.2 mean|x|=0.03055 rms_x=0.03841 max|x|=0.2875 in_rms=104.5 out_rms=4.8
[eq-long t=318.73s] fs=12016 fs_err_rms=0.5501 |taps|=1.383 mu=5e-05 frz=0 hub=0.000 clmp=0
[fpll t=319.33s] nco_freq_hz=-2690071.9 mean|x|=0.03031 rms_x=0.03815 max|x|=0.2792 in_rms=104.4 out_rms=4.8
[eq-long t=318.94s] fs=12024 fs_err_rms=0.5391 |taps|=1.385 mu=5e-05 frz=0 hub=0.000 clmp=0
[fpll t=319.56s] nco_freq_hz=-2690073.4 mean|x|=0.03042 rms_x=0.03826 max|x|=0.2588 in_rms=104.1 out_rms=4.8
[mer-probe long] dd_err_rms=0.4944 dd_mer=20.10
[eq-long t=319.17s] fs=12032 fs_err_rms=0.5789 |taps|=1.383 mu=5e-05 frz=0 hub=0.000 clmp=0
[eq-long t=319.36s] fs=12040 fs_err_rms=0.5373 |taps|=1.382 mu=5e-05 frz=0 hub=0.000 clmp=0
[fpll t=319.81s] nco_freq_hz=-2690071.5 mean|x|=0.03063 rms_x=0.03851 max|x|=0.3284 in_rms=104.0 out_rms=4.8
[eq-long t=319.58s] fs=12048 fs_err_rms=0.5493 |taps|=1.388 mu=5e-05 frz=0 hub=0.000 clmp=0
[fpll t=320.08s] nco_freq_hz=-2690068.0 mean|x|=0.03054 rms_x=0.03841 max|x|=0.2471 in_rms=103.8 out_rms=4.8
[mer-probe long] dd_err_rms=0.4946 dd_mer=20.09
[eq-long t=319.82s] fs=12056 fs_err_rms=0.5366 |taps|=1.387 mu=5e-05 frz=0 hub=0.000 clmp=0
[fpll t=320.32s] nco_freq_hz=-2690069.5 mean|x|=0.03063 rms_x=0.03854 max|x|=0.2766 in_rms=104.2 out_rms=4.8
[eq-long t=320.03s] fs=12064 fs_err_rms=0.5320 |taps|=1.388 mu=5e-05 frz=0 hub=0.000 clmp=0
[fpll t=320.59s] nco_freq_hz=-2690075.1 mean|x|=0.03043 rms_x=0.03824 max|x|=0.2428 in_rms=104.2 out_rms=4.8
[mer-probe long] dd_err_rms=0.4938 dd_mer=20.11
[eq-long t=320.26s] fs=12072 fs_err_rms=0.5405 |taps|=1.388 mu=5e-05 frz=0 hub=0.000 clmp=0
[fpll t=320.85s] nco_freq_hz=-2690071.0 mean|x|=0.03048 rms_x=0.03834 max|x|=0.2831 in_rms=104.0 out_rms=4.8
[eq-long t=320.50s] fs=12080 fs_err_rms=0.5287 |taps|=1.387 mu=5e-05 frz=0 hub=0.000 clmp=0
[fpll t=321.11s] nco_freq_hz=-2690070.4 mean|x|=0.03023 rms_x=0.03798 max|x|=0.2692 in_rms=103.9 out_rms=4.8
[eq-long t=320.72s] fs=12088 fs_err_rms=0.5451 |taps|=1.388 mu=5e-05 frz=0 hub=0.000 clmp=0
[mer-probe long] dd_err_rms=0.4937 dd_mer=20.11
[fpll t=321.36s] nco_freq_hz=-2690070.3 mean|x|=0.03034 rms_x=0.03818 max|x|=0.2817 in_rms=103.8 out_rms=4.8
[eq-long t=320.93s] fs=12096 fs_err_rms=0.5338 |taps|=1.385 mu=5e-05 frz=0 hub=0.000 clmp=0
[eq-long t=321.16s] fs=12104 fs_err_rms=0.5433 |taps|=1.388 mu=5e-05 frz=0 hub=0.000 clmp=0
[fpll t=321.62s] nco_freq_hz=-2690068.7 mean|x|=0.03013 rms_x=0.03790 max|x|=0.4142 in_rms=103.6 out_rms=4.8
[mer-probe long] dd_err_rms=0.4957 dd_mer=20.07
[eq-long t=321.38s] fs=12112 fs_err_rms=0.5312 |taps|=1.387 mu=5e-05 frz=0 hub=0.000 clmp=0
[fpll t=321.87s] nco_freq_hz=-2690069.1 mean|x|=0.03029 rms_x=0.03810 max|x|=0.2586 in_rms=103.4 out_rms=4.8
[eq-long t=321.60s] fs=12120 fs_err_rms=0.5391 |taps|=1.390 mu=5e-05 frz=0 hub=0.000 clmp=0
[fpll t=322.13s] nco_freq_hz=-2690076.3 mean|x|=0.03040 rms_x=0.03824 max|x|=0.3264 in_rms=103.5 out_rms=4.8
OsO[eq-long t=321.83s] fs=12128 fs_err_rms=0.5327 |taps|=1.388 mu=5e-05 frz=0 hub=0.000 clmp=0
[mer-probe long] dd_err_rms=0.4935 dd_mer=20.11
[fpll t=322.38s] nco_freq_hz=-2690070.7 mean|x|=0.03044 rms_x=0.03826 max|x|=0.2510 in_rms=103.8 out_rms=4.8
[eq-long t=322.05s] fs=12136 fs_err_rms=0.5233 |taps|=1.384 mu=5e-05 frz=0 hub=0.000 clmp=0
[fpll t=322.64s] nco_freq_hz=-2690071.4 mean|x|=0.03145 rms_x=0.04789 max|x|=1.5706 in_rms=103.6 out_rms=4.8
[eq-long t=322.29s] fs=12144 fs_err_rms=0.5498 |taps|=1.385 mu=5e-05 frz=0 hub=0.000 clmp=0
[mer-probe long] dd_err_rms=0.4943 dd_mer=20.10
[fpll t=322.90s] nco_freq_hz=-2690069.9 mean|x|=0.03048 rms_x=0.03835 max|x|=0.3061 in_rms=103.5 out_rms=4.8
[eq-long t=322.51s] fs=12152 fs_err_rms=0.5629 |taps|=1.387 mu=5e-05 frz=0 hub=0.000 clmp=0
[fpll t=323.15s] nco_freq_hz=-2690072.8 mean|x|=0.03044 rms_x=0.03828 max|x|=0.2662 in_rms=103.7 out_rms=4.8
[eq-long t=322.76s] fs=12160 fs_err_rms=0.5528 |taps|=1.389 mu=5e-05 frz=0 hub=0.000 clmp=0
[mer-probe long] dd_err_rms=0.4938 dd_mer=20.11
[fpll t=323.40s] nco_freq_hz=-2690071.0 mean|x|=0.03021 rms_x=0.03793 max|x|=0.2906 in_rms=103.8 out_rms=4.8
[eq-long t=323.02s] fs=12168 fs_err_rms=0.5597 |taps|=1.384 mu=5e-05 frz=0 hub=0.000 clmp=0
[eq-long t=323.22s] fs=12176 fs_err_rms=0.5475 |taps|=1.384 mu=5e-05 frz=0 hub=0.000 clmp=0
[fpll t=323.71s] nco_freq_hz=-2690066.3 mean|x|=0.03021 rms_x=0.03797 max|x|=0.2802 in_rms=104.0 out_rms=4.8
[eq-long t=323.46s] fs=12184 fs_err_rms=0.5459 |taps|=1.385 mu=5e-05 frz=0 hub=0.000 clmp=0
[mer-probe long] dd_err_rms=0.4942 dd_mer=20.10
[fpll t=323.96s] nco_freq_hz=-2690067.5 mean|x|=0.03044 rms_x=0.03825 max|x|=0.2390 in_rms=104.1 out_rms=4.8
[eq-long t=323.63s] fs=12192 fs_err_rms=0.5525 |taps|=1.386 mu=5e-05 frz=0 hub=0.000 clmp=0
[fpll t=324.15s] nco_freq_hz=-2690071.6 mean|x|=0.03015 rms_x=0.03790 max|x|=0.2812 in_rms=104.2 out_rms=4.8
[eq-long t=323.79s] fs=12200 fs_err_rms=0.5357 |taps|=1.383 mu=5e-05 frz=0 hub=0.000 clmp=0
[fpll t=324.34s] nco_freq_hz=-2690074.4 mean|x|=0.03026 rms_x=0.03805 max|x|=0.2599 in_rms=104.2 out_rms=4.8
[mer-probe long] dd_err_rms=0.4931 dd_mer=20.12
[eq-long t=323.97s] fs=12208 fs_err_rms=0.5595 |taps|=1.384 mu=5e-05 frz=0 hub=0.000 clmp=0
[fpll t=324.55s] nco_freq_hz=-2690069.3 mean|x|=0.03043 rms_x=0.03830 max|x|=0.2655 in_rms=104.0 out_rms=4.8
[eq-long t=324.14s] fs=12216 fs_err_rms=0.5652 |taps|=1.382 mu=5e-05 frz=0 hub=0.000 clmp=0
[fpll t=324.73s] nco_freq_hz=-2690069.5 mean|x|=0.03033 rms_x=0.03818 max|x|=0.2490 in_rms=104.2 out_rms=4.8
[eq-long t=324.32s] fs=12224 fs_err_rms=0.5373 |taps|=1.384 mu=5e-05 frz=0 hub=0.000 clmp=0
[mer-probe long] dd_err_rms=0.4945 dd_mer=20.10
[fpll t=324.95s] nco_freq_hz=-2690075.5 mean|x|=0.03030 rms_x=0.03806 max|x|=0.2414 in_rms=104.3 out_rms=4.8
[eq-long t=324.52s] fs=12232 fs_err_rms=0.5498 |taps|=1.382 mu=5e-05 frz=0 hub=0.000 clmp=0
[eq-long t=324.71s] fs=12240 fs_err_rms=0.5477 |taps|=1.381 mu=5e-05 frz=0 hub=0.000 clmp=0
[fpll t=325.19s] nco_freq_hz=-2690071.7 mean|x|=0.03056 rms_x=0.03844 max|x|=0.2431 in_rms=104.5 out_rms=4.8
[mer-probe long] dd_err_rms=0.4940 dd_mer=20.11
[eq-long t=324.89s] fs=12248 fs_err_rms=0.5582 |taps|=1.381 mu=5e-05 frz=0 hub=0.000 clmp=0
[fpll t=325.40s] nco_freq_hz=-2690069.9 mean|x|=0.03026 rms_x=0.03804 max|x|=0.2599 in_rms=104.5 out_rms=4.8
[eq-long t=325.07s] fs=12256 fs_err_rms=0.5445 |taps|=1.379 mu=5e-05 frz=0 hub=0.000 clmp=0
[fpll t=325.58s] nco_freq_hz=-2690070.1 mean|x|=0.03035 rms_x=0.03816 max|x|=0.2473 in_rms=104.6 out_rms=4.8
[mer-probe long] dd_err_rms=0.4942 dd_mer=20.10
[eq-long t=325.24s] fs=12264 fs_err_rms=0.5628 |taps|=1.379 mu=5e-05 frz=0 hub=0.000 clmp=0
[fpll t=325.79s] nco_freq_hz=-2690067.3 mean|x|=0.03026 rms_x=0.03807 max|x|=0.2779 in_rms=104.5 out_rms=4.8
[eq-long t=325.42s] fs=12272 fs_err_rms=0.5416 |taps|=1.384 mu=5e-05 frz=0 hub=0.000 clmp=0
[fpll t=325.99s] nco_freq_hz=-2690067.4 mean|x|=0.03006 rms_x=0.03779 max|x|=0.2452 in_rms=104.6 out_rms=4.8
[eq-long t=325.58s] fs=12280 fs_err_rms=0.5385 |taps|=1.383 mu=5e-05 frz=0 hub=0.000 clmp=0
[mer-probe long] dd_err_rms=0.4943 dd_mer=20.10
[fpll t=326.19s] nco_freq_hz=-2690068.8 mean|x|=0.03009 rms_x=0.03783 max|x|=0.2993 in_rms=104.3 out_rms=4.8
[eq-long t=325.78s] fs=12288 fs_err_rms=0.5530 |taps|=1.383 mu=5e-05 frz=0 hub=0.000 clmp=0
[fpll t=326.44s] nco_freq_hz=-2690065.0 mean|x|=0.03019 rms_x=0.03799 max|x|=0.3285 in_rms=104.5 out_rms=4.8
[eq-long t=326.00s] fs=12296 fs_err_rms=0.5408 |taps|=1.384 mu=5e-05 frz=0 hub=0.000 clmp=0
[mer-probe long] dd_err_rms=0.4946 dd_mer=20.10
[eq-long t=326.23s] fs=12304 fs_err_rms=0.5635 |taps|=1.382 mu=5e-05 frz=0 hub=0.000 clmp=0
[fpll t=326.70s] nco_freq_hz=-2690071.2 mean|x|=0.03014 rms_x=0.03790 max|x|=0.2684 in_rms=104.8 out_rms=4.8
[eq-long t=326.47s] fs=12312 fs_err_rms=0.5604 |taps|=1.379 mu=5e-05 frz=0 hub=0.000 clmp=0
[fpll t=326.97s] nco_freq_hz=-2690067.4 mean|x|=0.03020 rms_x=0.03793 max|x|=0.3196 in_rms=104.5 out_rms=4.8
[eq-long t=326.68s] fs=12320 fs_err_rms=0.5490 |taps|=1.380 mu=5e-05 frz=0 hub=0.000 clmp=0
[mer-probe long] dd_err_rms=0.4939 dd_mer=20.11
[fpll t=327.23s] nco_freq_hz=-2690069.8 mean|x|=0.03017 rms_x=0.03791 max|x|=0.2439 in_rms=104.3 out_rms=4.8
[eq-long t=326.89s] fs=12328 fs_err_rms=0.5575 |taps|=1.381 mu=5e-05 frz=0 hub=0.000 clmp=0
[fpll t=327.48s] nco_freq_hz=-2690071.9 mean|x|=0.02999 rms_x=0.03771 max|x|=0.2647 in_rms=104.2 out_rms=4.8
[eq-long t=327.14s] fs=12336 fs_err_rms=0.5483 |taps|=1.383 mu=5e-05 frz=0 hub=0.000 clmp=0
[mer-probe long] dd_err_rms=0.4942 dd_mer=20.10
[fpll t=327.74s] nco_freq_hz=-2690069.9 mean|x|=0.02993 rms_x=0.03764 max|x|=0.2538 in_rms=103.8 out_rms=4.8
[eq-long t=327.34s] fs=12344 fs_err_rms=0.5646 |taps|=1.382 mu=5e-05 frz=0 hub=0.000 clmp=0
[fpll t=328.00s] nco_freq_hz=-2690068.3 mean|x|=0.02999 rms_x=0.03770 max|x|=0.2391 in_rms=103.5 out_rms=4.8
[eq-long t=327.59s] fs=12352 fs_err_rms=0.5499 |taps|=1.384 mu=5e-05 frz=0 hub=0.000 clmp=0
[mer-probe long] dd_err_rms=0.4944 dd_mer=20.10
[eq-long t=327.81s] fs=12360 fs_err_rms=0.5745 |taps|=1.386 mu=5e-05 frz=0 hub=0.000 clmp=0
[fpll t=328.26s] nco_freq_hz=-2690071.6 mean|x|=0.02997 rms_x=0.03771 max|x|=0.3072 in_rms=103.3 out_rms=4.8
[eq-long t=328.04s] fs=12368 fs_err_rms=0.5556 |taps|=1.385 mu=5e-05 frz=0 hub=0.000 clmp=0
[fpll t=328.50s] nco_freq_hz=-2690074.4 mean|x|=0.03022 rms_x=0.03800 max|x|=0.2545 in_rms=103.5 out_rms=4.8
[eq-long t=328.25s] fs=12376 fs_err_rms=0.5412 |taps|=1.386 mu=5e-05 frz=0 hub=0.000 clmp=0
[fpll t=328.76s] nco_freq_hz=-2690066.2 mean|x|=0.03022 rms_x=0.03799 max|x|=0.2514 in_rms=103.4 out_rms=4.8
[mer-probe long] dd_err_rms=0.4931 dd_mer=20.12
[eq-long t=328.46s] fs=12384 fs_err_rms=0.5453 |taps|=1.384 mu=5e-05 frz=0 hub=0.000 clmp=0
[fpll t=329.02s] nco_freq_hz=-2690068.1 mean|x|=0.03002 rms_x=0.03773 max|x|=0.2988 in_rms=103.1 out_rms=4.8
[eq-long t=328.69s] fs=12392 fs_err_rms=0.5584 |taps|=1.392 mu=5e-05 frz=0 hub=0.000 clmp=0
[fpll t=329.27s] nco_freq_hz=-2690071.2 mean|x|=0.02993 rms_x=0.03767 max|x|=0.2185 in_rms=103.0 out_rms=4.8
[mer-probe long] dd_err_rms=0.4935 dd_mer=20.11
[eq-long t=328.92s] fs=12400 fs_err_rms=0.5515 |taps|=1.386 mu=5e-05 frz=0 hub=0.000 clmp=0
[fpll t=329.51s] nco_freq_hz=-2690070.0 mean|x|=0.02992 rms_x=0.03764 max|x|=0.3130 in_rms=103.5 out_rms=4.8
[eq-long t=329.14s] fs=12408 fs_err_rms=0.5331 |taps|=1.384 mu=5e-05 frz=0 hub=0.000 clmp=0
[fpll t=329.77s] nco_freq_hz=-2690067.1 mean|x|=0.02982 rms_x=0.03751 max|x|=0.2463 in_rms=103.4 out_rms=4.8
[eq-long t=329.35s] fs=12416 fs_err_rms=0.5323 |taps|=1.389 mu=5e-05 frz=0 hub=0.000 clmp=0
[mer-probe long] dd_err_rms=0.4941 dd_mer=20.10
[eq-long t=329.57s] fs=12424 fs_err_rms=0.5397 |taps|=1.386 mu=5e-05 frz=0 hub=0.000 clmp=0
[fpll t=330.03s] nco_freq_hz=-2690068.5 mean|x|=0.02985 rms_x=0.03753 max|x|=0.3084 in_rms=103.1 out_rms=4.8
[eq-long t=329.79s] fs=12432 fs_err_rms=0.5490 |taps|=1.384 mu=5e-05 frz=0 hub=0.000 clmp=0
[fpll t=330.28s] nco_freq_hz=-2690069.7 mean|x|=0.03000 rms_x=0.03774 max|x|=0.3206 in_rms=103.0 out_rms=4.8
[mer-probe long] dd_err_rms=0.4947 dd_mer=20.09
[eq-long t=330.02s] fs=12440 fs_err_rms=0.5436 |taps|=1.387 mu=5e-05 frz=0 hub=0.000 clmp=0
[fpll t=330.53s] nco_freq_hz=-2690074.6 mean|x|=0.02980 rms_x=0.03746 max|x|=0.2524 in_rms=103.0 out_rms=4.8
[eq-long t=330.23s] fs=12448 fs_err_rms=0.5437 |taps|=1.385 mu=5e-05 frz=0 hub=0.000 clmp=0
[fpll t=330.79s] nco_freq_hz=-2690067.2 mean|x|=0.02989 rms_x=0.03760 max|x|=0.2352 in_rms=102.6 out_rms=4.8
[eq-long t=330.45s] fs=12456 fs_err_rms=0.5472 |taps|=1.386 mu=5e-05 frz=0 hub=0.000 clmp=0
[mer-probe long] dd_err_rms=0.4952 dd_mer=20.08
[fpll t=331.04s] nco_freq_hz=-2690074.5 mean|x|=0.02995 rms_x=0.03766 max|x|=0.3015 in_rms=102.6 out_rms=4.8
[eq-long t=330.68s] fs=12464 fs_err_rms=0.5737 |taps|=1.387 mu=5e-05 frz=0 hub=0.000 clmp=0
[fpll t=331.27s] nco_freq_hz=-2690072.0 mean|x|=0.02988 rms_x=0.03758 max|x|=0.2439 in_rms=103.1 out_rms=4.8
[eq-long t=330.89s] fs=12472 fs_err_rms=0.5382 |taps|=1.386 mu=5e-05 frz=0 hub=0.000 clmp=0
[mer-probe long] dd_err_rms=0.4938 dd_mer=20.11
[fpll t=331.53s] nco_freq_hz=-2690070.5 mean|x|=0.02999 rms_x=0.03775 max|x|=0.3319 in_rms=103.5 out_rms=4.8
[eq-long t=331.12s] fs=12480 fs_err_rms=0.5427 |taps|=1.388 mu=5e-05 frz=0 hub=0.000 clmp=0
[eq-long t=331.34s] fs=12488 fs_err_rms=0.5472 |taps|=1.385 mu=5e-05 frz=0 hub=0.000 clmp=0
[fpll t=331.80s] nco_freq_hz=-2690069.8 mean|x|=0.02992 rms_x=0.03764 max|x|=0.2880 in_rms=103.6 out_rms=4.8
[mer-probe long] dd_err_rms=0.4932 dd_mer=20.12
[eq-long t=331.55s] fs=12496 fs_err_rms=0.5596 |taps|=1.383 mu=5e-05 frz=0 hub=0.000 clmp=0
[fpll t=332.05s] nco_freq_hz=-2690065.8 mean|x|=0.02975 rms_x=0.03740 max|x|=0.2643 in_rms=103.8 out_rms=4.8
[eq-long t=331.78s] fs=12504 fs_err_rms=0.5558 |taps|=1.383 mu=5e-05 frz=0 hub=0.000 clmp=0
[fpll t=332.30s] nco_freq_hz=-2690071.5 mean|x|=0.02986 rms_x=0.03756 max|x|=0.3110 in_rms=104.0 out_rms=4.8
[eq-long t=331.99s] fs=12512 fs_err_rms=0.5497 |taps|=1.383 mu=5e-05 frz=0 hub=0.000 clmp=0
[mer-probe long] dd_err_rms=0.4931 dd_mer=20.12
[fpll t=332.52s] nco_freq_hz=-2690071.2 mean|x|=0.03013 rms_x=0.03792 max|x|=0.3097 in_rms=104.2 out_rms=4.8
[eq-long t=332.22s] fs=12520 fs_err_rms=0.5420 |taps|=1.385 mu=5e-05 frz=0 hub=0.000 clmp=0
[fpll t=332.78s] nco_freq_hz=-2690066.5 mean|x|=0.03010 rms_x=0.03786 max|x|=0.2203 in_rms=104.0 out_rms=4.8
[eq-long t=332.42s] fs=12528 fs_err_rms=0.5398 |taps|=1.386 mu=5e-05 frz=0 hub=0.000 clmp=0
[mer-probe long] dd_err_rms=0.4931 dd_mer=20.12
[fpll t=333.05s] nco_freq_hz=-2690072.3 mean|x|=0.03002 rms_x=0.03776 max|x|=0.2838 in_rms=104.1 out_rms=4.8
[eq-long t=332.65s] fs=12536 fs_err_rms=0.5551 |taps|=1.386 mu=5e-05 frz=0 hub=0.000 clmp=0
[eq-long t=332.87s] fs=12544 fs_err_rms=0.5482 |taps|=1.384 mu=5e-05 frz=0 hub=0.000 clmp=0
[fpll t=333.31s] nco_freq_hz=-2690071.5 mean|x|=0.02974 rms_x=0.03737 max|x|=0.2846 in_rms=103.9 out_rms=4.8
OsO[eq-long t=333.12s] fs=12552 fs_err_rms=0.5443 |taps|=1.384 mu=5e-05 frz=0 hub=0.000 clmp=0
[mer-probe long] dd_err_rms=0.4927 dd_mer=20.13
[fpll t=333.58s] nco_freq_hz=-2690066.1 mean|x|=0.03013 rms_x=0.03789 max|x|=0.2294 in_rms=104.0 out_rms=4.8
[eq-long t=333.33s] fs=12560 fs_err_rms=0.5574 |taps|=1.385 mu=5e-05 frz=0 hub=0.000 clmp=0
[fpll t=333.83s] nco_freq_hz=-2690068.8 mean|x|=0.03002 rms_x=0.03773 max|x|=0.2227 in_rms=103.7 out_rms=4.8
[eq-long] MOD12 GUARD: phase 6 confirmed x2 — dropping 6 segments
[eq-long t=333.56s] fs=12568 fs_err_rms=0.5673 |taps|=1.387 mu=5e-05 frz=0 hub=0.000 clmp=0
[fpll t=334.05s] nco_freq_hz=-2690072.1 mean|x|=0.03089 rms_x=0.04440 max|x|=1.3273 in_rms=103.0 out_rms=4.8
[mer-probe long] dd_err_rms=0.4955 dd_mer=20.08
[eq-long t=333.76s] fs=12576 fs_err_rms=0.5488 |taps|=1.384 mu=5e-05 frz=0 hub=0.000 clmp=0
[fpll t=334.32s] nco_freq_hz=-2690071.3 mean|x|=0.03009 rms_x=0.03784 max|x|=0.2681 in_rms=103.0 out_rms=4.8
[eq-long t=333.98s] fs=12584 fs_err_rms=0.5377 |taps|=1.383 mu=5e-05 frz=0 hub=0.000 clmp=0
[fpll t=334.57s] nco_freq_hz=-2690070.7 mean|x|=0.02997 rms_x=0.03767 max|x|=0.2947 in_rms=103.1 out_rms=4.8
[mer-probe long] dd_err_rms=0.4931 dd_mer=20.12
[eq-long t=334.21s] fs=12592 fs_err_rms=0.5516 |taps|=1.385 mu=5e-05 frz=0 hub=0.000 clmp=0
[fpll t=334.81s] nco_freq_hz=-2690072.3 mean|x|=0.02999 rms_x=0.03767 max|x|=0.2536 in_rms=103.6 out_rms=4.8
[eq-long t=334.44s] fs=12600 fs_err_rms=0.5649 |taps|=1.380 mu=5e-05 frz=0 hub=0.000 clmp=0
[fpll t=335.06s] nco_freq_hz=-2690069.7 mean|x|=0.03025 rms_x=0.03806 max|x|=0.3166 in_rms=104.1 out_rms=4.8
[eq-long t=334.62s] fs=12608 fs_err_rms=0.5571 |taps|=1.382 mu=5e-05 frz=0 hub=0.000 clmp=0
[mer-probe long] dd_err_rms=0.4921 dd_mer=20.14
[eq-long t=334.80s] fs=12616 fs_err_rms=0.5313 |taps|=1.387 mu=5e-05 frz=0 hub=0.000 clmp=0
[fpll t=335.25s] nco_freq_hz=-2690069.0 mean|x|=0.03008 rms_x=0.03783 max|x|=0.2844 in_rms=104.4 out_rms=4.8
[eq-long t=334.97s] fs=12624 fs_err_rms=0.5572 |taps|=1.386 mu=5e-05 frz=0 hub=0.000 clmp=0
[fpll t=335.48s] nco_freq_hz=-2690069.3 mean|x|=0.03020 rms_x=0.03796 max|x|=0.2248 in_rms=104.2 out_rms=4.8
[mer-probe long] dd_err_rms=0.4931 dd_mer=20.12
[eq-long t=335.20s] fs=12632 fs_err_rms=0.5584 |taps|=1.384 mu=5e-05 frz=0 hub=0.000 clmp=0
[fpll t=335.71s] nco_freq_hz=-2690069.7 mean|x|=0.03022 rms_x=0.03801 max|x|=0.2563 in_rms=104.0 out_rms=4.8
[eq-long t=335.38s] fs=12640 fs_err_rms=0.5511 |taps|=1.384 mu=5e-05 frz=0 hub=0.000 clmp=0
[fpll t=335.90s] nco_freq_hz=-2690072.2 mean|x|=0.02992 rms_x=0.03764 max|x|=0.2743 in_rms=104.1 out_rms=4.8
[eq-long t=335.55s] fs=12648 fs_err_rms=0.5446 |taps|=1.385 mu=5e-05 frz=0 hub=0.000 clmp=0
[mer-probe long] dd_err_rms=0.4934 dd_mer=20.11
[fpll t=336.10s] nco_freq_hz=-2690068.9 mean|x|=0.03005 rms_x=0.03779 max|x|=0.2559 in_rms=104.1 out_rms=4.8
[eq-long t=335.72s] fs=12656 fs_err_rms=0.5377 |taps|=1.383 mu=5e-05 frz=0 hub=0.000 clmp=0
[fpll t=336.30s] nco_freq_hz=-2690071.6 mean|x|=0.03029 rms_x=0.03810 max|x|=0.2964 in_rms=103.9 out_rms=4.8
[eq-long t=335.90s] fs=12664 fs_err_rms=0.5443 |taps|=1.386 mu=5e-05 frz=0 hub=0.000 clmp=0
[mer-probe long] dd_err_rms=0.4938 dd_mer=20.11
[fpll t=336.50s] nco_freq_hz=-2690070.2 mean|x|=0.03009 rms_x=0.03784 max|x|=0.3134 in_rms=104.1 out_rms=4.8
[eq-long t=336.08s] fs=12672 fs_err_rms=0.5533 |taps|=1.383 mu=5e-05 frz=0 hub=0.000 clmp=0
[fpll t=336.71s] nco_freq_hz=-2690072.3 mean|x|=0.03003 rms_x=0.03774 max|x|=0.2660 in_rms=104.3 out_rms=4.8
[eq-long t=336.27s] fs=12680 fs_err_rms=0.5504 |taps|=1.384 mu=5e-05 frz=0 hub=0.000 clmp=0
[mer-probe long] dd_err_rms=0.4923 dd_mer=20.13
[eq-long t=336.43s] fs=12688 fs_err_rms=0.5463 |taps|=1.382 mu=5e-05 frz=0 hub=0.000 clmp=0
[fpll t=336.90s] nco_freq_hz=-2690070.4 mean|x|=0.03024 rms_x=0.03804 max|x|=0.2371 in_rms=104.5 out_rms=4.8
[eq-long t=336.59s] fs=12696 fs_err_rms=0.5398 |taps|=1.383 mu=5e-05 frz=0 hub=0.000 clmp=0
[fpll t=337.11s] nco_freq_hz=-2690069.8 mean|x|=0.03017 rms_x=0.03795 max|x|=0.2690 in_rms=104.2 out_rms=4.8
[eq-long t=336.77s] fs=12704 fs_err_rms=0.5481 |taps|=1.382 mu=5e-05 frz=0 hub=0.000 clmp=0
[mer-probe long] dd_err_rms=0.4940 dd_mer=20.10
[fpll t=337.30s] nco_freq_hz=-2690076.7 mean|x|=0.03011 rms_x=0.03787 max|x|=0.2482 in_rms=104.1 out_rms=4.8
[eq-long t=336.94s] fs=12712 fs_err_rms=0.5643 |taps|=1.385 mu=5e-05 frz=0 hub=0.000 clmp=0
[fpll t=337.50s] nco_freq_hz=-2690065.7 mean|x|=0.03032 rms_x=0.03815 max|x|=0.2977 in_rms=104.3 out_rms=4.8
[eq-long t=337.15s] fs=12720 fs_err_rms=0.5383 |taps|=1.386 mu=5e-05 frz=0 hub=0.000 clmp=0
[fpll t=337.76s] nco_freq_hz=-2690072.9 mean|x|=0.03000 rms_x=0.03771 max|x|=0.2423 in_rms=104.7 out_rms=4.8
[mer-probe long] dd_err_rms=0.4941 dd_mer=20.10
[eq-long t=337.37s] fs=12728 fs_err_rms=0.5321 |taps|=1.386 mu=5e-05 frz=0 hub=0.000 clmp=0
[fpll t=338.04s] nco_freq_hz=-2690068.3 mean|x|=0.03016 rms_x=0.03792 max|x|=0.2364 in_rms=104.9 out_rms=4.8
[eq-long t=337.60s] fs=12736 fs_err_rms=0.5463 |taps|=1.385 mu=5e-05 frz=0 hub=0.000 clmp=0
[eq-long t=337.86s] fs=12744 fs_err_rms=0.5478 |taps|=1.382 mu=5e-05 frz=0 hub=0.000 clmp=0
[fpll t=338.30s] nco_freq_hz=-2690070.2 mean|x|=0.03030 rms_x=0.03812 max|x|=0.2600 in_rms=104.9 out_rms=4.8
[mer-probe long] dd_err_rms=0.4939 dd_mer=20.11
[eq-long t=338.10s] fs=12752 fs_err_rms=0.5488 |taps|=1.382 mu=5e-05 frz=0 hub=0.000 clmp=0
[fpll t=338.60s] nco_freq_hz=-2690065.7 mean|x|=0.03022 rms_x=0.03802 max|x|=0.2629 in_rms=105.3 out_rms=4.8
[eq-long t=338.34s] fs=12760 fs_err_rms=0.5465 |taps|=1.380 mu=5e-05 frz=0 hub=0.000 clmp=0
[fpll t=338.86s] nco_freq_hz=-2690069.7 mean|x|=0.02992 rms_x=0.03764 max|x|=0.3125 in_rms=105.2 out_rms=4.8
[mer-probe long] dd_err_rms=0.4936 dd_mer=20.11
[eq-long t=338.58s] fs=12768 fs_err_rms=0.5390 |taps|=1.381 mu=5e-05 frz=0 hub=0.000 clmp=0
[fpll t=339.15s] nco_freq_hz=-2690072.9 mean|x|=0.03005 rms_x=0.03779 max|x|=0.2479 in_rms=105.0 out_rms=4.8
[eq-long t=338.81s] fs=12776 fs_err_rms=0.5415 |taps|=1.381 mu=5e-05 frz=0 hub=0.000 clmp=0
[fpll t=339.41s] nco_freq_hz=-2690070.9 mean|x|=0.03006 rms_x=0.03779 max|x|=0.2906 in_rms=105.3 out_rms=4.8
[eq-long t=339.05s] fs=12784 fs_err_rms=0.5547 |taps|=1.380 mu=5e-05 frz=0 hub=0.000 clmp=0
[mer-probe long] dd_err_rms=0.4928 dd_mer=20.13
[fpll t=339.66s] nco_freq_hz=-2690065.0 mean|x|=0.02995 rms_x=0.03766 max|x|=0.3625 in_rms=105.4 out_rms=4.8
[eq-long t=339.27s] fs=12792 fs_err_rms=0.5367 |taps|=1.380 mu=5e-05 frz=0 hub=0.000 clmp=0
[fpll t=339.92s] nco_freq_hz=-2690067.3 mean|x|=0.03011 rms_x=0.03787 max|x|=0.3221 in_rms=105.0 out_rms=4.8
[eq-long t=339.50s] fs=12800 fs_err_rms=0.5485 |taps|=1.380 mu=5e-05 frz=0 hub=0.000 clmp=0
[mer-probe long] dd_err_rms=0.4935 dd_mer=20.11
[eq-long t=339.71s] fs=12808 fs_err_rms=0.5382 |taps|=1.381 mu=5e-05 frz=0 hub=0.000 clmp=0
[fpll t=340.18s] nco_freq_hz=-2690073.0 mean|x|=0.03019 rms_x=0.03796 max|x|=0.2947 in_rms=104.8 out_rms=4.8
[eq-long t=339.95s] fs=12816 fs_err_rms=0.5569 |taps|=1.380 mu=5e-05 frz=0 hub=0.000 clmp=0
[fpll t=340.45s] nco_freq_hz=-2690070.8 mean|x|=0.03003 rms_x=0.03778 max|x|=0.2372 in_rms=104.7 out_rms=4.8
[mer-probe long] dd_err_rms=0.4943 dd_mer=20.10
[eq-long t=340.18s] fs=12824 fs_err_rms=0.5612 |taps|=1.379 mu=5e-05 frz=0 hub=0.000 clmp=0
[fpll t=340.69s] nco_freq_hz=-2690069.5 mean|x|=0.03004 rms_x=0.03777 max|x|=0.2363 in_rms=104.8 out_rms=4.8
[eq-long t=340.39s] fs=12832 fs_err_rms=0.5438 |taps|=1.380 mu=5e-05 frz=0 hub=0.000 clmp=0
[fpll t=340.95s] nco_freq_hz=-2690068.2 mean|x|=0.02985 rms_x=0.03754 max|x|=0.2538 in_rms=104.7 out_rms=4.8
[eq-long t=340.61s] fs=12840 fs_err_rms=0.5571 |taps|=1.383 mu=5e-05 frz=0 hub=0.000 clmp=0
[mer-probe long] dd_err_rms=0.4937 dd_mer=20.11
[fpll t=341.22s] nco_freq_hz=-2690069.2 mean|x|=0.02995 rms_x=0.03764 max|x|=0.2565 in_rms=104.6 out_rms=4.8
[eq-long t=340.85s] fs=12848 fs_err_rms=0.5458 |taps|=1.380 mu=5e-05 frz=0 hub=0.000 clmp=0
[fpll t=341.47s] nco_freq_hz=-2690068.2 mean|x|=0.03010 rms_x=0.03785 max|x|=0.3062 in_rms=104.8 out_rms=4.8
[eq-long t=341.08s] fs=12856 fs_err_rms=0.5619 |taps|=1.383 mu=5e-05 frz=0 hub=0.000 clmp=0
[mer-probe long] dd_err_rms=0.4945 dd_mer=20.10
[fpll t=341.71s] nco_freq_hz=-2690066.4 mean|x|=0.03015 rms_x=0.03789 max|x|=0.2477 in_rms=105.0 out_rms=4.8
[eq-long t=341.30s] fs=12864 fs_err_rms=0.5525 |taps|=1.383 mu=5e-05 frz=0 hub=0.000 clmp=0
[eq-long t=341.46s] fs=12872 fs_err_rms=0.5459 |taps|=1.381 mu=5e-05 frz=0 hub=0.000 clmp=0
[fpll t=341.92s] nco_freq_hz=-2690070.6 mean|x|=0.03017 rms_x=0.03795 max|x|=0.3268 in_rms=105.1 out_rms=4.8
[eq-long t=341.63s] fs=12880 fs_err_rms=0.5595 |taps|=1.381 mu=5e-05 frz=0 hub=0.000 clmp=0
[mer-probe long] dd_err_rms=0.4950 dd_mer=20.09
[fpll t=342.12s] nco_freq_hz=-2690072.8 mean|x|=0.03034 rms_x=0.03815 max|x|=0.3014 in_rms=105.0 out_rms=4.8
[eq-long t=341.80s] fs=12888 fs_err_rms=0.5456 |taps|=1.384 mu=5e-05 frz=0 hub=0.000 clmp=0
[fpll t=342.32s] nco_freq_hz=-2690069.2 mean|x|=0.03009 rms_x=0.03784 max|x|=0.2201 in_rms=105.3 out_rms=4.8
[eq-long t=341.98s] fs=12896 fs_err_rms=0.5429 |taps|=1.380 mu=5e-05 frz=0 hub=0.000 clmp=0
[fpll t=342.52s] nco_freq_hz=-2690066.1 mean|x|=0.03008 rms_x=0.03783 max|x|=0.3225 in_rms=105.3 out_rms=4.8
[mer-probe long] dd_err_rms=0.4940 dd_mer=20.11
[eq-long t=342.20s] fs=12904 fs_err_rms=0.5617 |taps|=1.383 mu=5e-05 frz=0 hub=0.000 clmp=0
[fpll t=342.77s] nco_freq_hz=-2690070.1 mean|x|=0.03016 rms_x=0.03791 max|x|=0.2494 in_rms=105.1 out_rms=4.8
[eq-long t=342.38s] fs=12912 fs_err_rms=0.5549 |taps|=1.383 mu=5e-05 frz=0 hub=0.000 clmp=0
[fpll t=343.03s] nco_freq_hz=-2690070.8 mean|x|=0.03014 rms_x=0.03789 max|x|=0.2487 in_rms=105.1 out_rms=4.8
[mer-probe long] dd_err_rms=0.4941 dd_mer=20.10
[eq-long t=342.62s] fs=12920 fs_err_rms=0.5529 |taps|=1.379 mu=5e-05 frz=0 hub=0.000 clmp=0
[fpll t=343.28s] nco_freq_hz=-2690071.7 mean|x|=0.03008 rms_x=0.03783 max|x|=0.2612 in_rms=105.1 out_rms=4.8
[eq-long t=342.85s] fs=12928 fs_err_rms=0.5471 |taps|=1.381 mu=5e-05 frz=0 hub=0.000 clmp=0
[eq-long t=343.07s] fs=12936 fs_err_rms=0.5675 |taps|=1.384 mu=5e-05 frz=0 hub=0.000 clmp=0
[fpll t=343.54s] nco_freq_hz=-2690069.5 mean|x|=0.03021 rms_x=0.03797 max|x|=0.2342 in_rms=105.0 out_rms=4.8
[mer-probe long] dd_err_rms=0.4934 dd_mer=20.12
[eq-long t=343.29s] fs=12944 fs_err_rms=0.5632 |taps|=1.380 mu=5e-05 frz=0 hub=0.000 clmp=0
[fpll t=343.81s] nco_freq_hz=-2690067.4 mean|x|=0.03017 rms_x=0.03796 max|x|=0.2302 in_rms=104.9 out_rms=4.8
[eq-long t=343.50s] fs=12952 fs_err_rms=0.5464 |taps|=1.383 mu=5e-05 frz=0 hub=0.000 clmp=0
[fpll t=344.03s] nco_freq_hz=-2690067.9 mean|x|=0.03003 rms_x=0.03775 max|x|=0.2606 in_rms=105.0 out_rms=4.8
[mer-probe long] dd_err_rms=0.4945 dd_mer=20.10
[eq-long t=343.73s] fs=12960 fs_err_rms=0.5499 |taps|=1.381 mu=5e-05 frz=0 hub=0.000 clmp=0
[fpll t=344.28s] nco_freq_hz=-2690068.4 mean|x|=0.03016 rms_x=0.03790 max|x|=0.2256 in_rms=105.4 out_rms=4.8
[eq-long t=343.94s] fs=12968 fs_err_rms=0.5463 |taps|=1.382 mu=5e-05 frz=0 hub=0.000 clmp=0
[fpll t=344.52s] nco_freq_hz=-2690068.3 mean|x|=0.03017 rms_x=0.03797 max|x|=0.2350 in_rms=105.8 out_rms=4.8
[eq-long t=344.15s] fs=12976 fs_err_rms=0.5398 |taps|=1.381 mu=5e-05 frz=0 hub=0.000 clmp=0
[mer-probe long] dd_err_rms=0.4927 dd_mer=20.13
[fpll t=344.76s] nco_freq_hz=-2690071.1 mean|x|=0.02986 rms_x=0.03754 max|x|=0.2915 in_rms=105.5 out_rms=4.8
[eq-long t=344.38s] fs=12984 fs_err_rms=0.5435 |taps|=1.384 mu=5e-05 frz=0 hub=0.000 clmp=0
[fpll t=345.02s] nco_freq_hz=-2690067.3 mean|x|=0.03021 rms_x=0.03801 max|x|=0.2416 in_rms=105.4 out_rms=4.8
[eq-long t=344.59s] fs=12992 fs_err_rms=0.5566 |taps|=1.385 mu=5e-05 frz=0 hub=0.000 clmp=0
[mer-probe long] dd_err_rms=0.4935 dd_mer=20.11
[eq-long t=344.82s] fs=13000 fs_err_rms=0.5516 |taps|=1.382 mu=5e-05 frz=0 hub=0.000 clmp=0
[fpll t=345.30s] nco_freq_hz=-2690069.6 mean|x|=0.03022 rms_x=0.03801 max|x|=0.2483 in_rms=106.0 out_rms=4.8
[eq-long t=345.05s] fs=13008 fs_err_rms=0.5595 |taps|=1.381 mu=5e-05 frz=0 hub=0.000 clmp=0
[fpll t=345.53s] nco_freq_hz=-2690068.9 mean|x|=0.03018 rms_x=0.03794 max|x|=0.2679 in_rms=105.8 out_rms=4.8
[eq-long t=345.25s] fs=13016 fs_err_rms=0.5520 |taps|=1.381 mu=5e-05 frz=0 hub=0.000 clmp=0
[mer-probe long] dd_err_rms=0.4925 dd_mer=20.13
[fpll t=345.79s] nco_freq_hz=-2690071.8 mean|x|=0.03000 rms_x=0.03771 max|x|=0.2500 in_rms=105.4 out_rms=4.8
[eq-long t=345.49s] fs=13024 fs_err_rms=0.5422 |taps|=1.387 mu=5e-05 frz=0 hub=0.000 clmp=0
[fpll t=346.03s] nco_freq_hz=-2690074.4 mean|x|=0.03014 rms_x=0.03790 max|x|=0.2825 in_rms=105.6 out_rms=4.8
[eq-long t=345.69s] fs=13032 fs_err_rms=0.5555 |taps|=1.384 mu=5e-05 frz=0 hub=0.000 clmp=0
[mer-probe long] dd_err_rms=0.4932 dd_mer=20.12
[fpll t=346.29s] nco_freq_hz=-2690069.3 mean|x|=0.03008 rms_x=0.03784 max|x|=0.2698 in_rms=105.7 out_rms=4.8
[eq-long t=345.91s] fs=13040 fs_err_rms=0.5428 |taps|=1.382 mu=5e-05 frz=0 hub=0.000 clmp=0
OsO[fpll t=346.54s] nco_freq_hz=-2690070.8 mean|x|=0.03020 rms_x=0.03793 max|x|=0.2901 in_rms=105.9 out_rms=4.8
[eq-long t=346.15s] fs=13048 fs_err_rms=0.5449 |taps|=1.383 mu=5e-05 frz=0 hub=0.000 clmp=0
[mer-probe long] dd_err_rms=0.4931 dd_mer=20.12
[fpll t=346.79s] nco_freq_hz=-2690070.1 mean|x|=0.03035 rms_x=0.03818 max|x|=0.2740 in_rms=105.9 out_rms=4.8
[eq-long t=346.36s] fs=13056 fs_err_rms=0.5393 |taps|=1.387 mu=5e-05 frz=0 hub=0.000 clmp=0
[eq-long t=346.59s] fs=13064 fs_err_rms=0.5315 |taps|=1.384 mu=5e-05 frz=0 hub=0.000 clmp=0
[fpll t=347.06s] nco_freq_hz=-2690070.4 mean|x|=0.03100 rms_x=0.04522 max|x|=1.3312 in_rms=106.4 out_rms=4.8
[eq-long t=346.81s] fs=13072 fs_err_rms=0.5123 |taps|=1.383 mu=5e-05 frz=0 hub=0.000 clmp=0
[fpll t=347.31s] nco_freq_hz=-2690072.5 mean|x|=0.02994 rms_x=0.03760 max|x|=0.2367 in_rms=106.6 out_rms=4.8
[mer-probe long] dd_err_rms=0.4968 dd_mer=20.06
[eq-long t=347.05s] fs=13080 fs_err_rms=0.5369 |taps|=1.383 mu=5e-05 frz=0 hub=0.000 clmp=0
[fpll t=347.56s] nco_freq_hz=-2690069.8 mean|x|=0.03008 rms_x=0.03782 max|x|=0.2680 in_rms=106.6 out_rms=4.8
[eq-long t=347.27s] fs=13088 fs_err_rms=0.5338 |taps|=1.384 mu=5e-05 frz=0 hub=0.000 clmp=0
[fpll t=347.81s] nco_freq_hz=-2690068.5 mean|x|=0.02994 rms_x=0.03762 max|x|=0.2577 in_rms=106.8 out_rms=4.8
[mer-probe long] dd_err_rms=0.4923 dd_mer=20.13
[eq-long t=347.49s] fs=13096 fs_err_rms=0.5210 |taps|=1.385 mu=5e-05 frz=0 hub=0.000 clmp=0
[fpll t=348.06s] nco_freq_hz=-2690068.9 mean|x|=0.02974 rms_x=0.03739 max|x|=0.2612 in_rms=107.1 out_rms=4.8
[eq-long t=347.71s] fs=13104 fs_err_rms=0.5326 |taps|=1.385 mu=5e-05 frz=0 hub=0.000 clmp=0
[fpll t=348.32s] nco_freq_hz=-2690073.1 mean|x|=0.03006 rms_x=0.03778 max|x|=0.3086 in_rms=107.0 out_rms=4.8
[eq-long t=347.91s] fs=13112 fs_err_rms=0.5308 |taps|=1.385 mu=5e-05 frz=0 hub=0.000 clmp=0
[mer-probe long] dd_err_rms=0.4939 dd_mer=20.11
[fpll t=348.51s] nco_freq_hz=-2690071.8 mean|x|=0.02976 rms_x=0.03742 max|x|=0.2219 in_rms=106.9 out_rms=4.8
[eq-long t=348.10s] fs=13120 fs_err_rms=0.5269 |taps|=1.384 mu=5e-05 frz=0 hub=0.000 clmp=0
[eq-long t=348.26s] fs=13128 fs_err_rms=0.5206 |taps|=1.386 mu=5e-05 frz=0 hub=0.000 clmp=0
[fpll t=348.70s] nco_freq_hz=-2690070.3 mean|x|=0.02989 rms_x=0.03756 max|x|=0.2801 in_rms=107.0 out_rms=4.8
[mer-probe long] dd_err_rms=0.4935 dd_mer=20.11
[eq-long t=348.42s] fs=13136 fs_err_rms=0.5299 |taps|=1.383 mu=5e-05 frz=0 hub=0.000 clmp=0
[fpll t=348.91s] nco_freq_hz=-2690069.8 mean|x|=0.02991 rms_x=0.03758 max|x|=0.2367 in_rms=107.2 out_rms=4.8
[eq-long t=348.60s] fs=13144 fs_err_rms=0.5328 |taps|=1.380 mu=5e-05 frz=0 hub=0.000 clmp=0
[fpll t=349.10s] nco_freq_hz=-2690068.6 mean|x|=0.02984 rms_x=0.03751 max|x|=0.2796 in_rms=107.0 out_rms=4.8
[mer-probe long] dd_err_rms=0.4910 dd_mer=20.16
[eq-long t=348.81s] fs=13152 fs_err_rms=0.5246 |taps|=1.383 mu=5e-05 frz=0 hub=0.000 clmp=0
[fpll t=349.35s] nco_freq_hz=-2690071.5 mean|x|=0.02984 rms_x=0.03749 max|x|=0.2568 in_rms=107.1 out_rms=4.8
[eq-long t=349.02s] fs=13160 fs_err_rms=0.5336 |taps|=1.381 mu=5e-05 frz=0 hub=0.000 clmp=0
[fpll t=349.62s] nco_freq_hz=-2690072.4 mean|x|=0.02996 rms_x=0.03768 max|x|=0.2748 in_rms=107.4 out_rms=4.8
[eq-long t=349.25s] fs=13168 fs_err_rms=0.5420 |taps|=1.382 mu=5e-05 frz=0 hub=0.000 clmp=0
[mer-probe long] dd_err_rms=0.4921 dd_mer=20.14
[fpll t=349.82s] nco_freq_hz=-2690067.4 mean|x|=0.03001 rms_x=0.03778 max|x|=0.3918 in_rms=107.8 out_rms=4.8
[eq-long t=349.41s] fs=13176 fs_err_rms=0.5283 |taps|=1.380 mu=5e-05 frz=0 hub=0.000 clmp=0
[eq-long t=349.57s] fs=13184 fs_err_rms=0.5260 |taps|=1.384 mu=5e-05 frz=0 hub=0.000 clmp=0
[fpll t=350.02s] nco_freq_hz=-2690070.2 mean|x|=0.02999 rms_x=0.03770 max|x|=0.2492 in_rms=108.0 out_rms=4.8
[mer-probe long] dd_err_rms=0.4924 dd_mer=20.13
[eq-long t=349.76s] fs=13192 fs_err_rms=0.5271 |taps|=1.381 mu=5e-05 frz=0 hub=0.000 clmp=0
[fpll t=350.21s] nco_freq_hz=-2690070.5 mean|x|=0.02995 rms_x=0.03768 max|x|=0.2916 in_rms=107.8 out_rms=4.8
[eq-long t=349.95s] fs=13200 fs_err_rms=0.5192 |taps|=1.385 mu=5e-05 frz=0 hub=0.000 clmp=0
[fpll t=350.41s] nco_freq_hz=-2690068.0 mean|x|=0.03019 rms_x=0.03798 max|x|=0.2476 in_rms=107.6 out_rms=4.8
[eq-long t=350.13s] fs=13208 fs_err_rms=0.5450 |taps|=1.384 mu=5e-05 frz=0 hub=0.000 clmp=0
[mer-probe long] dd_err_rms=0.4923 dd_mer=20.13
[fpll t=350.62s] nco_freq_hz=-2690073.1 mean|x|=0.02994 rms_x=0.03765 max|x|=0.2344 in_rms=107.6 out_rms=4.8
[eq-long t=350.29s] fs=13216 fs_err_rms=0.5380 |taps|=1.383 mu=5e-05 frz=0 hub=0.000 clmp=0
[fpll t=350.81s] nco_freq_hz=-2690068.0 mean|x|=0.03007 rms_x=0.03780 max|x|=0.2725 in_rms=107.2 out_rms=4.8
[eq-long t=350.46s] fs=13224 fs_err_rms=0.5318 |taps|=1.384 mu=5e-05 frz=0 hub=0.000 clmp=0
[fpll t=351.01s] nco_freq_hz=-2690068.7 mean|x|=0.03005 rms_x=0.03779 max|x|=0.2482 in_rms=107.1 out_rms=4.8
[mer-probe long] dd_err_rms=0.4913 dd_mer=20.15
[eq-long t=350.64s] fs=13232 fs_err_rms=0.5214 |taps|=1.381 mu=5e-05 frz=0 hub=0.000 clmp=0
[fpll t=351.20s] nco_freq_hz=-2690070.6 mean|x|=0.03005 rms_x=0.03781 max|x|=0.2522 in_rms=107.2 out_rms=4.8
[eq-long t=350.80s] fs=13240 fs_err_rms=0.5395 |taps|=1.382 mu=5e-05 frz=0 hub=0.000 clmp=0
[fpll t=351.42s] nco_freq_hz=-2690067.8 mean|x|=0.03012 rms_x=0.03789 max|x|=0.2408 in_rms=107.1 out_rms=4.8
[eq-long t=350.99s] fs=13248 fs_err_rms=0.5378 |taps|=1.385 mu=5e-05 frz=0 hub=0.000 clmp=0
[mer-probe long] dd_err_rms=0.4923 dd_mer=20.14
[eq-long t=351.26s] fs=13256 fs_err_rms=0.5299 |taps|=1.382 mu=5e-05 frz=0 hub=0.000 clmp=0
[fpll t=351.71s] nco_freq_hz=-2690070.7 mean|x|=0.03012 rms_x=0.03788 max|x|=0.2414 in_rms=107.2 out_rms=4.8
[eq-long t=351.49s] fs=13264 fs_err_rms=0.5543 |taps|=1.382 mu=5e-05 frz=0 hub=0.000 clmp=0
[fpll t=351.99s] nco_freq_hz=-2690072.0 mean|x|=0.03014 rms_x=0.03791 max|x|=0.2993 in_rms=107.0 out_rms=4.8
[mer-probe long] dd_err_rms=0.4925 dd_mer=20.13
[eq-long t=351.75s] fs=13272 fs_err_rms=0.5252 |taps|=1.384 mu=5e-05 frz=0 hub=0.000 clmp=0
[fpll t=352.26s] nco_freq_hz=-2690068.7 mean|x|=0.03032 rms_x=0.03816 max|x|=0.2648 in_rms=107.1 out_rms=4.8
[eq-long t=351.99s] fs=13280 fs_err_rms=0.5418 |taps|=1.382 mu=5e-05 frz=0 hub=0.000 clmp=0
[fpll t=352.54s] nco_freq_hz=-2690065.1 mean|x|=0.03021 rms_x=0.03795 max|x|=0.2475 in_rms=107.0 out_rms=4.8
[mer-probe long] dd_err_rms=0.4923 dd_mer=20.14
[eq-long t=352.22s] fs=13288 fs_err_rms=0.5414 |taps|=1.382 mu=5e-05 frz=0 hub=0.000 clmp=0
[fpll t=352.82s] nco_freq_hz=-2690062.8 mean|x|=0.03010 rms_x=0.03787 max|x|=0.2432 in_rms=106.5 out_rms=4.8
[eq-long t=352.47s] fs=13296 fs_err_rms=0.5388 |taps|=1.383 mu=5e-05 frz=0 hub=0.000 clmp=0
[fpll t=353.10s] nco_freq_hz=-2690070.3 mean|x|=0.03024 rms_x=0.03801 max|x|=0.2610 in_rms=106.1 out_rms=4.8
[eq-long t=352.71s] fs=13304 fs_err_rms=0.5280 |taps|=1.383 mu=5e-05 frz=0 hub=0.000 clmp=0
[mer-probe long] dd_err_rms=0.4934 dd_mer=20.11
[fpll t=353.33s] nco_freq_hz=-2690066.2 mean|x|=0.03025 rms_x=0.03805 max|x|=0.2867 in_rms=106.1 out_rms=4.8
[eq-long t=352.93s] fs=13312 fs_err_rms=0.5332 |taps|=1.383 mu=5e-05 frz=0 hub=0.000 clmp=0
[fpll t=353.55s] nco_freq_hz=-2690070.5 mean|x|=0.03019 rms_x=0.03795 max|x|=0.2650 in_rms=106.0 out_rms=4.8
[eq-long t=353.16s] fs=13320 fs_err_rms=0.5289 |taps|=1.385 mu=5e-05 frz=0 hub=0.000 clmp=0
[mer-probe long] dd_err_rms=0.4922 dd_mer=20.14
[fpll t=353.80s] nco_freq_hz=-2690068.5 mean|x|=0.03001 rms_x=0.03773 max|x|=0.3020 in_rms=106.0 out_rms=4.8
[eq-long t=353.36s] fs=13328 fs_err_rms=0.5208 |taps|=1.381 mu=5e-05 frz=0 hub=0.000 clmp=0
[eq-long t=353.56s] fs=13336 fs_err_rms=0.5306 |taps|=1.379 mu=5e-05 frz=0 hub=0.000 clmp=0
[fpll t=354.06s] nco_freq_hz=-2690068.6 mean|x|=0.03017 rms_x=0.03791 max|x|=0.3057 in_rms=106.1 out_rms=4.8
[eq-long t=353.76s] fs=13344 fs_err_rms=0.5392 |taps|=1.380 mu=5e-05 frz=0 hub=0.000 clmp=0
[mer-probe long] dd_err_rms=0.4921 dd_mer=20.14
[fpll t=354.33s] nco_freq_hz=-2690073.7 mean|x|=0.03022 rms_x=0.03803 max|x|=0.2955 in_rms=106.6 out_rms=4.8
[eq-long t=354.00s] fs=13352 fs_err_rms=0.5372 |taps|=1.381 mu=5e-05 frz=0 hub=0.000 clmp=0
[fpll t=354.56s] nco_freq_hz=-2690071.4 mean|x|=0.03016 rms_x=0.03794 max|x|=0.2379 in_rms=106.8 out_rms=4.8
[eq-long t=354.22s] fs=13360 fs_err_rms=0.5295 |taps|=1.382 mu=5e-05 frz=0 hub=0.000 clmp=0
[mer-probe long] dd_err_rms=0.4925 dd_mer=20.13
[fpll t=354.80s] nco_freq_hz=-2690069.4 mean|x|=0.03018 rms_x=0.03795 max|x|=0.2952 in_rms=106.6 out_rms=4.8
[eq-long t=354.45s] fs=13368 fs_err_rms=0.5438 |taps|=1.381 mu=5e-05 frz=0 hub=0.000 clmp=0
[fpll t=355.07s] nco_freq_hz=-2690072.8 mean|x|=0.03018 rms_x=0.03798 max|x|=0.2658 in_rms=107.2 out_rms=4.8
[eq-long t=354.66s] fs=13376 fs_err_rms=0.5337 |taps|=1.383 mu=5e-05 frz=0 hub=0.000 clmp=0
[mer-probe long] dd_err_rms=0.4913 dd_mer=20.15
[eq-long t=354.89s] fs=13384 fs_err_rms=0.5443 |taps|=1.385 mu=5e-05 frz=0 hub=0.000 clmp=0
[fpll t=355.34s] nco_freq_hz=-2690069.7 mean|x|=0.03024 rms_x=0.03806 max|x|=0.3148 in_rms=107.4 out_rms=4.8
[eq-long t=355.12s] fs=13392 fs_err_rms=0.5303 |taps|=1.385 mu=5e-05 frz=0 hub=0.000 clmp=0
[fpll t=355.63s] nco_freq_hz=-2690071.7 mean|x|=0.03034 rms_x=0.03814 max|x|=0.2246 in_rms=107.3 out_rms=4.8
[eq-long t=355.35s] fs=13400 fs_err_rms=0.5264 |taps|=1.381 mu=5e-05 frz=0 hub=0.000 clmp=0
[fpll t=355.85s] nco_freq_hz=-2690068.0 mean|x|=0.03020 rms_x=0.03803 max|x|=0.3077 in_rms=107.1 out_rms=4.8
[mer-probe long] dd_err_rms=0.4914 dd_mer=20.15
[eq-long t=355.60s] fs=13408 fs_err_rms=0.5339 |taps|=1.381 mu=5e-05 frz=0 hub=0.000 clmp=0
[fpll t=356.09s] nco_freq_hz=-2690070.7 mean|x|=0.03003 rms_x=0.03777 max|x|=0.2922 in_rms=107.1 out_rms=4.8
[eq-long t=355.80s] fs=13416 fs_err_rms=0.5309 |taps|=1.383 mu=5e-05 frz=0 hub=0.000 clmp=0
[fpll t=356.32s] nco_freq_hz=-2690069.2 mean|x|=0.03018 rms_x=0.03794 max|x|=0.2404 in_rms=107.8 out_rms=4.8
[mer-probe long] dd_err_rms=0.4918 dd_mer=20.14
[eq-long t=356.00s] fs=13424 fs_err_rms=0.5384 |taps|=1.384 mu=5e-05 frz=0 hub=0.000 clmp=0
[fpll t=356.54s] nco_freq_hz=-2690072.5 mean|x|=0.03010 rms_x=0.03782 max|x|=0.2460 in_rms=107.4 out_rms=4.8
[eq-long t=356.21s] fs=13432 fs_err_rms=0.5499 |taps|=1.382 mu=5e-05 frz=0 hub=0.000 clmp=0
[eq-long t=356.39s] fs=13440 fs_err_rms=0.5336 |taps|=1.382 mu=5e-05 frz=0 hub=0.000 clmp=0
[fpll t=356.83s] nco_freq_hz=-2690067.8 mean|x|=0.03012 rms_x=0.03787 max|x|=0.2767 in_rms=107.2 out_rms=4.8
[mer-probe long] dd_err_rms=0.4912 dd_mer=20.15
[eq-long t=356.63s] fs=13448 fs_err_rms=0.5252 |taps|=1.379 mu=5e-05 frz=0 hub=0.000 clmp=0
[fpll t=357.09s] nco_freq_hz=-2690070.1 mean|x|=0.03016 rms_x=0.03796 max|x|=0.2769 in_rms=107.0 out_rms=4.8
[eq-long t=356.83s] fs=13456 fs_err_rms=0.5281 |taps|=1.382 mu=5e-05 frz=0 hub=0.000 clmp=0
[fpll t=357.33s] nco_freq_hz=-2690072.3 mean|x|=0.03007 rms_x=0.03783 max|x|=0.3144 in_rms=106.7 out_rms=4.8
[mer-probe long] dd_err_rms=0.4918 dd_mer=20.14
[eq-long t=357.07s] fs=13464 fs_err_rms=0.5239 |taps|=1.382 mu=5e-05 frz=0 hub=0.000 clmp=0
[fpll t=357.57s] nco_freq_hz=-2690068.5 mean|x|=0.03003 rms_x=0.03778 max|x|=0.2400 in_rms=106.3 out_rms=4.8
[eq-long t=357.28s] fs=13472 fs_err_rms=0.5464 |taps|=1.384 mu=5e-05 frz=0 hub=0.000 clmp=0
[fpll t=357.84s] nco_freq_hz=-2690068.6 mean|x|=0.03011 rms_x=0.03788 max|x|=0.2910 in_rms=106.1 out_rms=4.8
[mer-probe long] dd_err_rms=0.4924 dd_mer=20.13
[eq-long t=357.49s] fs=13480 fs_err_rms=0.5334 |taps|=1.386 mu=5e-05 frz=0 hub=0.000 clmp=0
[fpll t=358.08s] nco_freq_hz=-2690071.6 mean|x|=0.03011 rms_x=0.03784 max|x|=0.2609 in_rms=106.3 out_rms=4.8
[eq-long t=357.72s] fs=13488 fs_err_rms=0.5177 |taps|=1.383 mu=5e-05 frz=0 hub=0.000 clmp=0
[fpll t=358.31s] nco_freq_hz=-2690072.1 mean|x|=0.03002 rms_x=0.03776 max|x|=0.3234 in_rms=106.4 out_rms=4.8
[eq-long t=357.94s] fs=13496 fs_err_rms=0.5332 |taps|=1.382 mu=5e-05 frz=0 hub=0.000 clmp=0
[mer-probe long] dd_err_rms=0.4930 dd_mer=20.12
[fpll t=358.59s] nco_freq_hz=-2690069.1 mean|x|=0.02994 rms_x=0.03767 max|x|=0.2410 in_rms=106.2 out_rms=4.8
[eq-long t=358.16s] fs=13504 fs_err_rms=0.5326 |taps|=1.384 mu=5e-05 frz=0 hub=0.000 clmp=0
[fpll t=358.84s] nco_freq_hz=-2690070.9 mean|x|=0.03002 rms_x=0.03776 max|x|=0.2306 in_rms=106.2 out_rms=4.8
[eq-long t=358.40s] fs=13512 fs_err_rms=0.5460 |taps|=1.381 mu=5e-05 frz=0 hub=0.000 clmp=0
OsO[mer-probe long] dd_err_rms=0.4923 dd_mer=20.13
[eq-long t=358.60s] fs=13520 fs_err_rms=0.5332 |taps|=1.381 mu=5e-05 frz=0 hub=0.000 clmp=0
[fpll t=359.08s] nco_freq_hz=-2690070.6 mean|x|=0.02990 rms_x=0.03761 max|x|=0.2892 in_rms=106.2 out_rms=4.8
[eq-long t=358.81s] fs=13528 fs_err_rms=0.5273 |taps|=1.380 mu=5e-05 frz=0 hub=0.000 clmp=0
[fpll t=359.33s] nco_freq_hz=-2690066.2 mean|x|=0.03044 rms_x=0.04043 max|x|=0.8251 in_rms=106.1 out_rms=4.8
[eq-long t=359.06s] fs=13536 fs_err_rms=0.5494 |taps|=1.373 mu=5e-05 frz=0 hub=0.000 clmp=0
[mer-probe long] dd_err_rms=0.4979 dd_mer=20.04
[fpll t=359.58s] nco_freq_hz=-2690068.0 mean|x|=0.02992 rms_x=0.03762 max|x|=0.2489 in_rms=106.2 out_rms=4.8
[eq-long t=359.28s] fs=13544 fs_err_rms=0.5507 |taps|=1.373 mu=5e-05 frz=0 hub=0.000 clmp=0
[fpll t=359.83s] nco_freq_hz=-2690071.9 mean|x|=0.02991 rms_x=0.03757 max|x|=0.2364 in_rms=106.3 out_rms=4.8
[eq-long t=359.49s] fs=13552 fs_err_rms=0.5462 |taps|=1.376 mu=5e-05 frz=0 hub=0.000 clmp=0
[mer-probe long] dd_err_rms=0.4917 dd_mer=20.15
[fpll t=360.08s] nco_freq_hz=-2690069.5 mean|x|=0.03003 rms_x=0.03776 max|x|=0.2618 in_rms=106.1 out_rms=4.8
[eq-long t=359.70s] fs=13560 fs_err_rms=0.5504 |taps|=1.372 mu=5e-05 frz=0 hub=0.000 clmp=0
[fpll t=360.34s] nco_freq_hz=-2690068.0 mean|x|=0.02986 rms_x=0.03755 max|x|=0.2459 in_rms=105.3 out_rms=4.8
[eq-long t=359.93s] fs=13568 fs_err_rms=0.5451 |taps|=1.375 mu=5e-05 frz=0 hub=0.000 clmp=0
[fpll t=360.54s] nco_freq_hz=-2690066.3 mean|x|=0.02975 rms_x=0.03740 max|x|=0.2533 in_rms=105.6 out_rms=4.8
[eq-long t=360.10s] fs=13576 fs_err_rms=0.5489 |taps|=1.378 mu=5e-05 frz=0 hub=0.000 clmp=0
[mer-probe long] dd_err_rms=0.4921 dd_mer=20.14
[eq-long t=360.28s] fs=13584 fs_err_rms=0.5583 |taps|=1.378 mu=5e-05 frz=0 hub=0.000 clmp=0
[fpll t=360.74s] nco_freq_hz=-2690071.7 mean|x|=0.03009 rms_x=0.03783 max|x|=0.2385 in_rms=105.7 out_rms=4.8
[eq-long t=360.44s] fs=13592 fs_err_rms=0.5492 |taps|=1.376 mu=5e-05 frz=0 hub=0.000 clmp=0
[fpll t=360.93s] nco_freq_hz=-2690070.5 mean|x|=0.02982 rms_x=0.03750 max|x|=0.2563 in_rms=105.8 out_rms=4.8
[mer-probe long] dd_err_rms=0.4925 dd_mer=20.13
[eq-long t=360.61s] fs=13600 fs_err_rms=0.5383 |taps|=1.377 mu=5e-05 frz=0 hub=0.000 clmp=0
[fpll t=361.12s] nco_freq_hz=-2690068.0 mean|x|=0.02990 rms_x=0.03759 max|x|=0.2876 in_rms=105.7 out_rms=4.8
[eq-long t=360.79s] fs=13608 fs_err_rms=0.5438 |taps|=1.377 mu=5e-05 frz=0 hub=0.000 clmp=0
[fpll t=361.32s] nco_freq_hz=-2690066.8 mean|x|=0.03009 rms_x=0.03784 max|x|=0.2588 in_rms=105.8 out_rms=4.8
[mer-probe long] dd_err_rms=0.4936 dd_mer=20.11
[eq-long t=360.96s] fs=13616 fs_err_rms=0.5458 |taps|=1.374 mu=5e-05 frz=0 hub=0.000 clmp=0
[fpll t=361.52s] nco_freq_hz=-2690068.1 mean|x|=0.03005 rms_x=0.03779 max|x|=0.2355 in_rms=105.8 out_rms=4.8
[eq-long t=361.15s] fs=13624 fs_err_rms=0.5368 |taps|=1.375 mu=5e-05 frz=0 hub=0.000 clmp=0
[fpll t=361.80s] nco_freq_hz=-2690067.7 mean|x|=0.02997 rms_x=0.03768 max|x|=0.2794 in_rms=105.9 out_rms=4.8
[eq-long t=361.40s] fs=13632 fs_err_rms=0.5883 |taps|=1.374 mu=5e-05 frz=0 hub=0.000 clmp=0
[mer-probe long] dd_err_rms=0.4930 dd_mer=20.12
[eq-long t=361.61s] fs=13640 fs_err_rms=0.5465 |taps|=1.378 mu=5e-05 frz=0 hub=0.000 clmp=0
[fpll t=362.05s] nco_freq_hz=-2690070.7 mean|x|=0.02996 rms_x=0.03764 max|x|=0.2390 in_rms=105.9 out_rms=4.8
[eq-long t=361.77s] fs=13648 fs_err_rms=0.5476 |taps|=1.371 mu=5e-05 frz=0 hub=0.000 clmp=0
[fpll t=362.24s] nco_freq_hz=-2690072.2 mean|x|=0.03017 rms_x=0.03792 max|x|=0.2335 in_rms=105.7 out_rms=4.8
[mer-probe long] dd_err_rms=0.4922 dd_mer=20.14
[eq-long t=361.95s] fs=13656 fs_err_rms=0.5587 |taps|=1.376 mu=5e-05 frz=0 hub=0.000 clmp=0
[fpll t=362.44s] nco_freq_hz=-2690070.4 mean|x|=0.03024 rms_x=0.03803 max|x|=0.2264 in_rms=105.8 out_rms=4.8
[eq-long t=362.12s] fs=13664 fs_err_rms=0.5385 |taps|=1.380 mu=5e-05 frz=0 hub=0.000 clmp=0
[fpll t=362.64s] nco_freq_hz=-2690068.7 mean|x|=0.03021 rms_x=0.03802 max|x|=0.2709 in_rms=106.0 out_rms=4.8
[eq-long t=362.29s] fs=13672 fs_err_rms=0.5534 |taps|=1.379 mu=5e-05 frz=0 hub=0.000 clmp=0
[mer-probe long] dd_err_rms=0.4937 dd_mer=20.11
[fpll t=362.84s] nco_freq_hz=-2690070.1 mean|x|=0.03014 rms_x=0.03792 max|x|=0.2846 in_rms=105.8 out_rms=4.8
[eq-long t=362.48s] fs=13680 fs_err_rms=0.5605 |taps|=1.378 mu=5e-05 frz=0 hub=0.000 clmp=0
[fpll t=363.09s] nco_freq_hz=-2690071.8 mean|x|=0.03001 rms_x=0.03770 max|x|=0.2301 in_rms=106.1 out_rms=4.8
[eq-long t=362.71s] fs=13688 fs_err_rms=0.5663 |taps|=1.381 mu=5e-05 frz=0 hub=0.000 clmp=0
[mer-probe long] dd_err_rms=0.4923 dd_mer=20.13
[fpll t=363.36s] nco_freq_hz=-2690073.6 mean|x|=0.03022 rms_x=0.03800 max|x|=0.2448 in_rms=106.1 out_rms=4.8
[eq-long t=362.96s] fs=13696 fs_err_rms=0.5484 |taps|=1.379 mu=5e-05 frz=0 hub=0.000 clmp=0
[fpll t=363.63s] nco_freq_hz=-2690072.0 mean|x|=0.03015 rms_x=0.03791 max|x|=0.2832 in_rms=105.9 out_rms=4.8
[eq-long t=363.22s] fs=13704 fs_err_rms=0.5321 |taps|=1.382 mu=5e-05 frz=0 hub=0.000 clmp=0
[fpll t=363.89s] nco_freq_hz=-2690068.8 mean|x|=0.02995 rms_x=0.03765 max|x|=0.2362 in_rms=106.0 out_rms=4.8
[mer-probe long] dd_err_rms=0.4936 dd_mer=20.11
[eq-long t=363.45s] fs=13712 fs_err_rms=0.5272 |taps|=1.379 mu=5e-05 frz=0 hub=0.000 clmp=0
[eq-long t=363.67s] fs=13720 fs_err_rms=0.5313 |taps|=1.382 mu=5e-05 frz=0 hub=0.000 clmp=0
[fpll t=364.15s] nco_freq_hz=-2690069.8 mean|x|=0.03021 rms_x=0.03797 max|x|=0.2582 in_rms=106.0 out_rms=4.8
[eq-long t=363.90s] fs=13728 fs_err_rms=0.5181 |taps|=1.382 mu=5e-05 frz=0 hub=0.000 clmp=0
[fpll t=364.41s] nco_freq_hz=-2690068.7 mean|x|=0.03011 rms_x=0.03784 max|x|=0.2554 in_rms=106.0 out_rms=4.8
[mer-probe long] dd_err_rms=0.4928 dd_mer=20.13
[eq-long t=364.13s] fs=13736 fs_err_rms=0.5324 |taps|=1.383 mu=5e-05 frz=0 hub=0.000 clmp=0
[fpll t=364.66s] nco_freq_hz=-2690071.0 mean|x|=0.02997 rms_x=0.03767 max|x|=0.2716 in_rms=105.7 out_rms=4.8
[eq-long t=364.36s] fs=13744 fs_err_rms=0.5398 |taps|=1.382 mu=5e-05 frz=0 hub=0.000 clmp=0
[fpll t=364.92s] nco_freq_hz=-2690066.0 mean|x|=0.03001 rms_x=0.03777 max|x|=0.2923 in_rms=105.2 out_rms=4.8
[mer-probe long] dd_err_rms=0.4931 dd_mer=20.12
[eq-long t=364.58s] fs=13752 fs_err_rms=0.5446 |taps|=1.382 mu=5e-05 frz=0 hub=0.000 clmp=0
[fpll t=365.15s] nco_freq_hz=-2690074.4 mean|x|=0.03018 rms_x=0.03796 max|x|=0.2758 in_rms=105.4 out_rms=4.8
[eq-long t=364.79s] fs=13760 fs_err_rms=0.5150 |taps|=1.377 mu=5e-05 frz=0 hub=0.000 clmp=0
[fpll t=365.42s] nco_freq_hz=-2690065.6 mean|x|=0.03024 rms_x=0.03801 max|x|=0.2368 in_rms=105.6 out_rms=4.8
[eq-long t=365.02s] fs=13768 fs_err_rms=0.5442 |taps|=1.381 mu=5e-05 frz=0 hub=0.000 clmp=0
[mer-probe long] dd_err_rms=0.4931 dd_mer=20.12
[fpll t=365.68s] nco_freq_hz=-2690067.3 mean|x|=0.02984 rms_x=0.03754 max|x|=0.2982 in_rms=105.3 out_rms=4.8
[eq-long t=365.24s] fs=13776 fs_err_rms=0.5528 |taps|=1.380 mu=5e-05 frz=0 hub=0.000 clmp=0
[eq-long t=365.45s] fs=13784 fs_err_rms=0.5377 |taps|=1.384 mu=5e-05 frz=0 hub=0.000 clmp=0
[fpll t=365.93s] nco_freq_hz=-2690067.2 mean|x|=0.03021 rms_x=0.03800 max|x|=0.2785 in_rms=105.5 out_rms=4.8
[mer-probe long] dd_err_rms=0.4925 dd_mer=20.13
[eq-long t=365.68s] fs=13792 fs_err_rms=0.5342 |taps|=1.383 mu=5e-05 frz=0 hub=0.000 clmp=0
[fpll t=366.18s] nco_freq_hz=-2690069.9 mean|x|=0.02995 rms_x=0.03763 max|x|=0.2377 in_rms=105.5 out_rms=4.8
[eq-long t=365.91s] fs=13800 fs_err_rms=0.5272 |taps|=1.380 mu=5e-05 frz=0 hub=0.000 clmp=0
[fpll t=366.40s] nco_freq_hz=-2690069.8 mean|x|=0.03006 rms_x=0.03779 max|x|=0.2729 in_rms=105.4 out_rms=4.8
[eq-long t=366.11s] fs=13808 fs_err_rms=0.5393 |taps|=1.382 mu=5e-05 frz=0 hub=0.000 clmp=0
[mer-probe long] dd_err_rms=0.4926 dd_mer=20.13
[fpll t=366.68s] nco_freq_hz=-2690068.5 mean|x|=0.03023 rms_x=0.03804 max|x|=0.2459 in_rms=105.3 out_rms=4.8
[eq-long t=366.33s] fs=13816 fs_err_rms=0.5333 |taps|=1.382 mu=5e-05 frz=0 hub=0.000 clmp=0
[fpll t=366.92s] nco_freq_hz=-2690072.5 mean|x|=0.03011 rms_x=0.03784 max|x|=0.2249 in_rms=105.2 out_rms=4.8
[eq-long t=366.54s] fs=13824 fs_err_rms=0.5271 |taps|=1.379 mu=5e-05 frz=0 hub=0.000 clmp=0
[mer-probe long] dd_err_rms=0.4926 dd_mer=20.13
[fpll t=367.16s] nco_freq_hz=-2690070.7 mean|x|=0.03033 rms_x=0.03818 max|x|=0.2728 in_rms=105.1 out_rms=4.8
[eq-long t=366.76s] fs=13832 fs_err_rms=0.5372 |taps|=1.383 mu=5e-05 frz=0 hub=0.000 clmp=0
[eq-long t=366.97s] fs=13840 fs_err_rms=0.5225 |taps|=1.382 mu=5e-05 frz=0 hub=0.000 clmp=0
[fpll t=367.42s] nco_freq_hz=-2690066.6 mean|x|=0.03023 rms_x=0.03799 max|x|=0.2368 in_rms=105.3 out_rms=4.8
[mer-probe long] dd_err_rms=0.4924 dd_mer=20.13
[eq-long t=367.22s] fs=13848 fs_err_rms=0.5285 |taps|=1.382 mu=5e-05 frz=0 hub=0.000 clmp=0
[fpll t=367.69s] nco_freq_hz=-2690069.7 mean|x|=0.03007 rms_x=0.03780 max|x|=0.2465 in_rms=105.3 out_rms=4.8
[eq-long t=367.43s] fs=13856 fs_err_rms=0.5362 |taps|=1.382 mu=5e-05 frz=0 hub=0.000 clmp=0
[fpll t=367.95s] nco_freq_hz=-2690073.8 mean|x|=0.03013 rms_x=0.03786 max|x|=0.2606 in_rms=105.2 out_rms=4.8
[eq-long t=367.67s] fs=13864 fs_err_rms=0.5364 |taps|=1.380 mu=5e-05 frz=0 hub=0.000 clmp=0
[mer-probe long] dd_err_rms=0.4907 dd_mer=20.16
[fpll t=368.20s] nco_freq_hz=-2690070.2 mean|x|=0.03022 rms_x=0.03804 max|x|=0.2752 in_rms=105.4 out_rms=4.8
[eq-long t=367.87s] fs=13872 fs_err_rms=0.5234 |taps|=1.382 mu=5e-05 frz=0 hub=0.000 clmp=0
[fpll t=368.46s] nco_freq_hz=-2690068.0 mean|x|=0.03029 rms_x=0.03807 max|x|=0.2357 in_rms=105.4 out_rms=4.8
[eq-long t=368.10s] fs=13880 fs_err_rms=0.5294 |taps|=1.383 mu=5e-05 frz=0 hub=0.000 clmp=0
[mer-probe long] dd_err_rms=0.4921 dd_mer=20.14
[fpll t=368.72s] nco_freq_hz=-2690067.8 mean|x|=0.03037 rms_x=0.03819 max|x|=0.2723 in_rms=105.6 out_rms=4.8
[eq-long t=368.32s] fs=13888 fs_err_rms=0.5403 |taps|=1.385 mu=5e-05 frz=0 hub=0.000 clmp=0
[fpll t=368.96s] nco_freq_hz=-2690070.6 mean|x|=0.03044 rms_x=0.03827 max|x|=0.2850 in_rms=105.4 out_rms=4.8
[eq-long t=368.55s] fs=13896 fs_err_rms=0.5367 |taps|=1.385 mu=5e-05 frz=0 hub=0.000 clmp=0
[eq-long t=368.77s] fs=13904 fs_err_rms=0.5327 |taps|=1.382 mu=5e-05 frz=0 hub=0.000 clmp=0
[fpll t=369.23s] nco_freq_hz=-2690071.0 mean|x|=0.03028 rms_x=0.03809 max|x|=0.3090 in_rms=105.4 out_rms=4.8
[mer-probe long] dd_err_rms=0.4915 dd_mer=20.15
[eq-long t=369.02s] fs=13912 fs_err_rms=0.5495 |taps|=1.381 mu=5e-05 frz=0 hub=0.000 clmp=0
[fpll t=369.47s] nco_freq_hz=-2690066.9 mean|x|=0.03031 rms_x=0.03812 max|x|=0.3570 in_rms=105.6 out_rms=4.8
[eq-long t=369.23s] fs=13920 fs_err_rms=0.5387 |taps|=1.385 mu=5e-05 frz=0 hub=0.000 clmp=0
[fpll t=369.73s] nco_freq_hz=-2690071.6 mean|x|=0.03048 rms_x=0.03832 max|x|=0.2872 in_rms=106.0 out_rms=4.8
[mer-probe long] dd_err_rms=0.4922 dd_mer=20.14
[eq-long t=369.48s] fs=13928 fs_err_rms=0.5403 |taps|=1.387 mu=5e-05 frz=0 hub=0.000 clmp=0
[fpll t=369.99s] nco_freq_hz=-2690072.2 mean|x|=0.03031 rms_x=0.03814 max|x|=0.3029 in_rms=106.0 out_rms=4.8
[eq-long t=369.68s] fs=13936 fs_err_rms=0.5467 |taps|=1.383 mu=5e-05 frz=0 hub=0.000 clmp=0
[fpll t=370.22s] nco_freq_hz=-2690069.9 mean|x|=0.03041 rms_x=0.03824 max|x|=0.2468 in_rms=106.3 out_rms=4.8
[mer-probe long] dd_err_rms=0.4918 dd_mer=20.14
[eq-long t=369.89s] fs=13944 fs_err_rms=0.5422 |taps|=1.382 mu=5e-05 frz=0 hub=0.000 clmp=0
[fpll t=370.45s] nco_freq_hz=-2690071.6 mean|x|=0.03045 rms_x=0.03832 max|x|=0.2732 in_rms=106.4 out_rms=4.8
[eq-long t=370.11s] fs=13952 fs_err_rms=0.5519 |taps|=1.382 mu=5e-05 frz=0 hub=0.000 clmp=0
[fpll t=370.72s] nco_freq_hz=-2690070.5 mean|x|=0.03051 rms_x=0.03835 max|x|=0.2790 in_rms=106.2 out_rms=4.8
OsO[eq-long t=370.33s] fs=13960 fs_err_rms=0.5499 |taps|=1.379 mu=5e-05 frz=0 hub=0.000 clmp=0
[mer-probe long] dd_err_rms=0.4912 dd_mer=20.15
[fpll t=370.98s] nco_freq_hz=-2690072.8 mean|x|=0.03042 rms_x=0.03826 max|x|=0.2629 in_rms=106.2 out_rms=4.8
[eq-long t=370.55s] fs=13968 fs_err_rms=0.5561 |taps|=1.380 mu=5e-05 frz=0 hub=0.000 clmp=0
[fpll t=371.22s] nco_freq_hz=-2690069.4 mean|x|=0.03144 rms_x=0.04791 max|x|=1.5706 in_rms=105.6 out_rms=4.8
[eq-long t=370.78s] fs=13976 fs_err_rms=0.5254 |taps|=1.379 mu=5e-05 frz=0 hub=0.000 clmp=0
[mer-probe long] dd_err_rms=0.4929 dd_mer=20.12
[eq-long t=371.03s] fs=13984 fs_err_rms=0.5246 |taps|=1.379 mu=5e-05 frz=0 hub=0.000 clmp=0
[fpll t=371.47s] nco_freq_hz=-2690068.1 mean|x|=0.03062 rms_x=0.03850 max|x|=0.2961 in_rms=105.2 out_rms=4.8
[eq-long t=371.24s] fs=13992 fs_err_rms=0.5446 |taps|=1.380 mu=5e-05 frz=0 hub=0.000 clmp=0
[fpll t=371.73s] nco_freq_hz=-2690071.8 mean|x|=0.03047 rms_x=0.03834 max|x|=0.2740 in_rms=105.1 out_rms=4.8
[eq-long t=371.46s] fs=14000 fs_err_rms=0.5304 |taps|=1.381 mu=5e-05 frz=0 hub=0.000 clmp=0
[mer-probe long] dd_err_rms=0.4921 dd_mer=20.14
[fpll t=371.99s] nco_freq_hz=-2690067.2 mean|x|=0.03068 rms_x=0.03860 max|x|=0.2600 in_rms=105.1 out_rms=4.8
[eq-long t=371.67s] fs=14008 fs_err_rms=0.5213 |taps|=1.381 mu=5e-05 frz=0 hub=0.000 clmp=0
[fpll t=372.24s] nco_freq_hz=-2690066.7 mean|x|=0.03058 rms_x=0.03846 max|x|=0.3513 in_rms=105.3 out_rms=4.8
[eq-long t=371.87s] fs=14016 fs_err_rms=0.5308 |taps|=1.383 mu=5e-05 frz=0 hub=0.000 clmp=0
[mer-probe long] dd_err_rms=0.4929 dd_mer=20.12
[fpll t=372.44s] nco_freq_hz=-2690069.1 mean|x|=0.03050 rms_x=0.03834 max|x|=0.2331 in_rms=105.1 out_rms=4.8
[eq-long t=372.05s] fs=14024 fs_err_rms=0.5331 |taps|=1.378 mu=5e-05 frz=0 hub=0.000 clmp=0
[fpll t=372.68s] nco_freq_hz=-2690073.0 mean|x|=0.03052 rms_x=0.03838 max|x|=0.2485 in_rms=105.3 out_rms=4.8
[eq-long t=372.29s] fs=14032 fs_err_rms=0.5286 |taps|=1.383 mu=5e-05 frz=0 hub=0.000 clmp=0
[eq-long t=372.49s] fs=14040 fs_err_rms=0.5252 |taps|=1.377 mu=5e-05 frz=0 hub=0.000 clmp=0
[mer-probe long] dd_err_rms=0.4938 dd_mer=20.11
[fpll t=372.95s] nco_freq_hz=-2690070.1 mean|x|=0.03029 rms_x=0.03810 max|x|=0.3104 in_rms=105.6 out_rms=4.8
[eq-long t=372.68s] fs=14048 fs_err_rms=0.5326 |taps|=1.380 mu=5e-05 frz=0 hub=0.000 clmp=0
[fpll t=373.14s] nco_freq_hz=-2690072.3 mean|x|=0.03016 rms_x=0.03790 max|x|=0.3773 in_rms=105.7 out_rms=4.8
[eq-long t=372.85s] fs=14056 fs_err_rms=0.5374 |taps|=1.381 mu=5e-05 frz=0 hub=0.000 clmp=0
[fpll t=373.33s] nco_freq_hz=-2690071.9 mean|x|=0.03038 rms_x=0.03821 max|x|=0.2575 in_rms=105.3 out_rms=4.8
[mer-probe long] dd_err_rms=0.4921 dd_mer=20.14
[eq-long t=373.01s] fs=14064 fs_err_rms=0.5265 |taps|=1.380 mu=5e-05 frz=0 hub=0.000 clmp=0
[fpll t=373.55s] nco_freq_hz=-2690071.5 mean|x|=0.03041 rms_x=0.03826 max|x|=0.2351 in_rms=104.8 out_rms=4.8
[eq-long t=373.22s] fs=14072 fs_err_rms=0.5331 |taps|=1.378 mu=5e-05 frz=0 hub=0.000 clmp=0
[fpll t=373.77s] nco_freq_hz=-2690068.8 mean|x|=0.03038 rms_x=0.03818 max|x|=0.2456 in_rms=104.6 out_rms=4.8
[mer-probe long] dd_err_rms=0.4937 dd_mer=20.11
[eq-long t=373.39s] fs=14080 fs_err_rms=0.5209 |taps|=1.383 mu=5e-05 frz=0 hub=0.000 clmp=0
[fpll t=373.97s] nco_freq_hz=-2690068.6 mean|x|=0.03037 rms_x=0.03820 max|x|=0.2646 in_rms=104.6 out_rms=4.8
[eq-long t=373.57s] fs=14088 fs_err_rms=0.5302 |taps|=1.380 mu=5e-05 frz=0 hub=0.000 clmp=0
[fpll t=374.17s] nco_freq_hz=-2690068.7 mean|x|=0.03048 rms_x=0.03837 max|x|=0.2734 in_rms=104.5 out_rms=4.8
[eq-long t=373.75s] fs=14096 fs_err_rms=0.5377 |taps|=1.378 mu=5e-05 frz=0 hub=0.000 clmp=0
[mer-probe long] dd_err_rms=0.4931 dd_mer=20.12
[eq-long t=373.95s] fs=14104 fs_err_rms=0.5291 |taps|=1.382 mu=5e-05 frz=0 hub=0.000 clmp=0
[fpll t=374.40s] nco_freq_hz=-2690070.5 mean|x|=0.03028 rms_x=0.03809 max|x|=0.3123 in_rms=104.5 out_rms=4.8
[eq-long t=374.20s] fs=14112 fs_err_rms=0.5333 |taps|=1.384 mu=5e-05 frz=0 hub=0.000 clmp=0
[fpll t=374.66s] nco_freq_hz=-2690069.2 mean|x|=0.03047 rms_x=0.03834 max|x|=0.2421 in_rms=104.7 out_rms=4.8
[mer-probe long] dd_err_rms=0.4935 dd_mer=20.11
[eq-long t=374.45s] fs=14120 fs_err_rms=0.5376 |taps|=1.383 mu=5e-05 frz=0 hub=0.000 clmp=0
[fpll t=374.93s] nco_freq_hz=-2690070.1 mean|x|=0.03035 rms_x=0.03816 max|x|=0.2792 in_rms=104.5 out_rms=4.8
[eq-long t=374.65s] fs=14128 fs_err_rms=0.5223 |taps|=1.380 mu=5e-05 frz=0 hub=0.000 clmp=0
[fpll t=375.21s] nco_freq_hz=-2690071.0 mean|x|=0.03036 rms_x=0.03817 max|x|=0.2574 in_rms=104.4 out_rms=4.8
[eq-long t=374.91s] fs=14136 fs_err_rms=0.5204 |taps|=1.382 mu=5e-05 frz=0 hub=0.000 clmp=0
[mer-probe long] dd_err_rms=0.4935 dd_mer=20.11
[fpll t=375.47s] nco_freq_hz=-2690071.0 mean|x|=0.03029 rms_x=0.03811 max|x|=0.2469 in_rms=104.4 out_rms=4.8
[eq-long t=375.15s] fs=14144 fs_err_rms=0.5436 |taps|=1.383 mu=5e-05 frz=0 hub=0.000 clmp=0
[fpll t=375.73s] nco_freq_hz=-2690068.1 mean|x|=0.03062 rms_x=0.03855 max|x|=0.2659 in_rms=104.4 out_rms=4.8
[eq-long t=375.35s] fs=14152 fs_err_rms=0.5393 |taps|=1.379 mu=5e-05 frz=0 hub=0.000 clmp=0
[mer-probe long] dd_err_rms=0.4931 dd_mer=20.12
[fpll t=375.96s] nco_freq_hz=-2690070.6 mean|x|=0.03035 rms_x=0.03816 max|x|=0.2256 in_rms=104.4 out_rms=4.8
[eq-long t=375.54s] fs=14160 fs_err_rms=0.5219 |taps|=1.382 mu=5e-05 frz=0 hub=0.000 clmp=0
[eq-long t=375.70s] fs=14168 fs_err_rms=0.5425 |taps|=1.385 mu=5e-05 frz=0 hub=0.000 clmp=0
[fpll t=376.16s] nco_freq_hz=-2690069.0 mean|x|=0.03020 rms_x=0.03801 max|x|=0.3651 in_rms=104.3 out_rms=4.8
[mer-probe long] dd_err_rms=0.4933 dd_mer=20.12
[eq-long t=375.87s] fs=14176 fs_err_rms=0.5336 |taps|=1.385 mu=5e-05 frz=0 hub=0.000 clmp=0
[fpll t=376.34s] nco_freq_hz=-2690071.5 mean|x|=0.03023 rms_x=0.03801 max|x|=0.2375 in_rms=104.3 out_rms=4.8
[eq-long t=376.05s] fs=14184 fs_err_rms=0.5561 |taps|=1.376 mu=5e-05 frz=0 hub=0.000 clmp=0
[fpll t=376.56s] nco_freq_hz=-2690067.5 mean|x|=0.03033 rms_x=0.03816 max|x|=0.2433 in_rms=104.4 out_rms=4.8
[eq-long t=376.29s] fs=14192 fs_err_rms=0.5552 |taps|=1.378 mu=5e-05 frz=0 hub=0.000 clmp=0
[mer-probe long] dd_err_rms=0.4919 dd_mer=20.14
[fpll t=376.84s] nco_freq_hz=-2690068.4 mean|x|=0.03022 rms_x=0.03800 max|x|=0.2669 in_rms=104.4 out_rms=4.8
[eq-long t=376.53s] fs=14200 fs_err_rms=0.5373 |taps|=1.381 mu=5e-05 frz=0 hub=0.000 clmp=0
[fpll t=377.09s] nco_freq_hz=-2690068.5 mean|x|=0.03033 rms_x=0.03814 max|x|=0.2170 in_rms=104.3 out_rms=4.8
[eq-long t=376.74s] fs=14208 fs_err_rms=0.5280 |taps|=1.381 mu=5e-05 frz=0 hub=0.000 clmp=0
[mer-probe long] dd_err_rms=0.4921 dd_mer=20.14
[fpll t=377.36s] nco_freq_hz=-2690069.0 mean|x|=0.03012 rms_x=0.03786 max|x|=0.3205 in_rms=104.1 out_rms=4.8
[eq-long t=376.96s] fs=14216 fs_err_rms=0.5282 |taps|=1.378 mu=5e-05 frz=0 hub=0.000 clmp=0
[fpll t=377.60s] nco_freq_hz=-2690071.7 mean|x|=0.03019 rms_x=0.03796 max|x|=0.2288 in_rms=104.2 out_rms=4.8
[eq-long t=377.21s] fs=14224 fs_err_rms=0.5451 |taps|=1.382 mu=5e-05 frz=0 hub=0.000 clmp=0
[fpll t=377.84s] nco_freq_hz=-2690071.8 mean|x|=0.03040 rms_x=0.03822 max|x|=0.3448 in_rms=104.0 out_rms=4.8
[eq-long t=377.42s] fs=14232 fs_err_rms=0.5362 |taps|=1.382 mu=5e-05 frz=0 hub=0.000 clmp=0
[mer-probe long] dd_err_rms=0.4927 dd_mer=20.13
[eq-long t=377.62s] fs=14240 fs_err_rms=0.5416 |taps|=1.387 mu=5e-05 frz=0 hub=0.000 clmp=0
[fpll t=378.10s] nco_freq_hz=-2690069.0 mean|x|=0.03060 rms_x=0.03846 max|x|=0.2915 in_rms=103.7 out_rms=4.8
[eq-long t=377.85s] fs=14248 fs_err_rms=0.5338 |taps|=1.384 mu=5e-05 frz=0 hub=0.000 clmp=0
[fpll t=378.36s] nco_freq_hz=-2690069.8 mean|x|=0.03048 rms_x=0.03833 max|x|=0.2671 in_rms=104.1 out_rms=4.8
[mer-probe long] dd_err_rms=0.4934 dd_mer=20.12
[eq-long t=378.07s] fs=14256 fs_err_rms=0.5533 |taps|=1.383 mu=5e-05 frz=0 hub=0.000 clmp=0
[fpll t=378.62s] nco_freq_hz=-2690070.3 mean|x|=0.03058 rms_x=0.03849 max|x|=0.3140 in_rms=104.2 out_rms=4.8
[eq-long t=378.31s] fs=14264 fs_err_rms=0.5220 |taps|=1.384 mu=5e-05 frz=0 hub=0.000 clmp=0
[fpll t=378.90s] nco_freq_hz=-2690070.4 mean|x|=0.03041 rms_x=0.03824 max|x|=0.2808 in_rms=104.6 out_rms=4.8
[eq-long t=378.54s] fs=14272 fs_err_rms=0.5269 |taps|=1.385 mu=5e-05 frz=0 hub=0.000 clmp=0
[mer-probe long] dd_err_rms=0.4924 dd_mer=20.13
[fpll t=379.16s] nco_freq_hz=-2690066.5 mean|x|=0.03024 rms_x=0.03803 max|x|=0.3640 in_rms=104.8 out_rms=4.8
[eq-long t=378.77s] fs=14280 fs_err_rms=0.5436 |taps|=1.384 mu=5e-05 frz=0 hub=0.000 clmp=0
[fpll t=379.41s] nco_freq_hz=-2690067.7 mean|x|=0.03026 rms_x=0.03804 max|x|=0.2795 in_rms=104.7 out_rms=4.8
[eq-long t=379.00s] fs=14288 fs_err_rms=0.5283 |taps|=1.384 mu=5e-05 frz=0 hub=0.000 clmp=0
[mer-probe long] dd_err_rms=0.4933 dd_mer=20.12
[eq-long t=379.20s] fs=14296 fs_err_rms=0.5522 |taps|=1.385 mu=5e-05 frz=0 hub=0.000 clmp=0
[fpll t=379.65s] nco_freq_hz=-2690068.5 mean|x|=0.03019 rms_x=0.03797 max|x|=0.2558 in_rms=104.6 out_rms=4.8
[eq-long t=379.41s] fs=14304 fs_err_rms=0.5237 |taps|=1.381 mu=5e-05 frz=0 hub=0.000 clmp=0
[fpll t=379.90s] nco_freq_hz=-2690073.1 mean|x|=0.03029 rms_x=0.03810 max|x|=0.2824 in_rms=104.4 out_rms=4.8
[mer-probe long] dd_err_rms=0.4923 dd_mer=20.14
[eq-long t=379.65s] fs=14312 fs_err_rms=0.5317 |taps|=1.386 mu=5e-05 frz=0 hub=0.000 clmp=0
[fpll t=380.16s] nco_freq_hz=-2690067.6 mean|x|=0.03029 rms_x=0.03808 max|x|=0.3009 in_rms=104.3 out_rms=4.8
[eq-long t=379.88s] fs=14320 fs_err_rms=0.5252 |taps|=1.386 mu=5e-05 frz=0 hub=0.000 clmp=0
[fpll t=380.42s] nco_freq_hz=-2690068.3 mean|x|=0.03018 rms_x=0.03796 max|x|=0.2618 in_rms=104.2 out_rms=4.8
[eq-long t=380.10s] fs=14328 fs_err_rms=0.5291 |taps|=1.387 mu=5e-05 frz=0 hub=0.000 clmp=0
[mer-probe long] dd_err_rms=0.4927 dd_mer=20.13
[fpll t=380.68s] nco_freq_hz=-2690072.0 mean|x|=0.03029 rms_x=0.03809 max|x|=0.3410 in_rms=104.4 out_rms=4.8
[eq-long t=380.32s] fs=14336 fs_err_rms=0.5302 |taps|=1.386 mu=5e-05 frz=0 hub=0.000 clmp=0
[fpll t=380.94s] nco_freq_hz=-2690065.1 mean|x|=0.03038 rms_x=0.03819 max|x|=0.2605 in_rms=104.6 out_rms=4.8
[eq-long t=380.56s] fs=14344 fs_err_rms=0.5231 |taps|=1.384 mu=5e-05 frz=0 hub=0.000 clmp=0
[mer-probe long] dd_err_rms=0.4910 dd_mer=20.16
[fpll t=381.19s] nco_freq_hz=-2690069.9 mean|x|=0.03012 rms_x=0.03787 max|x|=0.2470 in_rms=104.8 out_rms=4.8
[eq-long t=380.78s] fs=14352 fs_err_rms=0.5221 |taps|=1.384 mu=5e-05 frz=0 hub=0.000 clmp=0
[fpll t=381.44s] nco_freq_hz=-2690071.3 mean|x|=0.03023 rms_x=0.03800 max|x|=0.3972 in_rms=104.9 out_rms=4.8
[eq-long t=381.00s] fs=14360 fs_err_rms=0.5333 |taps|=1.386 mu=5e-05 frz=0 hub=0.000 clmp=0
[fpll t=381.66s] nco_freq_hz=-2690070.6 mean|x|=0.03024 rms_x=0.03802 max|x|=0.2786 in_rms=105.1 out_rms=4.8
[eq-long t=381.22s] fs=14368 fs_err_rms=0.5340 |taps|=1.385 mu=5e-05 frz=0 hub=0.000 clmp=0
[mer-probe long] dd_err_rms=0.4903 dd_mer=20.17
OsO[eq-long t=381.42s] fs=14376 fs_err_rms=0.5282 |taps|=1.385 mu=5e-05 frz=0 hub=0.000 clmp=0
[fpll t=381.95s] nco_freq_hz=-2690062.9 mean|x|=0.03009 rms_x=0.03784 max|x|=0.2610 in_rms=105.1 out_rms=4.8
[eq-long t=381.67s] fs=14384 fs_err_rms=0.5291 |taps|=1.388 mu=5e-05 frz=0 hub=0.000 clmp=0
[fpll t=382.20s] nco_freq_hz=-2690067.5 mean|x|=0.03077 rms_x=0.04117 max|x|=0.8639 in_rms=105.1 out_rms=4.8
[mer-probe long] dd_err_rms=0.4914 dd_mer=20.15
[eq-long t=381.89s] fs=14392 fs_err_rms=0.5455 |taps|=1.383 mu=5e-05 frz=0 hub=0.000 clmp=0
[fpll t=382.46s] nco_freq_hz=-2690067.0 mean|x|=0.03025 rms_x=0.03806 max|x|=0.2976 in_rms=105.1 out_rms=4.8
[eq-long t=382.13s] fs=14400 fs_err_rms=0.5496 |taps|=1.387 mu=5e-05 frz=0 hub=0.000 clmp=0
[fpll t=382.72s] nco_freq_hz=-2690071.1 mean|x|=0.03031 rms_x=0.03811 max|x|=0.2285 in_rms=104.7 out_rms=4.8
[mer-probe long] dd_err_rms=0.4960 dd_mer=20.07
[eq-long t=382.35s] fs=14408 fs_err_rms=0.5392 |taps|=1.388 mu=5e-05 frz=0 hub=0.000 clmp=0
[fpll t=382.98s] nco_freq_hz=-2690069.4 mean|x|=0.03025 rms_x=0.03806 max|x|=0.2552 in_rms=104.4 out_rms=4.8
[eq-long t=382.57s] fs=14416 fs_err_rms=0.5486 |taps|=1.383 mu=5e-05 frz=0 hub=0.000 clmp=0
[fpll t=383.22s] nco_freq_hz=-2690067.2 mean|x|=0.03023 rms_x=0.03802 max|x|=0.2220 in_rms=104.3 out_rms=4.8
[eq-long t=382.79s] fs=14424 fs_err_rms=0.5428 |taps|=1.383 mu=5e-05 frz=0 hub=0.000 clmp=0
[mer-probe long] dd_err_rms=0.4924 dd_mer=20.13
[eq-long t=383.02s] fs=14432 fs_err_rms=0.5412 |taps|=1.386 mu=5e-05 frz=0 hub=0.000 clmp=0
[fpll t=383.48s] nco_freq_hz=-2690069.3 mean|x|=0.03046 rms_x=0.03832 max|x|=0.3023 in_rms=104.5 out_rms=4.8
[eq-long t=383.24s] fs=14440 fs_err_rms=0.5622 |taps|=1.386 mu=5e-05 frz=0 hub=0.000 clmp=0
[fpll t=383.72s] nco_freq_hz=-2690069.0 mean|x|=0.03028 rms_x=0.03807 max|x|=0.2671 in_rms=104.7 out_rms=4.8
[mer-probe long] dd_err_rms=0.4921 dd_mer=20.14
[eq-long t=383.40s] fs=14448 fs_err_rms=0.5479 |taps|=1.385 mu=5e-05 frz=0 hub=0.000 clmp=0
[fpll t=383.91s] nco_freq_hz=-2690071.5 mean|x|=0.03031 rms_x=0.03815 max|x|=0.2841 in_rms=104.9 out_rms=4.8
[eq-long t=383.58s] fs=14456 fs_err_rms=0.5377 |taps|=1.386 mu=5e-05 frz=0 hub=0.000 clmp=0
[fpll t=384.10s] nco_freq_hz=-2690070.7 mean|x|=0.03017 rms_x=0.03792 max|x|=0.2328 in_rms=105.1 out_rms=4.8
[eq-long t=383.74s] fs=14464 fs_err_rms=0.5363 |taps|=1.385 mu=5e-05 frz=0 hub=0.000 clmp=0
[mer-probe long] dd_err_rms=0.4914 dd_mer=20.15
[fpll t=384.30s] nco_freq_hz=-2690071.0 mean|x|=0.03002 rms_x=0.03776 max|x|=0.2482 in_rms=105.0 out_rms=4.8
[eq-long t=383.92s] fs=14472 fs_err_rms=0.5704 |taps|=1.385 mu=5e-05 frz=0 hub=0.000 clmp=0
[fpll t=384.50s] nco_freq_hz=-2690069.0 mean|x|=0.03004 rms_x=0.03779 max|x|=0.2384 in_rms=105.1 out_rms=4.8
[eq-long t=384.08s] fs=14480 fs_err_rms=0.5537 |taps|=1.385 mu=5e-05 frz=0 hub=0.000 clmp=0
[mer-probe long] dd_err_rms=0.4929 dd_mer=20.13
[eq-long t=384.25s] fs=14488 fs_err_rms=0.5359 |taps|=1.390 mu=5e-05 frz=0 hub=0.000 clmp=0
[fpll t=384.70s] nco_freq_hz=-2690066.9 mean|x|=0.03015 rms_x=0.03791 max|x|=0.2603 in_rms=105.2 out_rms=4.8
[eq-long t=384.43s] fs=14496 fs_err_rms=0.5360 |taps|=1.387 mu=5e-05 frz=0 hub=0.000 clmp=0
[fpll t=384.90s] nco_freq_hz=-2690066.3 mean|x|=0.03009 rms_x=0.03785 max|x|=0.2375 in_rms=105.1 out_rms=4.8
[eq-long t=384.61s] fs=14504 fs_err_rms=0.5464 |taps|=1.385 mu=5e-05 frz=0 hub=0.000 clmp=0
[mer-probe long] dd_err_rms=0.4923 dd_mer=20.13
[fpll t=385.09s] nco_freq_hz=-2690070.0 mean|x|=0.03017 rms_x=0.03793 max|x|=0.2822 in_rms=105.2 out_rms=4.8
[eq-long t=384.77s] fs=14512 fs_err_rms=0.5650 |taps|=1.386 mu=5e-05 frz=0 hub=0.000 clmp=0
[fpll t=385.30s] nco_freq_hz=-2690070.8 mean|x|=0.03010 rms_x=0.03782 max|x|=0.3137 in_rms=105.0 out_rms=4.8
[eq-long t=384.96s] fs=14520 fs_err_rms=0.5471 |taps|=1.388 mu=5e-05 frz=0 hub=0.000 clmp=0
[mer-probe long] dd_err_rms=0.4914 dd_mer=20.15
[fpll t=385.49s] nco_freq_hz=-2690074.3 mean|x|=0.02992 rms_x=0.03758 max|x|=0.2494 in_rms=105.2 out_rms=4.8
[eq-long t=385.15s] fs=14528 fs_err_rms=0.5591 |taps|=1.384 mu=5e-05 frz=0 hub=0.000 clmp=0
[fpll t=385.72s] nco_freq_hz=-2690069.1 mean|x|=0.03010 rms_x=0.03783 max|x|=0.2739 in_rms=105.2 out_rms=4.8
[eq-long t=385.37s] fs=14536 fs_err_rms=0.5460 |taps|=1.386 mu=5e-05 frz=0 hub=0.000 clmp=0
[fpll t=385.99s] nco_freq_hz=-2690072.3 mean|x|=0.03012 rms_x=0.03789 max|x|=0.2715 in_rms=104.7 out_rms=4.8
[mer-probe long] dd_err_rms=0.4914 dd_mer=20.15
[eq-long t=385.61s] fs=14544 fs_err_rms=0.5380 |taps|=1.388 mu=5e-05 frz=0 hub=0.000 clmp=0
[eq-long t=385.81s] fs=14552 fs_err_rms=0.5683 |taps|=1.387 mu=5e-05 frz=0 hub=0.000 clmp=0
[fpll t=386.26s] nco_freq_hz=-2690069.1 mean|x|=0.02998 rms_x=0.03771 max|x|=0.3488 in_rms=104.7 out_rms=4.8
[eq-long t=386.06s] fs=14560 fs_err_rms=0.5463 |taps|=1.390 mu=5e-05 frz=0 hub=0.000 clmp=0
[fpll t=386.52s] nco_freq_hz=-2690070.3 mean|x|=0.03002 rms_x=0.03774 max|x|=0.2661 in_rms=104.6 out_rms=4.8
[mer-probe long] dd_err_rms=0.4927 dd_mer=20.13
[eq-long t=386.29s] fs=14568 fs_err_rms=0.5440 |taps|=1.389 mu=5e-05 frz=0 hub=0.000 clmp=0
[fpll t=386.80s] nco_freq_hz=-2690071.0 mean|x|=0.03029 rms_x=0.03809 max|x|=0.3660 in_rms=104.7 out_rms=4.8
[eq-long t=386.53s] fs=14576 fs_err_rms=0.5608 |taps|=1.385 mu=5e-05 frz=0 hub=0.000 clmp=0
[fpll t=387.05s] nco_freq_hz=-2690068.1 mean|x|=0.03004 rms_x=0.03777 max|x|=0.2537 in_rms=104.4 out_rms=4.8
[mer-probe long] dd_err_rms=0.4921 dd_mer=20.14
[eq-long t=386.76s] fs=14584 fs_err_rms=0.5424 |taps|=1.386 mu=5e-05 frz=0 hub=0.000 clmp=0
[fpll t=387.30s] nco_freq_hz=-2690071.0 mean|x|=0.03006 rms_x=0.03779 max|x|=0.2481 in_rms=104.1 out_rms=4.8
[eq-long t=386.95s] fs=14592 fs_err_rms=0.5528 |taps|=1.388 mu=5e-05 frz=0 hub=0.000 clmp=0
[fpll t=387.54s] nco_freq_hz=-2690068.3 mean|x|=0.03003 rms_x=0.03777 max|x|=0.2463 in_rms=103.9 out_rms=4.8
OsO[eq-long t=388.42s] fs=14600 fs_err_rms=0.5385 |taps|=1.388 mu=5e-05 frz=0 hub=0.000 clmp=0
[mer-probe long] dd_err_rms=0.4926 dd_mer=20.13
[fpll t=388.97s] nco_freq_hz=-2690072.2 mean|x|=0.02991 rms_x=0.03758 max|x|=0.3984 in_rms=104.0 out_rms=4.8
[eq-long t=388.65s] fs=14608 fs_err_rms=0.5684 |taps|=1.389 mu=5e-05 frz=0 hub=0.000 clmp=0
[fpll t=389.24s] nco_freq_hz=-2690071.5 mean|x|=0.03033 rms_x=0.04596 max|x|=1.5704 in_rms=104.0 out_rms=4.8
[eq-long t=388.84s] fs=14616 fs_err_rms=0.5135 |taps|=1.388 mu=5e-05 frz=0 hub=0.000 clmp=0
[mer-probe long] dd_err_rms=0.4934 dd_mer=20.12
[fpll t=389.50s] nco_freq_hz=-2690072.4 mean|x|=0.03038 rms_x=0.03820 max|x|=0.2602 in_rms=104.1 out_rms=4.8
[eq-long t=389.08s] fs=14624 fs_err_rms=0.5321 |taps|=1.390 mu=5e-05 frz=0 hub=0.000 clmp=0
[eq-long t=389.30s] fs=14632 fs_err_rms=0.5325 |taps|=1.388 mu=5e-05 frz=0 hub=0.000 clmp=0
[fpll t=389.75s] nco_freq_hz=-2690070.3 mean|x|=0.03030 rms_x=0.03811 max|x|=0.2821 in_rms=104.0 out_rms=4.8
[mer-probe long] dd_err_rms=0.4934 dd_mer=20.12
[eq-long t=389.53s] fs=14640 fs_err_rms=0.5254 |taps|=1.393 mu=5e-05 frz=0 hub=0.000 clmp=0
[fpll t=390.00s] nco_freq_hz=-2690070.8 mean|x|=0.03030 rms_x=0.03811 max|x|=0.2518 in_rms=104.4 out_rms=4.8
[eq-long t=389.73s] fs=14648 fs_err_rms=0.5301 |taps|=1.391 mu=5e-05 frz=0 hub=0.000 clmp=0
[fpll t=390.27s] nco_freq_hz=-2690070.2 mean|x|=0.03022 rms_x=0.03796 max|x|=0.2459 in_rms=104.4 out_rms=4.8
[eq-long t=389.95s] fs=14656 fs_err_rms=0.5272 |taps|=1.392 mu=5e-05 frz=0 hub=0.000 clmp=0
[mer-probe long] dd_err_rms=0.4913 dd_mer=20.15
[fpll t=390.52s] nco_freq_hz=-2690066.5 mean|x|=0.03029 rms_x=0.03806 max|x|=0.2646 in_rms=104.3 out_rms=4.8
[eq-long t=390.17s] fs=14664 fs_err_rms=0.5432 |taps|=1.394 mu=5e-05 frz=0 hub=0.000 clmp=0
[fpll t=390.76s] nco_freq_hz=-2690069.3 mean|x|=0.03052 rms_x=0.03837 max|x|=0.2775 in_rms=104.3 out_rms=4.8
[eq-long t=390.40s] fs=14672 fs_err_rms=0.5417 |taps|=1.390 mu=5e-05 frz=0 hub=0.000 clmp=0
[fpll t=391.01s] nco_freq_hz=-2690069.6 mean|x|=0.03029 rms_x=0.03807 max|x|=0.3404 in_rms=104.3 out_rms=4.8
[mer-probe long] dd_err_rms=0.4913 dd_mer=20.15
[eq-long t=390.64s] fs=14680 fs_err_rms=0.5263 |taps|=1.395 mu=5e-05 frz=0 hub=0.000 clmp=0
[eq-long t=390.85s] fs=14688 fs_err_rms=0.5479 |taps|=1.395 mu=5e-05 frz=0 hub=0.000 clmp=0
[fpll t=391.30s] nco_freq_hz=-2690068.8 mean|x|=0.03035 rms_x=0.03815 max|x|=0.2444 in_rms=104.6 out_rms=4.8
[eq-long t=391.04s] fs=14696 fs_err_rms=0.5378 |taps|=1.391 mu=5e-05 frz=0 hub=0.000 clmp=0
[fpll t=391.50s] nco_freq_hz=-2690068.0 mean|x|=0.03017 rms_x=0.03794 max|x|=0.2711 in_rms=104.6 out_rms=4.8
[mer-probe long] dd_err_rms=0.4943 dd_mer=20.10
[eq-long t=391.20s] fs=14704 fs_err_rms=0.5266 |taps|=1.391 mu=5e-05 frz=0 hub=0.000 clmp=0
[fpll t=391.69s] nco_freq_hz=-2690071.5 mean|x|=0.03019 rms_x=0.03796 max|x|=0.2978 in_rms=104.6 out_rms=4.8
[eq-long t=391.38s] fs=14712 fs_err_rms=0.5470 |taps|=1.392 mu=5e-05 frz=0 hub=0.000 clmp=0
[fpll t=391.88s] nco_freq_hz=-2690069.3 mean|x|=0.03033 rms_x=0.03814 max|x|=0.2585 in_rms=104.7 out_rms=4.8
[mer-probe long] dd_err_rms=0.4923 dd_mer=20.14
[eq-long t=391.55s] fs=14720 fs_err_rms=0.5391 |taps|=1.391 mu=5e-05 frz=0 hub=0.000 clmp=0
[fpll t=392.10s] nco_freq_hz=-2690068.2 mean|x|=0.03017 rms_x=0.03794 max|x|=0.2656 in_rms=104.8 out_rms=4.8
[eq-long t=391.73s] fs=14728 fs_err_rms=0.5356 |taps|=1.391 mu=5e-05 frz=0 hub=0.000 clmp=0
[fpll t=392.28s] nco_freq_hz=-2690068.9 mean|x|=0.03012 rms_x=0.03786 max|x|=0.3122 in_rms=104.9 out_rms=4.8
[mer-probe long] dd_err_rms=0.4921 dd_mer=20.14
[eq-long t=391.92s] fs=14736 fs_err_rms=0.5306 |taps|=1.391 mu=5e-05 frz=0 hub=0.000 clmp=0
[fpll t=392.50s] nco_freq_hz=-2690066.2 mean|x|=0.03035 rms_x=0.03814 max|x|=0.2896 in_rms=105.0 out_rms=4.8
[eq-long t=392.10s] fs=14744 fs_err_rms=0.5344 |taps|=1.392 mu=5e-05 frz=0 hub=0.000 clmp=0
[fpll t=392.74s] nco_freq_hz=-2690072.1 mean|x|=0.03015 rms_x=0.03792 max|x|=0.2535 in_rms=104.6 out_rms=4.8
[eq-long t=392.30s] fs=14752 fs_err_rms=0.5357 |taps|=1.390 mu=5e-05 frz=0 hub=0.000 clmp=0
[mer-probe long] dd_err_rms=0.4918 dd_mer=20.14
[eq-long t=392.53s] fs=14760 fs_err_rms=0.5363 |taps|=1.392 mu=5e-05 frz=0 hub=0.000 clmp=0
[fpll t=393.01s] nco_freq_hz=-2690065.9 mean|x|=0.03020 rms_x=0.03798 max|x|=0.3018 in_rms=104.6 out_rms=4.8
[eq-long t=392.77s] fs=14768 fs_err_rms=0.5402 |taps|=1.391 mu=5e-05 frz=0 hub=0.000 clmp=0
[fpll t=393.28s] nco_freq_hz=-2690070.2 mean|x|=0.03024 rms_x=0.03800 max|x|=0.3471 in_rms=104.5 out_rms=4.8
[mer-probe long] dd_err_rms=0.4912 dd_mer=20.15
[eq-long t=393.03s] fs=14776 fs_err_rms=0.5213 |taps|=1.393 mu=5e-05 frz=0 hub=0.000 clmp=0
[fpll t=393.55s] nco_freq_hz=-2690072.3 mean|x|=0.03031 rms_x=0.03809 max|x|=0.2796 in_rms=104.2 out_rms=4.8
[eq-long t=393.25s] fs=14784 fs_err_rms=0.5336 |taps|=1.394 mu=5e-05 frz=0 hub=0.000 clmp=0
[fpll t=393.79s] nco_freq_hz=-2690069.6 mean|x|=0.03039 rms_x=0.03820 max|x|=0.2653 in_rms=104.5 out_rms=4.8
[eq-long t=393.48s] fs=14792 fs_err_rms=0.5228 |taps|=1.394 mu=5e-05 frz=0 hub=0.000 clmp=0
[mer-probe long] dd_err_rms=0.4914 dd_mer=20.15
[fpll t=394.03s] nco_freq_hz=-2690069.8 mean|x|=0.03043 rms_x=0.03827 max|x|=0.2480 in_rms=104.4 out_rms=4.8
[eq-long t=393.66s] fs=14800 fs_err_rms=0.5301 |taps|=1.395 mu=5e-05 frz=0 hub=0.000 clmp=0
[fpll t=394.28s] nco_freq_hz=-2690066.6 mean|x|=0.03040 rms_x=0.03820 max|x|=0.2377 in_rms=104.3 out_rms=4.8
[eq-long t=393.90s] fs=14808 fs_err_rms=0.5309 |taps|=1.390 mu=5e-05 frz=0 hub=0.000 clmp=0
[mer-probe long] dd_err_rms=0.4917 dd_mer=20.15
[fpll t=394.54s] nco_freq_hz=-2690063.5 mean|x|=0.03020 rms_x=0.03798 max|x|=0.3117 in_rms=104.6 out_rms=4.8
[eq-long t=394.11s] fs=14816 fs_err_rms=0.5231 |taps|=1.396 mu=5e-05 frz=0 hub=0.000 clmp=0
[eq-long t=394.35s] fs=14824 fs_err_rms=0.5424 |taps|=1.395 mu=5e-05 frz=0 hub=0.000 clmp=0
[fpll t=394.80s] nco_freq_hz=-2690068.6 mean|x|=0.03000 rms_x=0.03771 max|x|=0.2280 in_rms=104.8 out_rms=4.8
[eq-long t=394.57s] fs=14832 fs_err_rms=0.5430 |taps|=1.392 mu=5e-05 frz=0 hub=0.000 clmp=0
[fpll t=395.02s] nco_freq_hz=-2690068.3 mean|x|=0.03019 rms_x=0.03792 max|x|=0.2635 in_rms=104.7 out_rms=4.8
[mer-probe long] dd_err_rms=0.4920 dd_mer=20.14
[eq-long t=394.75s] fs=14840 fs_err_rms=0.5243 |taps|=1.396 mu=5e-05 frz=0 hub=0.000 clmp=0
[fpll t=395.30s] nco_freq_hz=-2690070.0 mean|x|=0.03005 rms_x=0.03779 max|x|=0.3046 in_rms=104.4 out_rms=4.8
[eq-long t=394.99s] fs=14848 fs_err_rms=0.5224 |taps|=1.391 mu=5e-05 frz=0 hub=0.000 clmp=0
[fpll t=395.54s] nco_freq_hz=-2690072.8 mean|x|=0.02993 rms_x=0.03760 max|x|=0.2350 in_rms=104.5 out_rms=4.8
[mer-probe long] dd_err_rms=0.4908 dd_mer=20.16
[eq-long t=395.22s] fs=14856 fs_err_rms=0.5314 |taps|=1.393 mu=5e-05 frz=0 hub=0.000 clmp=0
[fpll t=395.80s] nco_freq_hz=-2690067.8 mean|x|=0.03023 rms_x=0.03802 max|x|=0.2821 in_rms=104.8 out_rms=4.8
[eq-long t=395.44s] fs=14864 fs_err_rms=0.5346 |taps|=1.394 mu=5e-05 frz=0 hub=0.000 clmp=0
[fpll t=396.05s] nco_freq_hz=-2690067.4 mean|x|=0.03007 rms_x=0.03776 max|x|=0.2939 in_rms=105.0 out_rms=4.8
[mer-probe long] dd_err_rms=0.4898 dd_mer=20.18
[eq-long t=395.65s] fs=14872 fs_err_rms=0.5285 |taps|=1.389 mu=5e-05 frz=0 hub=0.000 clmp=0
[fpll t=396.31s] nco_freq_hz=-2690069.2 mean|x|=0.02995 rms_x=0.03766 max|x|=0.2461 in_rms=104.6 out_rms=4.8
[eq-long t=395.88s] fs=14880 fs_err_rms=0.5381 |taps|=1.393 mu=5e-05 frz=0 hub=0.000 clmp=0
[eq-long t=396.11s] fs=14888 fs_err_rms=0.5253 |taps|=1.393 mu=5e-05 frz=0 hub=0.000 clmp=0
[fpll t=396.57s] nco_freq_hz=-2690071.1 mean|x|=0.02993 rms_x=0.03760 max|x|=0.2386 in_rms=105.1 out_rms=4.8
[mer-probe long] dd_err_rms=0.4907 dd_mer=20.16
[eq-long t=396.33s] fs=14896 fs_err_rms=0.5314 |taps|=1.391 mu=5e-05 frz=0 hub=0.000 clmp=0
[fpll t=396.83s] nco_freq_hz=-2690068.9 mean|x|=0.02992 rms_x=0.03762 max|x|=0.2615 in_rms=105.1 out_rms=4.8
[eq-long t=396.54s] fs=14904 fs_err_rms=0.5337 |taps|=1.391 mu=5e-05 frz=0 hub=0.000 clmp=0
[fpll t=397.08s] nco_freq_hz=-2690068.2 mean|x|=0.02980 rms_x=0.03746 max|x|=0.2320 in_rms=105.0 out_rms=4.8
[mer-probe long] dd_err_rms=0.4908 dd_mer=20.16
[eq-long t=396.78s] fs=14912 fs_err_rms=0.5312 |taps|=1.392 mu=5e-05 frz=0 hub=0.000 clmp=0
[fpll t=397.33s] nco_freq_hz=-2690068.7 mean|x|=0.02994 rms_x=0.03762 max|x|=0.3318 in_rms=105.0 out_rms=4.8
[eq-long t=397.00s] fs=14920 fs_err_rms=0.5295 |taps|=1.393 mu=5e-05 frz=0 hub=0.000 clmp=0
[fpll t=397.59s] nco_freq_hz=-2690066.4 mean|x|=0.02986 rms_x=0.03754 max|x|=0.2367 in_rms=105.0 out_rms=4.8
[eq-long t=397.21s] fs=14928 fs_err_rms=0.5465 |taps|=1.393 mu=5e-05 frz=0 hub=0.000 clmp=0
[mer-probe long] dd_err_rms=0.4902 dd_mer=20.17
[fpll t=397.86s] nco_freq_hz=-2690071.7 mean|x|=0.02984 rms_x=0.03751 max|x|=0.2728 in_rms=105.0 out_rms=4.8
[eq-long t=397.46s] fs=14936 fs_err_rms=0.5268 |taps|=1.394 mu=5e-05 frz=0 hub=0.000 clmp=0
[fpll t=398.11s] nco_freq_hz=-2690071.8 mean|x|=0.02995 rms_x=0.03765 max|x|=0.2682 in_rms=105.0 out_rms=4.8
[eq-long t=397.67s] fs=14944 fs_err_rms=0.5324 |taps|=1.392 mu=5e-05 frz=0 hub=0.000 clmp=0
[mer-probe long] dd_err_rms=0.4900 dd_mer=20.18
[eq-long t=397.91s] fs=14952 fs_err_rms=0.5259 |taps|=1.393 mu=5e-05 frz=0 hub=0.000 clmp=0
[fpll t=398.36s] nco_freq_hz=-2690071.4 mean|x|=0.02981 rms_x=0.03746 max|x|=0.2278 in_rms=104.9 out_rms=4.8
[eq-long t=398.08s] fs=14960 fs_err_rms=0.5165 |taps|=1.399 mu=5e-05 frz=0 hub=0.000 clmp=0
[fpll t=398.56s] nco_freq_hz=-2690066.0 mean|x|=0.02988 rms_x=0.03756 max|x|=0.3870 in_rms=105.5 out_rms=4.8
[mer-probe long] dd_err_rms=0.4919 dd_mer=20.14
[eq-long t=398.23s] fs=14968 fs_err_rms=0.5313 |taps|=1.393 mu=5e-05 frz=0 hub=0.000 clmp=0
[fpll t=398.75s] nco_freq_hz=-2690071.2 mean|x|=0.03005 rms_x=0.03776 max|x|=0.2478 in_rms=105.9 out_rms=4.8
[eq-long t=398.41s] fs=14976 fs_err_rms=0.5246 |taps|=1.395 mu=5e-05 frz=0 hub=0.000 clmp=0
[fpll t=398.95s] nco_freq_hz=-2690067.4 mean|x|=0.02990 rms_x=0.03758 max|x|=0.2626 in_rms=105.5 out_rms=4.8
[eq-long t=398.58s] fs=14984 fs_err_rms=0.5506 |taps|=1.395 mu=5e-05 frz=0 hub=0.000 clmp=0
[mer-probe long] dd_err_rms=0.4906 dd_mer=20.17
[fpll t=399.15s] nco_freq_hz=-2690069.5 mean|x|=0.03011 rms_x=0.03785 max|x|=0.2720 in_rms=105.1 out_rms=4.8
[eq-long t=398.75s] fs=14992 fs_err_rms=0.5343 |taps|=1.397 mu=5e-05 frz=0 hub=0.000 clmp=0
[fpll t=399.34s] nco_freq_hz=-2690068.2 mean|x|=0.03015 rms_x=0.03794 max|x|=0.2516 in_rms=104.9 out_rms=4.8
[eq-long t=398.93s] fs=15000 fs_err_rms=0.5175 |taps|=1.396 mu=5e-05 frz=0 hub=0.000 clmp=0
[mer-probe long] dd_err_rms=0.4919 dd_mer=20.14
[eq-long t=399.12s] fs=15008 fs_err_rms=0.5262 |taps|=1.394 mu=5e-05 frz=0 hub=0.000 clmp=0
[fpll t=399.56s] nco_freq_hz=-2690070.7 mean|x|=0.03017 rms_x=0.03793 max|x|=0.2363 in_rms=104.7 out_rms=4.8
[eq-long t=399.34s] fs=15016 fs_err_rms=0.5186 |taps|=1.392 mu=5e-05 frz=0 hub=0.000 clmp=0
[fpll t=399.82s] nco_freq_hz=-2690067.0 mean|x|=0.02998 rms_x=0.03768 max|x|=0.2199 in_rms=104.6 out_rms=4.8
[eq-long t=399.57s] fs=15024 fs_err_rms=0.5258 |taps|=1.393 mu=5e-05 frz=0 hub=0.000 clmp=0
[mer-probe long] dd_err_rms=0.4900 dd_mer=20.18
[fpll t=400.06s] nco_freq_hz=-2690070.8 mean|x|=0.03014 rms_x=0.03790 max|x|=0.3582 in_rms=104.4 out_rms=4.8
[eq-long t=399.77s] fs=15032 fs_err_rms=0.5275 |taps|=1.396 mu=5e-05 frz=0 hub=0.000 clmp=0
[fpll t=400.31s] nco_freq_hz=-2690068.1 mean|x|=0.02994 rms_x=0.03765 max|x|=0.2936 in_rms=104.6 out_rms=4.8
[eq-long t=400.00s] fs=15040 fs_err_rms=0.5224 |taps|=1.401 mu=5e-05 frz=0 hub=0.000 clmp=0
[fpll t=400.55s] nco_freq_hz=-2690068.0 mean|x|=0.02977 rms_x=0.03739 max|x|=0.2540 in_rms=104.6 out_rms=4.8
[mer-probe long] dd_err_rms=0.4907 dd_mer=20.16
[eq-long t=400.22s] fs=15048 fs_err_rms=0.5329 |taps|=1.394 mu=5e-05 frz=0 hub=0.000 clmp=0
[fpll t=400.81s] nco_freq_hz=-2690068.8 mean|x|=0.02985 rms_x=0.03754 max|x|=0.2581 in_rms=104.4 out_rms=4.8
[eq-long t=400.44s] fs=15056 fs_err_rms=0.5393 |taps|=1.392 mu=5e-05 frz=0 hub=0.000 clmp=0
OsO[fpll t=401.07s] nco_freq_hz=-2690070.1 mean|x|=0.03006 rms_x=0.03779 max|x|=0.2313 in_rms=104.2 out_rms=4.8
[eq-long t=400.66s] fs=15064 fs_err_rms=0.5211 |taps|=1.392 mu=5e-05 frz=0 hub=0.000 clmp=0
[mer-probe long] dd_err_rms=0.4913 dd_mer=20.15
[fpll t=401.33s] nco_freq_hz=-2690063.4 mean|x|=0.03064 rms_x=0.04120 max|x|=0.9070 in_rms=104.4 out_rms=4.8
[eq-long t=400.89s] fs=15072 fs_err_rms=0.5334 |taps|=1.396 mu=5e-05 frz=0 hub=0.000 clmp=0
[eq-long t=401.12s] fs=15080 fs_err_rms=0.5433 |taps|=1.395 mu=5e-05 frz=0 hub=0.000 clmp=0
[fpll t=401.59s] nco_freq_hz=-2690069.7 mean|x|=0.02998 rms_x=0.03767 max|x|=0.2441 in_rms=103.8 out_rms=4.8
[mer-probe long] dd_err_rms=0.4934 dd_mer=20.12
[eq-long t=401.36s] fs=15088 fs_err_rms=0.5494 |taps|=1.394 mu=5e-05 frz=0 hub=0.000 clmp=0
[fpll t=401.85s] nco_freq_hz=-2690070.8 mean|x|=0.03013 rms_x=0.03787 max|x|=0.2504 in_rms=103.8 out_rms=4.8
[eq-long t=401.57s] fs=15096 fs_err_rms=0.5453 |taps|=1.393 mu=5e-05 frz=0 hub=0.000 clmp=0
[fpll t=402.07s] nco_freq_hz=-2690070.2 mean|x|=0.03019 rms_x=0.03796 max|x|=0.2374 in_rms=103.9 out_rms=4.8
[mer-probe long] dd_err_rms=0.4915 dd_mer=20.15
[eq-long t=401.77s] fs=15104 fs_err_rms=0.5357 |taps|=1.392 mu=5e-05 frz=0 hub=0.000 clmp=0
[fpll t=402.33s] nco_freq_hz=-2690068.2 mean|x|=0.03003 rms_x=0.03777 max|x|=0.3115 in_rms=103.8 out_rms=4.8
[eq-long t=401.98s] fs=15112 fs_err_rms=0.5528 |taps|=1.391 mu=5e-05 frz=0 hub=0.000 clmp=0
[fpll t=402.58s] nco_freq_hz=-2690072.2 mean|x|=0.03022 rms_x=0.03801 max|x|=0.2446 in_rms=103.6 out_rms=4.8
[eq-long t=402.23s] fs=15120 fs_err_rms=0.5475 |taps|=1.389 mu=5e-05 frz=0 hub=0.000 clmp=0
[mer-probe long] dd_err_rms=0.4925 dd_mer=20.13
[fpll t=402.87s] nco_freq_hz=-2690068.8 mean|x|=0.03004 rms_x=0.03778 max|x|=0.2574 in_rms=103.6 out_rms=4.8
[eq-long t=402.46s] fs=15128 fs_err_rms=0.5316 |taps|=1.390 mu=5e-05 frz=0 hub=0.000 clmp=0
[eq-long t=402.68s] fs=15136 fs_err_rms=0.5491 |taps|=1.390 mu=5e-05 frz=0 hub=0.000 clmp=0
[fpll t=403.14s] nco_freq_hz=-2690067.7 mean|x|=0.02994 rms_x=0.03764 max|x|=0.2503 in_rms=103.7 out_rms=4.8
[mer-probe long] dd_err_rms=0.4921 dd_mer=20.14
[fpll t=403.37s] nco_freq_hz=-2690069.5 mean|x|=0.03008 rms_x=0.03782 max|x|=0.3004 in_rms=103.7 out_rms=4.8
[eq-long t=402.95s] fs=15144 fs_err_rms=0.5401 |taps|=1.394 mu=5e-05 frz=0 hub=0.000 clmp=0
[eq-long t=403.11s] fs=15152 fs_err_rms=0.5598 |taps|=1.390 mu=5e-05 frz=0 hub=0.000 clmp=0
[fpll t=403.59s] nco_freq_hz=-2690067.2 mean|x|=0.02984 rms_x=0.03748 max|x|=0.2407 in_rms=103.5 out_rms=4.8
[eq-long t=403.27s] fs=15160 fs_err_rms=0.5274 |taps|=1.393 mu=5e-05 frz=0 hub=0.000 clmp=0
[mer-probe long] dd_err_rms=0.4907 dd_mer=20.16
[fpll t=403.79s] nco_freq_hz=-2690069.1 mean|x|=0.02989 rms_x=0.03758 max|x|=0.3379 in_rms=103.4 out_rms=4.8
[eq-long t=403.44s] fs=15168 fs_err_rms=0.5391 |taps|=1.390 mu=5e-05 frz=0 hub=0.000 clmp=0
[fpll t=403.98s] nco_freq_hz=-2690065.6 mean|x|=0.03014 rms_x=0.03791 max|x|=0.2305 in_rms=103.5 out_rms=4.8
[eq-long t=403.63s] fs=15176 fs_err_rms=0.5718 |taps|=1.389 mu=5e-05 frz=0 hub=0.000 clmp=0
[mer-probe long] dd_err_rms=0.4919 dd_mer=20.14
[fpll t=404.21s] nco_freq_hz=-2690069.1 mean|x|=0.03003 rms_x=0.03774 max|x|=0.2308 in_rms=103.4 out_rms=4.8
[eq-long t=403.81s] fs=15184 fs_err_rms=0.5340 |taps|=1.386 mu=5e-05 frz=0 hub=0.000 clmp=0
[fpll t=404.42s] nco_freq_hz=-2690068.2 mean|x|=0.02987 rms_x=0.03754 max|x|=0.2669 in_rms=103.3 out_rms=4.8
[eq-long t=404.01s] fs=15192 fs_err_rms=0.5478 |taps|=1.388 mu=5e-05 frz=0 hub=0.000 clmp=0
[mer-probe long] dd_err_rms=0.4918 dd_mer=20.14
[eq-long t=404.17s] fs=15200 fs_err_rms=0.5458 |taps|=1.388 mu=5e-05 frz=0 hub=0.000 clmp=0
[fpll t=404.62s] nco_freq_hz=-2690069.2 mean|x|=0.03003 rms_x=0.03776 max|x|=0.2505 in_rms=103.4 out_rms=4.8
[eq-long t=404.34s] fs=15208 fs_err_rms=0.5534 |taps|=1.387 mu=5e-05 frz=0 hub=0.000 clmp=0
[fpll t=404.81s] nco_freq_hz=-2690069.4 mean|x|=0.03010 rms_x=0.03784 max|x|=0.2647 in_rms=103.7 out_rms=4.8
[eq-long t=404.54s] fs=15216 fs_err_rms=0.5277 |taps|=1.384 mu=5e-05 frz=0 hub=0.000 clmp=0
[fpll t=405.05s] nco_freq_hz=-2690064.1 mean|x|=0.02976 rms_x=0.03739 max|x|=0.2807 in_rms=104.0 out_rms=4.8
[mer-probe long] dd_err_rms=0.4915 dd_mer=20.15
[eq-long t=404.78s] fs=15224 fs_err_rms=0.5449 |taps|=1.388 mu=5e-05 frz=0 hub=0.000 clmp=0
[fpll t=405.31s] nco_freq_hz=-2690069.2 mean|x|=0.03002 rms_x=0.03774 max|x|=0.2454 in_rms=104.3 out_rms=4.8
[eq-long t=405.01s] fs=15232 fs_err_rms=0.5346 |taps|=1.385 mu=5e-05 frz=0 hub=0.000 clmp=0
[fpll t=405.59s] nco_freq_hz=-2690067.5 mean|x|=0.03008 rms_x=0.03783 max|x|=0.2645 in_rms=104.5 out_rms=4.8
[mer-probe long] dd_err_rms=0.4917 dd_mer=20.15
[eq-long t=405.26s] fs=15240 fs_err_rms=0.5396 |taps|=1.383 mu=5e-05 frz=0 hub=0.000 clmp=0
[fpll t=405.88s] nco_freq_hz=-2690068.6 mean|x|=0.03018 rms_x=0.03796 max|x|=0.2877 in_rms=104.8 out_rms=4.8
[eq-long t=405.51s] fs=15248 fs_err_rms=0.5466 |taps|=1.388 mu=5e-05 frz=0 hub=0.000 clmp=0
[fpll t=406.16s] nco_freq_hz=-2690073.7 mean|x|=0.03014 rms_x=0.03789 max|x|=0.2612 in_rms=105.0 out_rms=4.8
[eq-long t=405.77s] fs=15256 fs_err_rms=0.5397 |taps|=1.386 mu=5e-05 frz=0 hub=0.000 clmp=0
[mer-probe long] dd_err_rms=0.4910 dd_mer=20.16
[fpll t=406.42s] nco_freq_hz=-2690070.0 mean|x|=0.02986 rms_x=0.03756 max|x|=0.2627 in_rms=104.9 out_rms=4.8
[eq-long t=405.98s] fs=15264 fs_err_rms=0.5427 |taps|=1.387 mu=5e-05 frz=0 hub=0.000 clmp=0
[eq-long t=406.20s] fs=15272 fs_err_rms=0.5553 |taps|=1.384 mu=5e-05 frz=0 hub=0.000 clmp=0
[fpll t=406.69s] nco_freq_hz=-2690068.7 mean|x|=0.02990 rms_x=0.03758 max|x|=0.3028 in_rms=105.2 out_rms=4.8
[mer-probe long] dd_err_rms=0.4900 dd_mer=20.17
[eq-long t=406.44s] fs=15280 fs_err_rms=0.5296 |taps|=1.387 mu=5e-05 frz=0 hub=0.000 clmp=0
[fpll t=406.94s] nco_freq_hz=-2690070.6 mean|x|=0.03003 rms_x=0.03774 max|x|=0.2934 in_rms=105.1 out_rms=4.8
[eq-long t=406.65s] fs=15288 fs_err_rms=0.5467 |taps|=1.385 mu=5e-05 frz=0 hub=0.000 clmp=0
[fpll t=407.20s] nco_freq_hz=-2690068.0 mean|x|=0.02993 rms_x=0.03758 max|x|=0.2966 in_rms=105.0 out_rms=4.8
[mer-probe long] dd_err_rms=0.4899 dd_mer=20.18
[eq-long t=406.89s] fs=15296 fs_err_rms=0.5416 |taps|=1.385 mu=5e-05 frz=0 hub=0.000 clmp=0
[fpll t=407.48s] nco_freq_hz=-2690067.7 mean|x|=0.02993 rms_x=0.03762 max|x|=0.2493 in_rms=105.1 out_rms=4.8
[eq-long t=407.14s] fs=15304 fs_err_rms=0.5371 |taps|=1.387 mu=5e-05 frz=0 hub=0.000 clmp=0
[fpll t=407.72s] nco_freq_hz=-2690072.5 mean|x|=0.02993 rms_x=0.03760 max|x|=0.2595 in_rms=105.1 out_rms=4.8
[eq-long t=407.33s] fs=15312 fs_err_rms=0.5452 |taps|=1.386 mu=5e-05 frz=0 hub=0.000 clmp=0
[mer-probe long] dd_err_rms=0.4900 dd_mer=20.18
[fpll t=407.97s] nco_freq_hz=-2690069.6 mean|x|=0.03021 rms_x=0.03796 max|x|=0.2296 in_rms=105.1 out_rms=4.8
[eq-long t=407.56s] fs=15320 fs_err_rms=0.5370 |taps|=1.383 mu=5e-05 frz=0 hub=0.000 clmp=0
[fpll t=408.22s] nco_freq_hz=-2690069.5 mean|x|=0.03005 rms_x=0.03780 max|x|=0.3003 in_rms=104.9 out_rms=4.8
[eq-long t=407.78s] fs=15328 fs_err_rms=0.5430 |taps|=1.386 mu=5e-05 frz=0 hub=0.000 clmp=0
[mer-probe long] dd_err_rms=0.4905 dd_mer=20.17
[eq-long t=408.00s] fs=15336 fs_err_rms=0.5492 |taps|=1.385 mu=5e-05 frz=0 hub=0.000 clmp=0
[fpll t=408.49s] nco_freq_hz=-2690069.5 mean|x|=0.03011 rms_x=0.03788 max|x|=0.3375 in_rms=104.8 out_rms=4.8
[eq-long t=408.25s] fs=15344 fs_err_rms=0.5477 |taps|=1.384 mu=5e-05 frz=0 hub=0.000 clmp=0
[fpll t=408.77s] nco_freq_hz=-2690076.1 mean|x|=0.03009 rms_x=0.03787 max|x|=0.2538 in_rms=104.7 out_rms=4.8
[eq-long t=408.48s] fs=15352 fs_err_rms=0.5613 |taps|=1.385 mu=5e-05 frz=0 hub=0.000 clmp=0
[mer-probe long] dd_err_rms=0.4916 dd_mer=20.15
[fpll t=409.01s] nco_freq_hz=-2690072.4 mean|x|=0.02986 rms_x=0.03753 max|x|=0.2833 in_rms=104.5 out_rms=4.8
[eq-long t=408.70s] fs=15360 fs_err_rms=0.5399 |taps|=1.386 mu=5e-05 frz=0 hub=0.000 clmp=0
[fpll t=409.28s] nco_freq_hz=-2690069.5 mean|x|=0.02993 rms_x=0.03764 max|x|=0.2614 in_rms=104.6 out_rms=4.8
[eq-long t=408.92s] fs=15368 fs_err_rms=0.5526 |taps|=1.386 mu=5e-05 frz=0 hub=0.000 clmp=0
[mer-probe long] dd_err_rms=0.4921 dd_mer=20.14
[fpll t=409.52s] nco_freq_hz=-2690070.4 mean|x|=0.03014 rms_x=0.03791 max|x|=0.3486 in_rms=104.5 out_rms=4.8
[eq-long t=409.14s] fs=15376 fs_err_rms=0.5450 |taps|=1.386 mu=5e-05 frz=0 hub=0.000 clmp=0
[fpll t=409.81s] nco_freq_hz=-2690072.9 mean|x|=0.02996 rms_x=0.03766 max|x|=0.2605 in_rms=104.8 out_rms=4.8
[eq-long t=409.39s] fs=15384 fs_err_rms=0.5422 |taps|=1.385 mu=5e-05 frz=0 hub=0.000 clmp=0
[eq-long t=409.58s] fs=15392 fs_err_rms=0.5545 |taps|=1.387 mu=5e-05 frz=0 hub=0.000 clmp=0
[fpll t=410.02s] nco_freq_hz=-2690071.1 mean|x|=0.03000 rms_x=0.03769 max|x|=0.2233 in_rms=104.8 out_rms=4.8
[mer-probe long] dd_err_rms=0.4911 dd_mer=20.16
[eq-long t=409.74s] fs=15400 fs_err_rms=0.5512 |taps|=1.384 mu=5e-05 frz=0 hub=0.000 clmp=0
[fpll t=410.21s] nco_freq_hz=-2690071.6 mean|x|=0.03005 rms_x=0.03778 max|x|=0.2614 in_rms=104.9 out_rms=4.8
[eq-long t=409.91s] fs=15408 fs_err_rms=0.5541 |taps|=1.386 mu=5e-05 frz=0 hub=0.000 clmp=0
[fpll t=410.41s] nco_freq_hz=-2690071.5 mean|x|=0.03000 rms_x=0.03772 max|x|=0.2301 in_rms=104.6 out_rms=4.8
[mer-probe long] dd_err_rms=0.4910 dd_mer=20.16
[eq-long t=410.08s] fs=15416 fs_err_rms=0.5366 |taps|=1.389 mu=5e-05 frz=0 hub=0.000 clmp=0
[fpll t=410.60s] nco_freq_hz=-2690072.9 mean|x|=0.02969 rms_x=0.03735 max|x|=0.2597 in_rms=104.7 out_rms=4.8
[eq-long t=410.26s] fs=15424 fs_err_rms=0.5491 |taps|=1.383 mu=5e-05 frz=0 hub=0.000 clmp=0
[fpll t=410.81s] nco_freq_hz=-2690064.9 mean|x|=0.02990 rms_x=0.03760 max|x|=0.2614 in_rms=104.5 out_rms=4.8
[mer-probe long] dd_err_rms=0.4905 dd_mer=20.17
[eq-long t=410.43s] fs=15432 fs_err_rms=0.5520 |taps|=1.387 mu=5e-05 frz=0 hub=0.000 clmp=0
[fpll t=411.01s] nco_freq_hz=-2690067.2 mean|x|=0.03001 rms_x=0.03774 max|x|=0.2599 in_rms=104.4 out_rms=4.8
[eq-long t=410.61s] fs=15440 fs_err_rms=0.5448 |taps|=1.382 mu=5e-05 frz=0 hub=0.000 clmp=0
[fpll t=411.26s] nco_freq_hz=-2690067.4 mean|x|=0.02998 rms_x=0.03769 max|x|=0.2388 in_rms=104.5 out_rms=4.8
[eq-long t=410.85s] fs=15448 fs_err_rms=0.5517 |taps|=1.381 mu=5e-05 frz=0 hub=0.000 clmp=0
[mer-probe long] dd_err_rms=0.4906 dd_mer=20.17
[fpll t=411.52s] nco_freq_hz=-2690069.3 mean|x|=0.02994 rms_x=0.03763 max|x|=0.2521 in_rms=104.6 out_rms=4.8
[eq-long t=411.08s] fs=15456 fs_err_rms=0.5439 |taps|=1.380 mu=5e-05 frz=0 hub=0.000 clmp=0
[eq-long t=411.30s] fs=15464 fs_err_rms=0.5431 |taps|=1.383 mu=5e-05 frz=0 hub=0.000 clmp=0
[fpll t=411.79s] nco_freq_hz=-2690069.9 mean|x|=0.03008 rms_x=0.03787 max|x|=0.3057 in_rms=104.3 out_rms=4.8
[mer-probe long] dd_err_rms=0.4909 dd_mer=20.16
[eq-long t=411.53s] fs=15472 fs_err_rms=0.5354 |taps|=1.383 mu=5e-05 frz=0 hub=0.000 clmp=0
[fpll t=412.04s] nco_freq_hz=-2690067.7 mean|x|=0.02990 rms_x=0.03760 max|x|=0.2475 in_rms=104.7 out_rms=4.8
[eq-long t=411.76s] fs=15480 fs_err_rms=0.5517 |taps|=1.384 mu=5e-05 frz=0 hub=0.000 clmp=0
OsO[fpll t=412.28s] nco_freq_hz=-2690069.0 mean|x|=0.03021 rms_x=0.03801 max|x|=0.2606 in_rms=104.8 out_rms=4.8
[eq-long t=411.96s] fs=15488 fs_err_rms=0.5618 |taps|=1.383 mu=5e-05 frz=0 hub=0.000 clmp=0
[mer-probe long] dd_err_rms=0.4913 dd_mer=20.15
[fpll t=412.54s] nco_freq_hz=-2690068.9 mean|x|=0.03013 rms_x=0.03788 max|x|=0.2755 in_rms=104.7 out_rms=4.8
[eq-long t=412.20s] fs=15496 fs_err_rms=0.6019 |taps|=1.381 mu=5e-05 frz=0 hub=0.000 clmp=0
[fpll t=412.79s] nco_freq_hz=-2690070.4 mean|x|=0.03042 rms_x=0.03933 max|x|=0.6234 in_rms=104.7 out_rms=4.8
[eq-long t=412.42s] fs=15504 fs_err_rms=0.5172 |taps|=1.385 mu=5e-05 frz=0 hub=0.000 clmp=0
[mer-probe long] dd_err_rms=0.4964 dd_mer=20.06
[fpll t=413.05s] nco_freq_hz=-2690071.0 mean|x|=0.02992 rms_x=0.03759 max|x|=0.2456 in_rms=104.9 out_rms=4.8
[eq-long t=412.64s] fs=15512 fs_err_rms=0.5229 |taps|=1.384 mu=5e-05 frz=0 hub=0.000 clmp=0
[eq-long t=412.85s] fs=15520 fs_err_rms=0.5328 |taps|=1.383 mu=5e-05 frz=0 hub=0.000 clmp=0
[fpll t=413.31s] nco_freq_hz=-2690067.6 mean|x|=0.03028 rms_x=0.03808 max|x|=0.3140 in_rms=104.5 out_rms=4.8
[mer-probe long] dd_err_rms=0.4911 dd_mer=20.16
[eq-long t=413.09s] fs=15528 fs_err_rms=0.5392 |taps|=1.387 mu=5e-05 frz=0 hub=0.000 clmp=0
[fpll t=413.56s] nco_freq_hz=-2690068.8 mean|x|=0.02987 rms_x=0.03754 max|x|=0.3768 in_rms=104.4 out_rms=4.8
[eq-long t=413.32s] fs=15536 fs_err_rms=0.5502 |taps|=1.384 mu=5e-05 frz=0 hub=0.000 clmp=0
[fpll t=413.82s] nco_freq_hz=-2690070.3 mean|x|=0.02998 rms_x=0.03770 max|x|=0.2732 in_rms=104.4 out_rms=4.8
[eq-long t=413.55s] fs=15544 fs_err_rms=0.5384 |taps|=1.385 mu=5e-05 frz=0 hub=0.000 clmp=0
[mer-probe long] dd_err_rms=0.4909 dd_mer=20.16
[fpll t=414.09s] nco_freq_hz=-2690071.5 mean|x|=0.02999 rms_x=0.03771 max|x|=0.2405 in_rms=104.5 out_rms=4.8
[eq-long t=413.77s] fs=15552 fs_err_rms=0.5308 |taps|=1.382 mu=5e-05 frz=0 hub=0.000 clmp=0
[fpll t=414.34s] nco_freq_hz=-2690068.8 mean|x|=0.02993 rms_x=0.03762 max|x|=0.2329 in_rms=104.5 out_rms=4.8
[eq-long t=414.00s] fs=15560 fs_err_rms=0.5218 |taps|=1.387 mu=5e-05 frz=0 hub=0.000 clmp=0
[mer-probe long] dd_err_rms=0.4908 dd_mer=20.16
[fpll t=414.61s] nco_freq_hz=-2690068.4 mean|x|=0.03033 rms_x=0.03816 max|x|=0.3233 in_rms=104.4 out_rms=4.8
[eq-long t=414.23s] fs=15568 fs_err_rms=0.5237 |taps|=1.384 mu=5e-05 frz=0 hub=0.000 clmp=0
[fpll t=414.82s] nco_freq_hz=-2690069.1 mean|x|=0.03005 rms_x=0.03782 max|x|=0.2571 in_rms=104.5 out_rms=4.8
[eq-long t=414.40s] fs=15576 fs_err_rms=0.5525 |taps|=1.383 mu=5e-05 frz=0 hub=0.000 clmp=0
[fpll t=415.00s] nco_freq_hz=-2690070.3 mean|x|=0.02997 rms_x=0.03770 max|x|=0.2982 in_rms=104.7 out_rms=4.8
[eq-long t=414.56s] fs=15584 fs_err_rms=0.5295 |taps|=1.381 mu=5e-05 frz=0 hub=0.000 clmp=0
[mer-probe long] dd_err_rms=0.4915 dd_mer=20.15
[eq-long t=414.73s] fs=15592 fs_err_rms=0.5373 |taps|=1.380 mu=5e-05 frz=0 hub=0.000 clmp=0
[fpll t=415.20s] nco_freq_hz=-2690066.8 mean|x|=0.02993 rms_x=0.03765 max|x|=0.2730 in_rms=105.1 out_rms=4.8
[eq-long t=414.91s] fs=15600 fs_err_rms=0.5510 |taps|=1.383 mu=5e-05 frz=0 hub=0.000 clmp=0
[fpll t=415.40s] nco_freq_hz=-2690067.3 mean|x|=0.03011 rms_x=0.03785 max|x|=0.2163 in_rms=105.0 out_rms=4.8
[mer-probe long] dd_err_rms=0.4908 dd_mer=20.16
[eq-long t=415.08s] fs=15608 fs_err_rms=0.5260 |taps|=1.385 mu=5e-05 frz=0 hub=0.000 clmp=0
[fpll t=415.61s] nco_freq_hz=-2690069.8 mean|x|=0.03011 rms_x=0.03788 max|x|=0.2789 in_rms=105.1 out_rms=4.8
[eq-long t=415.30s] fs=15616 fs_err_rms=0.5254 |taps|=1.382 mu=5e-05 frz=0 hub=0.000 clmp=0
[fpll t=415.90s] nco_freq_hz=-2690065.8 mean|x|=0.03019 rms_x=0.03798 max|x|=0.2370 in_rms=104.7 out_rms=4.8
[mer-probe long] dd_err_rms=0.4911 dd_mer=20.16
[eq-long t=415.56s] fs=15624 fs_err_rms=0.5237 |taps|=1.379 mu=5e-05 frz=0 hub=0.000 clmp=0
[fpll t=416.16s] nco_freq_hz=-2690066.1 mean|x|=0.03016 rms_x=0.03789 max|x|=0.2517 in_rms=104.4 out_rms=4.8
[eq-long t=415.79s] fs=15632 fs_err_rms=0.5374 |taps|=1.386 mu=5e-05 frz=0 hub=0.000 clmp=0
[fpll t=416.39s] nco_freq_hz=-2690064.1 mean|x|=0.03011 rms_x=0.03786 max|x|=0.3250 in_rms=104.3 out_rms=4.8
[eq-long t=416.03s] fs=15640 fs_err_rms=0.5339 |taps|=1.382 mu=5e-05 frz=0 hub=0.000 clmp=0
[mer-probe long] dd_err_rms=0.4907 dd_mer=20.16
[eq-long t=416.22s] fs=15648 fs_err_rms=0.5353 |taps|=1.381 mu=5e-05 frz=0 hub=0.000 clmp=0
[fpll t=416.67s] nco_freq_hz=-2690064.4 mean|x|=0.03020 rms_x=0.03798 max|x|=0.3018 in_rms=104.1 out_rms=4.8
[eq-long t=416.45s] fs=15656 fs_err_rms=0.5278 |taps|=1.384 mu=5e-05 frz=0 hub=0.000 clmp=0
[fpll t=416.92s] nco_freq_hz=-2690070.9 mean|x|=0.03026 rms_x=0.03805 max|x|=0.3088 in_rms=104.3 out_rms=4.8
[mer-probe long] dd_err_rms=0.4927 dd_mer=20.13
[eq-long t=416.68s] fs=15664 fs_err_rms=0.5498 |taps|=1.381 mu=5e-05 frz=0 hub=0.000 clmp=0
[fpll t=417.16s] nco_freq_hz=-2690069.2 mean|x|=0.03020 rms_x=0.03798 max|x|=0.2519 in_rms=104.4 out_rms=4.8
[eq-long t=416.89s] fs=15672 fs_err_rms=0.5344 |taps|=1.380 mu=5e-05 frz=0 hub=0.000 clmp=0
[fpll t=417.41s] nco_freq_hz=-2690066.4 mean|x|=0.03017 rms_x=0.03795 max|x|=0.2721 in_rms=104.5 out_rms=4.8
[eq-long t=417.09s] fs=15680 fs_err_rms=0.5304 |taps|=1.380 mu=5e-05 frz=0 hub=0.000 clmp=0
[mer-probe long] dd_err_rms=0.4907 dd_mer=20.16
[fpll t=417.68s] nco_freq_hz=-2690070.3 mean|x|=0.03014 rms_x=0.03789 max|x|=0.2912 in_rms=104.7 out_rms=4.8
[eq-long t=417.33s] fs=15688 fs_err_rms=0.5175 |taps|=1.383 mu=5e-05 frz=0 hub=0.000 clmp=0
[fpll t=417.93s] nco_freq_hz=-2690071.7 mean|x|=0.03018 rms_x=0.03796 max|x|=0.2414 in_rms=104.9 out_rms=4.8
[eq-long t=417.54s] fs=15696 fs_err_rms=0.5198 |taps|=1.382 mu=5e-05 frz=0 hub=0.000 clmp=0
[mer-probe long] dd_err_rms=0.4910 dd_mer=20.16
[fpll t=418.19s] nco_freq_hz=-2690067.0 mean|x|=0.03025 rms_x=0.03803 max|x|=0.2430 in_rms=104.8 out_rms=4.8
[eq-long t=417.78s] fs=15704 fs_err_rms=0.5258 |taps|=1.383 mu=5e-05 frz=0 hub=0.000 clmp=0
[fpll t=418.43s] nco_freq_hz=-2690069.9 mean|x|=0.03023 rms_x=0.03801 max|x|=0.2513 in_rms=104.8 out_rms=4.8
[eq-long t=418.00s] fs=15712 fs_err_rms=0.5330 |taps|=1.379 mu=5e-05 frz=0 hub=0.000 clmp=0
[eq-long t=418.22s] fs=15720 fs_err_rms=0.5340 |taps|=1.380 mu=5e-05 frz=0 hub=0.000 clmp=0
[mer-probe long] dd_err_rms=0.4921 dd_mer=20.14
[fpll t=418.70s] nco_freq_hz=-2690070.4 mean|x|=0.02995 rms_x=0.03766 max|x|=0.2535 in_rms=104.5 out_rms=4.8
[eq-long t=418.45s] fs=15728 fs_err_rms=0.5491 |taps|=1.381 mu=5e-05 frz=0 hub=0.000 clmp=0
[fpll t=418.97s] nco_freq_hz=-2690071.6 mean|x|=0.03009 rms_x=0.03780 max|x|=0.2957 in_rms=104.6 out_rms=4.8
[eq-long t=418.67s] fs=15736 fs_err_rms=0.5420 |taps|=1.382 mu=5e-05 frz=0 hub=0.000 clmp=0
[mer-probe long] dd_err_rms=0.4914 dd_mer=20.15
[fpll t=419.22s] nco_freq_hz=-2690072.4 mean|x|=0.03011 rms_x=0.03784 max|x|=0.2882 in_rms=104.4 out_rms=4.8
[eq-long t=418.87s] fs=15744 fs_err_rms=0.5351 |taps|=1.384 mu=5e-05 frz=0 hub=0.000 clmp=0
[fpll t=419.47s] nco_freq_hz=-2690068.2 mean|x|=0.03008 rms_x=0.03780 max|x|=0.2344 in_rms=104.3 out_rms=4.8
[eq-long t=419.11s] fs=15752 fs_err_rms=0.5136 |taps|=1.382 mu=5e-05 frz=0 hub=0.000 clmp=0
[fpll t=419.72s] nco_freq_hz=-2690065.6 mean|x|=0.03015 rms_x=0.03792 max|x|=0.2525 in_rms=104.6 out_rms=4.8
[mer-probe long] dd_err_rms=0.4915 dd_mer=20.15
[eq-long t=419.33s] fs=15760 fs_err_rms=0.5195 |taps|=1.379 mu=5e-05 frz=0 hub=0.000 clmp=0
[fpll t=419.97s] nco_freq_hz=-2690068.7 mean|x|=0.03024 rms_x=0.03799 max|x|=0.2495 in_rms=104.5 out_rms=4.8
[eq-long t=419.56s] fs=15768 fs_err_rms=0.5353 |taps|=1.381 mu=5e-05 frz=0 hub=0.000 clmp=0
[fpll t=420.21s] nco_freq_hz=-2690067.7 mean|x|=0.03008 rms_x=0.03781 max|x|=0.2725 in_rms=104.4 out_rms=4.8
[eq-long t=419.77s] fs=15776 fs_err_rms=0.5378 |taps|=1.381 mu=5e-05 frz=0 hub=0.000 clmp=0
[mer-probe long] dd_err_rms=0.4904 dd_mer=20.17
[eq-long t=419.98s] fs=15784 fs_err_rms=0.5525 |taps|=1.379 mu=5e-05 frz=0 hub=0.000 clmp=0
[fpll t=420.47s] nco_freq_hz=-2690071.7 mean|x|=0.03019 rms_x=0.03793 max|x|=0.2835 in_rms=104.3 out_rms=4.8
[eq-long t=420.19s] fs=15792 fs_err_rms=0.5327 |taps|=1.384 mu=5e-05 frz=0 hub=0.000 clmp=0
[fpll t=420.68s] nco_freq_hz=-2690069.4 mean|x|=0.03042 rms_x=0.03825 max|x|=0.2687 in_rms=104.4 out_rms=4.8
[mer-probe long] dd_err_rms=0.4907 dd_mer=20.16
[eq-long t=420.36s] fs=15800 fs_err_rms=0.5338 |taps|=1.380 mu=5e-05 frz=0 hub=0.000 clmp=0
[fpll t=420.88s] nco_freq_hz=-2690066.1 mean|x|=0.03014 rms_x=0.03794 max|x|=0.3064 in_rms=104.5 out_rms=4.8
[eq-long t=420.52s] fs=15808 fs_err_rms=0.5496 |taps|=1.382 mu=5e-05 frz=0 hub=0.000 clmp=0
[fpll t=421.08s] nco_freq_hz=-2690066.6 mean|x|=0.03012 rms_x=0.03787 max|x|=0.2600 in_rms=104.5 out_rms=4.8
[eq-long t=420.71s] fs=15816 fs_err_rms=0.5204 |taps|=1.383 mu=5e-05 frz=0 hub=0.000 clmp=0
[mer-probe long] dd_err_rms=0.4910 dd_mer=20.16
[fpll t=421.29s] nco_freq_hz=-2690068.4 mean|x|=0.03015 rms_x=0.03788 max|x|=0.2487 in_rms=104.6 out_rms=4.8
[eq-long t=420.91s] fs=15824 fs_err_rms=0.5381 |taps|=1.381 mu=5e-05 frz=0 hub=0.000 clmp=0
[fpll t=421.56s] nco_freq_hz=-2690066.6 mean|x|=0.02996 rms_x=0.03765 max|x|=0.2599 in_rms=104.8 out_rms=4.8
[eq-long t=421.15s] fs=15832 fs_err_rms=0.5244 |taps|=1.379 mu=5e-05 frz=0 hub=0.000 clmp=0
[mer-probe long] dd_err_rms=0.4909 dd_mer=20.16
[eq-long t=421.37s] fs=15840 fs_err_rms=0.5385 |taps|=1.381 mu=5e-05 frz=0 hub=0.000 clmp=0
[fpll t=421.82s] nco_freq_hz=-2690070.0 mean|x|=0.02992 rms_x=0.03762 max|x|=0.2124 in_rms=104.8 out_rms=4.8
[eq-long t=421.59s] fs=15848 fs_err_rms=0.5287 |taps|=1.384 mu=5e-05 frz=0 hub=0.000 clmp=0
[fpll t=422.08s] nco_freq_hz=-2690068.0 mean|x|=0.03009 rms_x=0.03778 max|x|=0.2753 in_rms=104.7 out_rms=4.8
[mer-probe long] dd_err_rms=0.4897 dd_mer=20.18
[eq-long t=421.82s] fs=15856 fs_err_rms=0.5279 |taps|=1.382 mu=5e-05 frz=0 hub=0.000 clmp=0
[fpll t=422.33s] nco_freq_hz=-2690068.5 mean|x|=0.02997 rms_x=0.03767 max|x|=0.2917 in_rms=105.0 out_rms=4.8
[eq-long t=422.04s] fs=15864 fs_err_rms=0.5262 |taps|=1.380 mu=5e-05 frz=0 hub=0.000 clmp=0
[fpll t=422.56s] nco_freq_hz=-2690068.0 mean|x|=0.02994 rms_x=0.03762 max|x|=0.2452 in_rms=105.1 out_rms=4.8
[eq-long t=422.23s] fs=15872 fs_err_rms=0.5364 |taps|=1.382 mu=5e-05 frz=0 hub=0.000 clmp=0
[mer-probe long] dd_err_rms=0.4914 dd_mer=20.15
[fpll t=422.82s] nco_freq_hz=-2690071.7 mean|x|=0.03015 rms_x=0.03792 max|x|=0.2567 in_rms=104.9 out_rms=4.8
[eq-long t=422.46s] fs=15880 fs_err_rms=0.5379 |taps|=1.384 mu=5e-05 frz=0 hub=0.000 clmp=0
[fpll t=423.05s] nco_freq_hz=-2690066.6 mean|x|=0.03025 rms_x=0.03802 max|x|=0.2865 in_rms=104.7 out_rms=4.8
OsO[eq-long t=422.66s] fs=15888 fs_err_rms=0.5313 |taps|=1.383 mu=5e-05 frz=0 hub=0.000 clmp=0
[mer-probe long] dd_err_rms=0.4907 dd_mer=20.16
[fpll t=423.30s] nco_freq_hz=-2690070.7 mean|x|=0.03001 rms_x=0.03770 max|x|=0.2818 in_rms=104.7 out_rms=4.8
[eq-long t=422.88s] fs=15896 fs_err_rms=0.5339 |taps|=1.389 mu=5e-05 frz=0 hub=0.000 clmp=0
[eq-long t=423.11s] fs=15904 fs_err_rms=0.5256 |taps|=1.382 mu=5e-05 frz=0 hub=0.000 clmp=0
[fpll t=423.56s] nco_freq_hz=-2690067.4 mean|x|=0.03114 rms_x=0.04575 max|x|=1.3807 in_rms=104.6 out_rms=4.8
[eq-long t=423.34s] fs=15912 fs_err_rms=0.5342 |taps|=1.381 mu=5e-05 frz=0 hub=0.000 clmp=0
[fpll t=423.79s] nco_freq_hz=-2690066.3 mean|x|=0.03007 rms_x=0.03782 max|x|=0.2834 in_rms=104.5 out_rms=4.8
[mer-probe long] dd_err_rms=0.4927 dd_mer=20.13
[eq-long t=423.55s] fs=15920 fs_err_rms=0.5318 |taps|=1.375 mu=5e-05 frz=0 hub=0.000 clmp=0
[fpll t=424.04s] nco_freq_hz=-2690072.3 mean|x|=0.02993 rms_x=0.03765 max|x|=0.2838 in_rms=104.8 out_rms=4.8
[eq-long t=423.76s] fs=15928 fs_err_rms=0.5604 |taps|=1.378 mu=5e-05 frz=0 hub=0.000 clmp=0
[fpll t=424.28s] nco_freq_hz=-2690072.9 mean|x|=0.02995 rms_x=0.03765 max|x|=0.3616 in_rms=105.3 out_rms=4.8
[mer-probe long] dd_err_rms=0.4918 dd_mer=20.14
[eq-long t=423.98s] fs=15936 fs_err_rms=0.5291 |taps|=1.379 mu=5e-05 frz=0 hub=0.000 clmp=0
[fpll t=424.54s] nco_freq_hz=-2690070.3 mean|x|=0.03002 rms_x=0.03775 max|x|=0.2547 in_rms=105.9 out_rms=4.8
[eq-long t=424.20s] fs=15944 fs_err_rms=0.5447 |taps|=1.377 mu=5e-05 frz=0 hub=0.000 clmp=0
[fpll t=424.82s] nco_freq_hz=-2690069.5 mean|x|=0.02995 rms_x=0.03763 max|x|=0.2538 in_rms=106.1 out_rms=4.8
[eq-long t=424.45s] fs=15952 fs_err_rms=0.5539 |taps|=1.378 mu=5e-05 frz=0 hub=0.000 clmp=0
[mer-probe long] dd_err_rms=0.4895 dd_mer=20.18
[fpll t=425.06s] nco_freq_hz=-2690070.0 mean|x|=0.02996 rms_x=0.03764 max|x|=0.2482 in_rms=106.3 out_rms=4.8
[eq-long t=424.69s] fs=15960 fs_err_rms=0.5399 |taps|=1.381 mu=5e-05 frz=0 hub=0.000 clmp=0
[fpll t=425.28s] nco_freq_hz=-2690066.5 mean|x|=0.03016 rms_x=0.03791 max|x|=0.2388 in_rms=106.2 out_rms=4.8
[eq-long t=424.84s] fs=15968 fs_err_rms=0.5588 |taps|=1.384 mu=5e-05 frz=0 hub=0.000 clmp=0
[mer-probe long] dd_err_rms=0.4905 dd_mer=20.17
[eq-long t=425.02s] fs=15976 fs_err_rms=0.5513 |taps|=1.378 mu=5e-05 frz=0 hub=0.000 clmp=0
[fpll t=425.48s] nco_freq_hz=-2690064.9 mean|x|=0.03000 rms_x=0.03773 max|x|=0.2165 in_rms=106.1 out_rms=4.8
[eq-long t=425.24s] fs=15984 fs_err_rms=0.5399 |taps|=1.379 mu=5e-05 frz=0 hub=0.000 clmp=0
[fpll t=425.73s] nco_freq_hz=-2690069.2 mean|x|=0.03011 rms_x=0.03785 max|x|=0.2639 in_rms=106.0 out_rms=4.8
[mer-probe long] dd_err_rms=0.4924 dd_mer=20.13
[eq-long t=425.40s] fs=15992 fs_err_rms=0.5489 |taps|=1.381 mu=5e-05 frz=0 hub=0.000 clmp=0
[fpll t=425.92s] nco_freq_hz=-2690068.8 mean|x|=0.03025 rms_x=0.03805 max|x|=0.2378 in_rms=106.2 out_rms=4.8
[eq-long t=425.59s] fs=16000 fs_err_rms=0.5560 |taps|=1.381 mu=5e-05 frz=0 hub=0.000 clmp=0
[fpll t=426.12s] nco_freq_hz=-2690070.0 mean|x|=0.03010 rms_x=0.03785 max|x|=0.2605 in_rms=106.3 out_rms=4.8
[eq-long t=425.75s] fs=16008 fs_err_rms=0.5489 |taps|=1.379 mu=5e-05 frz=0 hub=0.000 clmp=0
[mer-probe long] dd_err_rms=0.4916 dd_mer=20.15
[fpll t=426.32s] nco_freq_hz=-2690067.3 mean|x|=0.03009 rms_x=0.03781 max|x|=0.2683 in_rms=106.4 out_rms=4.8
[eq-long t=425.95s] fs=16016 fs_err_rms=0.5392 |taps|=1.382 mu=5e-05 frz=0 hub=0.000 clmp=0
[fpll t=426.57s] nco_freq_hz=-2690065.6 mean|x|=0.03027 rms_x=0.03807 max|x|=0.2694 in_rms=106.6 out_rms=4.8
[eq-long t=426.17s] fs=16024 fs_err_rms=0.5461 |taps|=1.381 mu=5e-05 frz=0 hub=0.000 clmp=0
[mer-probe long] dd_err_rms=0.4905 dd_mer=20.17
[fpll t=426.86s] nco_freq_hz=-2690068.9 mean|x|=0.03005 rms_x=0.03776 max|x|=0.2267 in_rms=106.7 out_rms=4.8
[eq-long t=426.43s] fs=16032 fs_err_rms=0.5586 |taps|=1.380 mu=5e-05 frz=0 hub=0.000 clmp=0
[eq-long t=426.66s] fs=16040 fs_err_rms=0.5519 |taps|=1.378 mu=5e-05 frz=0 hub=0.000 clmp=0
[fpll t=427.11s] nco_freq_hz=-2690068.3 mean|x|=0.03019 rms_x=0.03798 max|x|=0.2254 in_rms=107.1 out_rms=4.8
[eq-long t=426.88s] fs=16048 fs_err_rms=0.5316 |taps|=1.381 mu=5e-05 frz=0 hub=0.000 clmp=0
[mer-probe long] dd_err_rms=0.4916 dd_mer=20.15
[fpll t=427.39s] nco_freq_hz=-2690067.3 mean|x|=0.03018 rms_x=0.03793 max|x|=0.2486 in_rms=107.0 out_rms=4.8
[eq-long t=427.12s] fs=16056 fs_err_rms=0.5470 |taps|=1.382 mu=5e-05 frz=0 hub=0.000 clmp=0
[fpll t=427.68s] nco_freq_hz=-2690067.9 mean|x|=0.03024 rms_x=0.03801 max|x|=0.2462 in_rms=107.1 out_rms=4.8
[eq-long t=427.37s] fs=16064 fs_err_rms=0.5576 |taps|=1.379 mu=5e-05 frz=0 hub=0.000 clmp=0
[fpll t=427.92s] nco_freq_hz=-2690068.7 mean|x|=0.03038 rms_x=0.03821 max|x|=0.2604 in_rms=107.0 out_rms=4.8
[mer-probe long] dd_err_rms=0.4914 dd_mer=20.15
[eq-long t=427.58s] fs=16072 fs_err_rms=0.5383 |taps|=1.376 mu=5e-05 frz=0 hub=0.000 clmp=0
[fpll t=428.19s] nco_freq_hz=-2690068.8 mean|x|=0.03035 rms_x=0.03816 max|x|=0.2614 in_rms=107.4 out_rms=4.8
[eq-long t=427.80s] fs=16080 fs_err_rms=0.5410 |taps|=1.379 mu=5e-05 frz=0 hub=0.000 clmp=0
[fpll t=428.45s] nco_freq_hz=-2690067.7 mean|x|=0.03027 rms_x=0.03801 max|x|=0.2245 in_rms=107.4 out_rms=4.8
[mer-probe long] dd_err_rms=0.4901 dd_mer=20.17
[eq-long t=428.05s] fs=16088 fs_err_rms=0.5608 |taps|=1.378 mu=5e-05 frz=0 hub=0.000 clmp=0
[eq-long t=428.27s] fs=16096 fs_err_rms=0.5433 |taps|=1.376 mu=5e-05 frz=0 hub=0.000 clmp=0
[fpll t=428.71s] nco_freq_hz=-2690070.5 mean|x|=0.03036 rms_x=0.03817 max|x|=0.3672 in_rms=107.5 out_rms=4.8
[eq-long t=428.50s] fs=16104 fs_err_rms=0.5414 |taps|=1.380 mu=5e-05 frz=0 hub=0.000 clmp=0
[fpll t=428.99s] nco_freq_hz=-2690068.6 mean|x|=0.03036 rms_x=0.03817 max|x|=0.2434 in_rms=107.7 out_rms=4.8
[mer-probe long] dd_err_rms=0.4913 dd_mer=20.15
[eq-long t=428.74s] fs=16112 fs_err_rms=0.5503 |taps|=1.380 mu=5e-05 frz=0 hub=0.000 clmp=0
[fpll t=429.24s] nco_freq_hz=-2690068.4 mean|x|=0.03036 rms_x=0.03815 max|x|=0.2222 in_rms=107.5 out_rms=4.8
[eq-long t=428.97s] fs=16120 fs_err_rms=0.5565 |taps|=1.378 mu=5e-05 frz=0 hub=0.000 clmp=0
[fpll t=429.49s] nco_freq_hz=-2690068.2 mean|x|=0.03027 rms_x=0.03807 max|x|=0.2892 in_rms=107.4 out_rms=4.8
[mer-probe long] dd_err_rms=0.4908 dd_mer=20.16
[eq-long t=429.17s] fs=16128 fs_err_rms=0.5452 |taps|=1.376 mu=5e-05 frz=0 hub=0.000 clmp=0
[fpll t=429.72s] nco_freq_hz=-2690067.7 mean|x|=0.03028 rms_x=0.03806 max|x|=0.2503 in_rms=107.4 out_rms=4.8
[eq-long t=429.35s] fs=16136 fs_err_rms=0.5430 |taps|=1.376 mu=5e-05 frz=0 hub=0.000 clmp=0
[fpll t=429.92s] nco_freq_hz=-2690068.4 mean|x|=0.03041 rms_x=0.03827 max|x|=0.2745 in_rms=107.0 out_rms=4.8
[eq-long t=429.53s] fs=16144 fs_err_rms=0.5419 |taps|=1.375 mu=5e-05 frz=0 hub=0.000 clmp=0
[mer-probe long] dd_err_rms=0.4918 dd_mer=20.14
[fpll t=430.13s] nco_freq_hz=-2690067.2 mean|x|=0.03025 rms_x=0.03804 max|x|=0.2300 in_rms=107.0 out_rms=4.8
[eq-long t=429.70s] fs=16152 fs_err_rms=0.5543 |taps|=1.373 mu=5e-05 frz=0 hub=0.000 clmp=0
[eq-long t=429.88s] fs=16160 fs_err_rms=0.5677 |taps|=1.376 mu=5e-05 frz=0 hub=0.000 clmp=0
[fpll t=430.33s] nco_freq_hz=-2690069.8 mean|x|=0.02992 rms_x=0.03763 max|x|=0.3522 in_rms=107.1 out_rms=4.8
[mer-probe long] dd_err_rms=0.4914 dd_mer=20.15
[eq-long t=430.05s] fs=16168 fs_err_rms=0.5489 |taps|=1.375 mu=5e-05 frz=0 hub=0.000 clmp=0
[fpll t=430.53s] nco_freq_hz=-2690066.9 mean|x|=0.03017 rms_x=0.03797 max|x|=0.2539 in_rms=107.2 out_rms=4.8
[eq-long t=430.24s] fs=16176 fs_err_rms=0.5609 |taps|=1.376 mu=5e-05 frz=0 hub=0.000 clmp=0
[fpll t=430.73s] nco_freq_hz=-2690070.1 mean|x|=0.03003 rms_x=0.03779 max|x|=0.2707 in_rms=107.4 out_rms=4.8
[eq-long t=430.43s] fs=16184 fs_err_rms=0.5462 |taps|=1.375 mu=5e-05 frz=0 hub=0.000 clmp=0
[mer-probe long] dd_err_rms=0.4900 dd_mer=20.18
[fpll t=430.95s] nco_freq_hz=-2690066.2 mean|x|=0.03006 rms_x=0.03777 max|x|=0.2522 in_rms=107.3 out_rms=4.8
[eq-long t=430.64s] fs=16192 fs_err_rms=0.5363 |taps|=1.375 mu=5e-05 frz=0 hub=0.000 clmp=0
[fpll t=431.20s] nco_freq_hz=-2690067.9 mean|x|=0.03011 rms_x=0.03788 max|x|=0.2459 in_rms=107.3 out_rms=4.8
[eq-long t=430.86s] fs=16200 fs_err_rms=0.5511 |taps|=1.373 mu=5e-05 frz=0 hub=0.000 clmp=0
[mer-probe long] dd_err_rms=0.4904 dd_mer=20.17
[fpll t=431.48s] nco_freq_hz=-2690069.7 mean|x|=0.03009 rms_x=0.03784 max|x|=0.2757 in_rms=107.5 out_rms=4.8
[eq-long t=431.10s] fs=16208 fs_err_rms=0.5522 |taps|=1.370 mu=5e-05 frz=0 hub=0.000 clmp=0
[fpll t=431.74s] nco_freq_hz=-2690069.3 mean|x|=0.03011 rms_x=0.03787 max|x|=0.3182 in_rms=107.4 out_rms=4.8
[eq-long t=431.33s] fs=16216 fs_err_rms=0.5442 |taps|=1.376 mu=5e-05 frz=0 hub=0.000 clmp=0
[mer-probe long] dd_err_rms=0.4907 dd_mer=20.16
[fpll t=431.98s] nco_freq_hz=-2690070.7 mean|x|=0.02972 rms_x=0.03736 max|x|=0.2728 in_rms=107.0 out_rms=4.8
[eq-long t=431.56s] fs=16224 fs_err_rms=0.5582 |taps|=1.375 mu=5e-05 frz=0 hub=0.000 clmp=0
[eq-long t=431.74s] fs=16232 fs_err_rms=0.5489 |taps|=1.378 mu=5e-05 frz=0 hub=0.000 clmp=0
[fpll t=432.24s] nco_freq_hz=-2690068.4 mean|x|=0.02984 rms_x=0.03751 max|x|=0.2392 in_rms=106.9 out_rms=4.8
[eq-long t=431.98s] fs=16240 fs_err_rms=0.5420 |taps|=1.376 mu=5e-05 frz=0 hub=0.000 clmp=0
[mer-probe long] dd_err_rms=0.4905 dd_mer=20.17
[fpll t=432.50s] nco_freq_hz=-2690071.8 mean|x|=0.02993 rms_x=0.03761 max|x|=0.2419 in_rms=106.9 out_rms=4.8
[eq-long t=432.19s] fs=16248 fs_err_rms=0.5459 |taps|=1.376 mu=5e-05 frz=0 hub=0.000 clmp=0
[fpll t=432.76s] nco_freq_hz=-2690070.4 mean|x|=0.02999 rms_x=0.03771 max|x|=0.2398 in_rms=107.0 out_rms=4.8
[eq-long t=432.44s] fs=16256 fs_err_rms=0.5492 |taps|=1.380 mu=5e-05 frz=0 hub=0.000 clmp=0
[mer-probe long] dd_err_rms=0.4913 dd_mer=20.15
[fpll t=433.02s] nco_freq_hz=-2690070.3 mean|x|=0.02992 rms_x=0.03761 max|x|=0.2866 in_rms=107.4 out_rms=4.8
[eq-long t=432.67s] fs=16264 fs_err_rms=0.5534 |taps|=1.376 mu=5e-05 frz=0 hub=0.000 clmp=0
[fpll t=433.27s] nco_freq_hz=-2690069.9 mean|x|=0.02992 rms_x=0.03761 max|x|=0.2282 in_rms=107.4 out_rms=4.8
[eq-long t=432.89s] fs=16272 fs_err_rms=0.5466 |taps|=1.377 mu=5e-05 frz=0 hub=0.000 clmp=0
[fpll t=433.52s] nco_freq_hz=-2690071.4 mean|x|=0.02990 rms_x=0.03760 max|x|=0.2382 in_rms=107.4 out_rms=4.8
[eq-long t=433.11s] fs=16280 fs_err_rms=0.5451 |taps|=1.378 mu=5e-05 frz=0 hub=0.000 clmp=0
[mer-probe long] dd_err_rms=0.4915 dd_mer=20.15
[fpll t=433.77s] nco_freq_hz=-2690068.4 mean|x|=0.02999 rms_x=0.03773 max|x|=0.2259 in_rms=107.2 out_rms=4.8
[eq-long t=433.33s] fs=16288 fs_err_rms=0.5488 |taps|=1.373 mu=5e-05 frz=0 hub=0.000 clmp=0
[eq-long t=433.54s] fs=16296 fs_err_rms=0.5525 |taps|=1.375 mu=5e-05 frz=0 hub=0.000 clmp=0
[fpll t=434.03s] nco_freq_hz=-2690071.6 mean|x|=0.03003 rms_x=0.03778 max|x|=0.2407 in_rms=107.0 out_rms=4.8
[mer-probe long] dd_err_rms=0.4922 dd_mer=20.14
OsO[eq-long t=433.77s] fs=16304 fs_err_rms=0.5370 |taps|=1.375 mu=5e-05 frz=0 hub=0.000 clmp=0
[fpll t=434.27s] nco_freq_hz=-2690069.8 mean|x|=0.03004 rms_x=0.03780 max|x|=0.2558 in_rms=106.5 out_rms=4.8
[eq-long t=434.00s] fs=16312 fs_err_rms=0.5414 |taps|=1.375 mu=5e-05 frz=0 hub=0.000 clmp=0
[fpll t=434.54s] nco_freq_hz=-2690068.8 mean|x|=0.03061 rms_x=0.04222 max|x|=1.0902 in_rms=106.5 out_rms=4.8
[eq-long] MOD12 GUARD: phase 4 confirmed x2 — dropping 4 segments
[mer-probe long] dd_err_rms=0.4944 dd_mer=20.10
[eq-long t=434.21s] fs=16320 fs_err_rms=0.5484 |taps|=1.374 mu=5e-05 frz=0 hub=0.000 clmp=0
[fpll t=434.78s] nco_freq_hz=-2690070.4 mean|x|=0.02989 rms_x=0.03758 max|x|=0.2437 in_rms=107.0 out_rms=4.8
[eq-long t=434.42s] fs=16328 fs_err_rms=0.5484 |taps|=1.377 mu=5e-05 frz=0 hub=0.000 clmp=0
[fpll t=435.03s] nco_freq_hz=-2690066.9 mean|x|=0.03015 rms_x=0.03790 max|x|=0.2868 in_rms=106.8 out_rms=4.8
[eq-long t=434.64s] fs=16336 fs_err_rms=0.5406 |taps|=1.377 mu=5e-05 frz=0 hub=0.000 clmp=0
[mer-probe long] dd_err_rms=0.4908 dd_mer=20.16
[fpll t=435.28s] nco_freq_hz=-2690064.6 mean|x|=0.03004 rms_x=0.03778 max|x|=0.2464 in_rms=107.0 out_rms=4.8
[eq-long t=434.88s] fs=16344 fs_err_rms=0.5479 |taps|=1.379 mu=5e-05 frz=0 hub=0.000 clmp=0
[eq-long t=435.11s] fs=16352 fs_err_rms=0.5506 |taps|=1.377 mu=5e-05 frz=0 hub=0.000 clmp=0
[fpll t=435.55s] nco_freq_hz=-2690068.3 mean|x|=0.03011 rms_x=0.03788 max|x|=0.2356 in_rms=107.0 out_rms=4.8
[mer-probe long] dd_err_rms=0.4913 dd_mer=20.15
[eq-long t=435.34s] fs=16360 fs_err_rms=0.5458 |taps|=1.372 mu=5e-05 frz=0 hub=0.000 clmp=0
[fpll t=435.81s] nco_freq_hz=-2690067.1 mean|x|=0.02989 rms_x=0.03757 max|x|=0.2869 in_rms=106.8 out_rms=4.8
[eq-long t=435.56s] fs=16368 fs_err_rms=0.5462 |taps|=1.378 mu=5e-05 frz=0 hub=0.000 clmp=0
[fpll t=436.06s] nco_freq_hz=-2690067.4 mean|x|=0.03001 rms_x=0.03774 max|x|=0.2313 in_rms=107.1 out_rms=4.8
[eq-long t=435.79s] fs=16376 fs_err_rms=0.5464 |taps|=1.374 mu=5e-05 frz=0 hub=0.000 clmp=0
[mer-probe long] dd_err_rms=0.4913 dd_mer=20.15
[fpll t=436.35s] nco_freq_hz=-2690073.2 mean|x|=0.03007 rms_x=0.03780 max|x|=0.2595 in_rms=107.3 out_rms=4.8
[eq-long t=436.03s] fs=16384 fs_err_rms=0.5338 |taps|=1.379 mu=5e-05 frz=0 hub=0.000 clmp=0
[fpll t=436.60s] nco_freq_hz=-2690065.1 mean|x|=0.02997 rms_x=0.03770 max|x|=0.2708 in_rms=107.2 out_rms=4.8
[eq-long t=436.22s] fs=16392 fs_err_rms=0.5572 |taps|=1.375 mu=5e-05 frz=0 hub=0.000 clmp=0
[mer-probe long] dd_err_rms=0.4913 dd_mer=20.15
[fpll t=436.81s] nco_freq_hz=-2690069.6 mean|x|=0.03019 rms_x=0.03799 max|x|=0.2288 in_rms=106.9 out_rms=4.8
[eq-long t=436.40s] fs=16400 fs_err_rms=0.5575 |taps|=1.377 mu=5e-05 frz=0 hub=0.000 clmp=0
[fpll t=437.00s] nco_freq_hz=-2690070.5 mean|x|=0.03023 rms_x=0.03804 max|x|=0.3152 in_rms=106.6 out_rms=4.8
[eq-long t=436.58s] fs=16408 fs_err_rms=0.5678 |taps|=1.375 mu=5e-05 frz=0 hub=0.000 clmp=0
[mer-probe long] dd_err_rms=0.4926 dd_mer=20.13
[eq-long t=436.75s] fs=16416 fs_err_rms=0.5704 |taps|=1.375 mu=5e-05 frz=0 hub=0.000 clmp=0
[fpll t=437.20s] nco_freq_hz=-2690068.2 mean|x|=0.03016 rms_x=0.03791 max|x|=0.2589 in_rms=106.6 out_rms=4.8
[eq-long t=436.93s] fs=16424 fs_err_rms=0.5512 |taps|=1.373 mu=5e-05 frz=0 hub=0.000 clmp=0
[fpll t=437.40s] nco_freq_hz=-2690069.1 mean|x|=0.03022 rms_x=0.03800 max|x|=0.2488 in_rms=106.6 out_rms=4.8
[eq-long t=437.10s] fs=16432 fs_err_rms=0.5312 |taps|=1.374 mu=5e-05 frz=0 hub=0.000 clmp=0
[fpll t=437.60s] nco_freq_hz=-2690071.5 mean|x|=0.03006 rms_x=0.03781 max|x|=0.2760 in_rms=106.2 out_rms=4.8
[mer-probe long] dd_err_rms=0.4906 dd_mer=20.16
[eq-long t=437.27s] fs=16440 fs_err_rms=0.5437 |taps|=1.372 mu=5e-05 frz=0 hub=0.000 clmp=0
[fpll t=437.80s] nco_freq_hz=-2690069.6 mean|x|=0.03021 rms_x=0.03800 max|x|=0.2303 in_rms=106.2 out_rms=4.8
[eq-long t=437.47s] fs=16448 fs_err_rms=0.5339 |taps|=1.374 mu=5e-05 frz=0 hub=0.000 clmp=0
[fpll t=438.05s] nco_freq_hz=-2690070.2 mean|x|=0.02998 rms_x=0.03767 max|x|=0.2286 in_rms=106.1 out_rms=4.8
[mer-probe long] dd_err_rms=0.4919 dd_mer=20.14
[eq-long t=437.72s] fs=16456 fs_err_rms=0.5523 |taps|=1.368 mu=5e-05 frz=0 hub=0.000 clmp=0
[fpll t=438.36s] nco_freq_hz=-2690065.6 mean|x|=0.03012 rms_x=0.03788 max|x|=0.2481 in_rms=106.0 out_rms=4.8
[eq-long t=437.96s] fs=16464 fs_err_rms=0.5485 |taps|=1.371 mu=5e-05 frz=0 hub=0.000 clmp=0
[fpll t=438.62s] nco_freq_hz=-2690065.1 mean|x|=0.03011 rms_x=0.03788 max|x|=0.2906 in_rms=105.6 out_rms=4.8
[eq-long t=438.22s] fs=16472 fs_err_rms=0.5475 |taps|=1.373 mu=5e-05 frz=0 hub=0.000 clmp=0
[mer-probe long] dd_err_rms=0.4914 dd_mer=20.15
[eq-long t=438.45s] fs=16480 fs_err_rms=0.5587 |taps|=1.371 mu=5e-05 frz=0 hub=0.000 clmp=0
[fpll t=438.89s] nco_freq_hz=-2690070.0 mean|x|=0.03006 rms_x=0.03779 max|x|=0.2439 in_rms=105.6 out_rms=4.8
[eq-long t=438.68s] fs=16488 fs_err_rms=0.5647 |taps|=1.372 mu=5e-05 frz=0 hub=0.000 clmp=0
[fpll t=439.17s] nco_freq_hz=-2690066.2 mean|x|=0.02996 rms_x=0.03765 max|x|=0.2710 in_rms=105.9 out_rms=4.8
[mer-probe long] dd_err_rms=0.4907 dd_mer=20.16
[eq-long t=438.91s] fs=16496 fs_err_rms=0.5340 |taps|=1.372 mu=5e-05 frz=0 hub=0.000 clmp=0
[fpll t=439.44s] nco_freq_hz=-2690068.2 mean|x|=0.02996 rms_x=0.03767 max|x|=0.2426 in_rms=105.8 out_rms=4.8
[eq-long t=439.15s] fs=16504 fs_err_rms=0.5445 |taps|=1.366 mu=5e-05 frz=0 hub=0.000 clmp=0
[fpll t=439.70s] nco_freq_hz=-2690070.6 mean|x|=0.03001 rms_x=0.03773 max|x|=0.2576 in_rms=105.7 out_rms=4.8
[eq-long t=439.40s] fs=16512 fs_err_rms=0.5389 |taps|=1.375 mu=5e-05 frz=0 hub=0.000 clmp=0
[mer-probe long] dd_err_rms=0.4902 dd_mer=20.17
[fpll t=439.94s] nco_freq_hz=-2690072.6 mean|x|=0.02990 rms_x=0.03759 max|x|=0.2389 in_rms=106.2 out_rms=4.8
[eq-long t=439.60s] fs=16520 fs_err_rms=0.5470 |taps|=1.371 mu=5e-05 frz=0 hub=0.000 clmp=0
[fpll t=440.22s] nco_freq_hz=-2690071.0 mean|x|=0.03006 rms_x=0.03778 max|x|=0.2300 in_rms=106.2 out_rms=4.8
[eq-long t=439.83s] fs=16528 fs_err_rms=0.5409 |taps|=1.372 mu=5e-05 frz=0 hub=0.000 clmp=0
[mer-probe long] dd_err_rms=0.4912 dd_mer=20.15
[fpll t=440.47s] nco_freq_hz=-2690070.9 mean|x|=0.03002 rms_x=0.03773 max|x|=0.2528 in_rms=106.2 out_rms=4.8
[eq-long t=440.06s] fs=16536 fs_err_rms=0.5561 |taps|=1.372 mu=5e-05 frz=0 hub=0.000 clmp=0
[eq-long t=440.27s] fs=16544 fs_err_rms=0.5507 |taps|=1.374 mu=5e-05 frz=0 hub=0.000 clmp=0
[fpll t=440.72s] nco_freq_hz=-2690070.4 mean|x|=0.02984 rms_x=0.03754 max|x|=0.2817 in_rms=106.5 out_rms=4.8
[mer-probe long] dd_err_rms=0.4910 dd_mer=20.16
[eq-long t=440.50s] fs=16552 fs_err_rms=0.5464 |taps|=1.373 mu=5e-05 frz=0 hub=0.000 clmp=0
[fpll t=440.98s] nco_freq_hz=-2690069.3 mean|x|=0.02996 rms_x=0.03767 max|x|=0.2387 in_rms=106.1 out_rms=4.8
[eq-long t=440.74s] fs=16560 fs_err_rms=0.5531 |taps|=1.374 mu=5e-05 frz=0 hub=0.000 clmp=0
[fpll t=441.23s] nco_freq_hz=-2690067.0 mean|x|=0.03001 rms_x=0.03774 max|x|=0.2748 in_rms=106.0 out_rms=4.8
[eq-long t=440.97s] fs=16568 fs_err_rms=0.5765 |taps|=1.370 mu=5e-05 frz=0 hub=0.000 clmp=0
[mer-probe long] dd_err_rms=0.4898 dd_mer=20.18
[fpll t=441.48s] nco_freq_hz=-2690072.3 mean|x|=0.02992 rms_x=0.03762 max|x|=0.2793 in_rms=105.7 out_rms=4.8
[eq-long t=441.18s] fs=16576 fs_err_rms=0.5449 |taps|=1.369 mu=5e-05 frz=0 hub=0.000 clmp=0
[fpll t=441.72s] nco_freq_hz=-2690069.9 mean|x|=0.03002 rms_x=0.03778 max|x|=0.3016 in_rms=105.7 out_rms=4.8
[eq-long t=441.39s] fs=16584 fs_err_rms=0.5398 |taps|=1.370 mu=5e-05 frz=0 hub=0.000 clmp=0
[mer-probe long] dd_err_rms=0.4925 dd_mer=20.13
[fpll t=442.00s] nco_freq_hz=-2690066.9 mean|x|=0.03010 rms_x=0.03787 max|x|=0.2916 in_rms=106.1 out_rms=4.8
[eq-long t=441.62s] fs=16592 fs_err_rms=0.5549 |taps|=1.372 mu=5e-05 frz=0 hub=0.000 clmp=0
[fpll t=442.24s] nco_freq_hz=-2690068.4 mean|x|=0.02981 rms_x=0.03747 max|x|=0.3573 in_rms=106.4 out_rms=4.8
[eq-long t=441.81s] fs=16600 fs_err_rms=0.5515 |taps|=1.372 mu=5e-05 frz=0 hub=0.000 clmp=0
[eq-long t=441.99s] fs=16608 fs_err_rms=0.5586 |taps|=1.368 mu=5e-05 frz=0 hub=0.000 clmp=0
[mer-probe long] dd_err_rms=0.4914 dd_mer=20.15
[fpll t=442.45s] nco_freq_hz=-2690070.7 mean|x|=0.02996 rms_x=0.03768 max|x|=0.2192 in_rms=106.6 out_rms=4.8
[eq-long t=442.16s] fs=16616 fs_err_rms=0.5424 |taps|=1.372 mu=5e-05 frz=0 hub=0.000 clmp=0
[fpll t=442.64s] nco_freq_hz=-2690075.1 mean|x|=0.02997 rms_x=0.03766 max|x|=0.2476 in_rms=106.7 out_rms=4.8
[eq-long t=442.33s] fs=16624 fs_err_rms=0.5458 |taps|=1.374 mu=5e-05 frz=0 hub=0.000 clmp=0
[fpll t=442.83s] nco_freq_hz=-2690067.1 mean|x|=0.02992 rms_x=0.03764 max|x|=0.2604 in_rms=106.9 out_rms=4.8
[mer-probe long] dd_err_rms=0.4929 dd_mer=20.12
[eq-long t=442.50s] fs=16632 fs_err_rms=0.5454 |taps|=1.375 mu=5e-05 frz=0 hub=0.000 clmp=0
[fpll t=443.03s] nco_freq_hz=-2690071.4 mean|x|=0.03009 rms_x=0.03784 max|x|=0.2690 in_rms=106.8 out_rms=4.8
[eq-long t=442.66s] fs=16640 fs_err_rms=0.5460 |taps|=1.372 mu=5e-05 frz=0 hub=0.000 clmp=0
[fpll t=443.22s] nco_freq_hz=-2690070.2 mean|x|=0.03009 rms_x=0.03785 max|x|=0.2637 in_rms=107.0 out_rms=4.8
[mer-probe long] dd_err_rms=0.4910 dd_mer=20.16
[eq-long t=442.86s] fs=16648 fs_err_rms=0.5489 |taps|=1.372 mu=5e-05 frz=0 hub=0.000 clmp=0
[fpll t=443.45s] nco_freq_hz=-2690067.7 mean|x|=0.03004 rms_x=0.03777 max|x|=0.2837 in_rms=107.1 out_rms=4.8
[eq-long t=443.07s] fs=16656 fs_err_rms=0.5583 |taps|=1.372 mu=5e-05 frz=0 hub=0.000 clmp=0
[fpll t=443.72s] nco_freq_hz=-2690068.2 mean|x|=0.03003 rms_x=0.03777 max|x|=0.2511 in_rms=107.0 out_rms=4.8
[eq-long t=443.29s] fs=16664 fs_err_rms=0.5333 |taps|=1.375 mu=5e-05 frz=0 hub=0.000 clmp=0
[mer-probe long] dd_err_rms=0.4911 dd_mer=20.16
[eq-long t=443.52s] fs=16672 fs_err_rms=0.5479 |taps|=1.373 mu=5e-05 frz=0 hub=0.000 clmp=0
[fpll t=443.98s] nco_freq_hz=-2690069.9 mean|x|=0.03008 rms_x=0.03783 max|x|=0.2250 in_rms=106.8 out_rms=4.8
[eq-long t=443.74s] fs=16680 fs_err_rms=0.5648 |taps|=1.371 mu=5e-05 frz=0 hub=0.000 clmp=0
[fpll t=444.23s] nco_freq_hz=-2690068.1 mean|x|=0.02996 rms_x=0.03766 max|x|=0.3416 in_rms=106.4 out_rms=4.8
[mer-probe long] dd_err_rms=0.4913 dd_mer=20.15
[eq-long t=443.96s] fs=16688 fs_err_rms=0.5389 |taps|=1.376 mu=5e-05 frz=0 hub=0.000 clmp=0
[fpll t=444.47s] nco_freq_hz=-2690068.1 mean|x|=0.02992 rms_x=0.03765 max|x|=0.2474 in_rms=106.4 out_rms=4.8
[eq-long t=444.17s] fs=16696 fs_err_rms=0.5378 |taps|=1.376 mu=5e-05 frz=0 hub=0.000 clmp=0
[fpll t=444.73s] nco_freq_hz=-2690070.0 mean|x|=0.03015 rms_x=0.03795 max|x|=0.2746 in_rms=106.4 out_rms=4.8
[eq-long t=444.40s] fs=16704 fs_err_rms=0.5415 |taps|=1.376 mu=5e-05 frz=0 hub=0.000 clmp=0
[mer-probe long] dd_err_rms=0.4910 dd_mer=20.16
[fpll t=444.98s] nco_freq_hz=-2690071.7 mean|x|=0.03026 rms_x=0.03806 max|x|=0.2482 in_rms=106.4 out_rms=4.8
[eq-long t=444.63s] fs=16712 fs_err_rms=0.5504 |taps|=1.376 mu=5e-05 frz=0 hub=0.000 clmp=0
[fpll t=445.23s] nco_freq_hz=-2690066.7 mean|x|=0.03001 rms_x=0.03772 max|x|=0.2970 in_rms=106.4 out_rms=4.8
[eq-long t=444.84s] fs=16720 fs_err_rms=0.5439 |taps|=1.374 mu=5e-05 frz=0 hub=0.000 clmp=0
[mer-probe long] dd_err_rms=0.4915 dd_mer=20.15
[fpll t=445.48s] nco_freq_hz=-2690068.1 mean|x|=0.03000 rms_x=0.03770 max|x|=0.2319 in_rms=106.4 out_rms=4.8
[eq-long t=445.07s] fs=16728 fs_err_rms=0.5425 |taps|=1.375 mu=5e-05 frz=0 hub=0.000 clmp=0
OsO[fpll t=445.70s] nco_freq_hz=-2690069.1 mean|x|=0.02998 rms_x=0.03772 max|x|=0.2788 in_rms=106.6 out_rms=4.8
[eq-long t=445.30s] fs=16736 fs_err_rms=0.5522 |taps|=1.378 mu=5e-05 frz=0 hub=0.000 clmp=0
[eq-long t=445.50s] fs=16744 fs_err_rms=0.5297 |taps|=1.374 mu=5e-05 frz=0 hub=0.000 clmp=0
[mer-probe long] dd_err_rms=0.4918 dd_mer=20.14
[fpll t=445.96s] nco_freq_hz=-2690063.7 mean|x|=0.03017 rms_x=0.03794 max|x|=0.2551 in_rms=107.3 out_rms=4.8
[eq-long t=445.72s] fs=16752 fs_err_rms=0.5241 |taps|=1.375 mu=5e-05 frz=0 hub=0.000 clmp=0
[fpll t=446.23s] nco_freq_hz=-2690068.6 mean|x|=0.03002 rms_x=0.03777 max|x|=0.2294 in_rms=108.8 out_rms=4.8
[eq-long t=445.93s] fs=16760 fs_err_rms=0.5257 |taps|=1.375 mu=5e-05 frz=0 hub=0.000 clmp=0
[fpll t=446.49s] nco_freq_hz=-2690068.1 mean|x|=0.03010 rms_x=0.03786 max|x|=0.2284 in_rms=109.4 out_rms=4.8
[mer-probe long] dd_err_rms=0.4906 dd_mer=20.17
[eq-long t=446.16s] fs=16768 fs_err_rms=0.5280 |taps|=1.371 mu=5e-05 frz=0 hub=0.000 clmp=0
[fpll t=446.76s] nco_freq_hz=-2690065.0 mean|x|=0.03012 rms_x=0.03790 max|x|=0.2668 in_rms=109.2 out_rms=4.8
[eq-long t=446.41s] fs=16776 fs_err_rms=0.5366 |taps|=1.372 mu=5e-05 frz=0 hub=0.000 clmp=0
[mer-probe long] dd_err_rms=0.4909 dd_mer=20.16
[fpll t=447.04s] nco_freq_hz=-2690070.3 mean|x|=0.02996 rms_x=0.03769 max|x|=0.2556 in_rms=107.8 out_rms=4.8
[eq-long t=446.64s] fs=16784 fs_err_rms=0.5314 |taps|=1.373 mu=5e-05 frz=0 hub=0.000 clmp=0
[fpll t=447.29s] nco_freq_hz=-2690066.4 mean|x|=0.03000 rms_x=0.03779 max|x|=0.2934 in_rms=106.4 out_rms=4.8
[eq-long t=446.87s] fs=16792 fs_err_rms=0.5293 |taps|=1.375 mu=5e-05 frz=0 hub=0.000 clmp=0
[eq-long t=447.13s] fs=16800 fs_err_rms=0.5430 |taps|=1.376 mu=5e-05 frz=0 hub=0.000 clmp=0
[fpll t=447.58s] nco_freq_hz=-2690069.3 mean|x|=0.02993 rms_x=0.03762 max|x|=0.2337 in_rms=106.1 out_rms=4.8
[mer-probe long] dd_err_rms=0.4914 dd_mer=20.15
[eq-long t=447.37s] fs=16808 fs_err_rms=0.5414 |taps|=1.376 mu=5e-05 frz=0 hub=0.000 clmp=0
[fpll t=447.86s] nco_freq_hz=-2690065.9 mean|x|=0.03003 rms_x=0.03778 max|x|=0.2620 in_rms=107.3 out_rms=4.8
[eq-long t=447.56s] fs=16816 fs_err_rms=0.5415 |taps|=1.375 mu=5e-05 frz=0 hub=0.000 clmp=0
[fpll t=448.06s] nco_freq_hz=-2690066.9 mean|x|=0.03004 rms_x=0.03779 max|x|=0.2635 in_rms=106.5 out_rms=4.8
[mer-probe long] dd_err_rms=0.4918 dd_mer=20.14
[eq-long t=447.72s] fs=16824 fs_err_rms=0.5329 |taps|=1.376 mu=5e-05 frz=0 hub=0.000 clmp=0
[fpll t=448.25s] nco_freq_hz=-2690069.5 mean|x|=0.02972 rms_x=0.03737 max|x|=0.2325 in_rms=106.8 out_rms=4.8
[eq-long t=447.89s] fs=16832 fs_err_rms=0.5236 |taps|=1.373 mu=5e-05 frz=0 hub=0.000 clmp=0
[fpll t=448.46s] nco_freq_hz=-2690067.6 mean|x|=0.03005 rms_x=0.03786 max|x|=0.3189 in_rms=106.9 out_rms=4.8
[eq-long t=448.09s] fs=16840 fs_err_rms=0.5339 |taps|=1.372 mu=5e-05 frz=0 hub=0.000 clmp=0
[mer-probe long] dd_err_rms=0.4918 dd_mer=20.14
[fpll t=448.66s] nco_freq_hz=-2690071.1 mean|x|=0.02998 rms_x=0.03768 max|x|=0.2537 in_rms=107.1 out_rms=4.8
[eq-long t=448.24s] fs=16848 fs_err_rms=0.5447 |taps|=1.372 mu=5e-05 frz=0 hub=0.000 clmp=0
[fpll t=448.86s] nco_freq_hz=-2690069.2 mean|x|=0.02993 rms_x=0.03764 max|x|=0.2467 in_rms=107.4 out_rms=4.8
[eq-long t=448.42s] fs=16856 fs_err_rms=0.5274 |taps|=1.372 mu=5e-05 frz=0 hub=0.000 clmp=0
[mer-probe long] dd_err_rms=0.4923 dd_mer=20.14
[eq-long t=448.60s] fs=16864 fs_err_rms=0.5293 |taps|=1.379 mu=5e-05 frz=0 hub=0.000 clmp=0
[fpll t=449.05s] nco_freq_hz=-2690068.0 mean|x|=0.02974 rms_x=0.03740 max|x|=0.2131 in_rms=107.3 out_rms=4.8
[eq-long t=448.78s] fs=16872 fs_err_rms=0.5355 |taps|=1.372 mu=5e-05 frz=0 hub=0.000 clmp=0
[fpll t=449.27s] nco_freq_hz=-2690069.2 mean|x|=0.02979 rms_x=0.03746 max|x|=0.2789 in_rms=107.7 out_rms=4.8
[mer-probe long] dd_err_rms=0.4919 dd_mer=20.14
[eq-long t=449.03s] fs=16880 fs_err_rms=0.5399 |taps|=1.377 mu=5e-05 frz=0 hub=0.000 clmp=0
[fpll t=449.53s] nco_freq_hz=-2690070.3 mean|x|=0.02976 rms_x=0.03744 max|x|=0.3158 in_rms=107.5 out_rms=4.8
[eq-long t=449.24s] fs=16888 fs_err_rms=0.5167 |taps|=1.374 mu=5e-05 frz=0 hub=0.000 clmp=0
[fpll t=449.83s] nco_freq_hz=-2690070.8 mean|x|=0.02970 rms_x=0.03732 max|x|=0.4013 in_rms=107.3 out_rms=4.8
[eq-long t=449.50s] fs=16896 fs_err_rms=0.5417 |taps|=1.375 mu=5e-05 frz=0 hub=0.000 clmp=0
[mer-probe long] dd_err_rms=0.4915 dd_mer=20.15
[fpll t=450.11s] nco_freq_hz=-2690066.9 mean|x|=0.02992 rms_x=0.03761 max|x|=0.2489 in_rms=107.7 out_rms=4.8
[eq-long t=449.75s] fs=16904 fs_err_rms=0.5293 |taps|=1.376 mu=5e-05 frz=0 hub=0.000 clmp=0
[fpll t=450.36s] nco_freq_hz=-2690067.1 mean|x|=0.02982 rms_x=0.03751 max|x|=0.2510 in_rms=107.9 out_rms=4.8
[eq-long t=449.98s] fs=16912 fs_err_rms=0.5489 |taps|=1.372 mu=5e-05 frz=0 hub=0.000 clmp=0
[mer-probe long] dd_err_rms=0.4912 dd_mer=20.15
[fpll t=450.65s] nco_freq_hz=-2690067.9 mean|x|=0.02969 rms_x=0.03735 max|x|=0.2420 in_rms=107.9 out_rms=4.8
[eq-long t=450.23s] fs=16920 fs_err_rms=0.5192 |taps|=1.376 mu=5e-05 frz=0 hub=0.000 clmp=0
[eq-long t=450.45s] fs=16928 fs_err_rms=0.5371 |taps|=1.375 mu=5e-05 frz=0 hub=0.000 clmp=0
[fpll t=450.91s] nco_freq_hz=-2690071.9 mean|x|=0.02973 rms_x=0.03741 max|x|=0.2716 in_rms=107.9 out_rms=4.8
[eq-long t=450.67s] fs=16936 fs_err_rms=0.5351 |taps|=1.377 mu=5e-05 frz=0 hub=0.000 clmp=0
[mer-probe long] dd_err_rms=0.4912 dd_mer=20.15
[fpll t=451.16s] nco_freq_hz=-2690064.8 mean|x|=0.02981 rms_x=0.03749 max|x|=0.2269 in_rms=108.4 out_rms=4.8
[eq-long t=450.90s] fs=16944 fs_err_rms=0.5191 |taps|=1.374 mu=5e-05 frz=0 hub=0.000 clmp=0
[fpll t=451.43s] nco_freq_hz=-2690071.4 mean|x|=0.02963 rms_x=0.03721 max|x|=0.2603 in_rms=108.8 out_rms=4.8
[eq-long t=451.11s] fs=16952 fs_err_rms=0.5194 |taps|=1.375 mu=5e-05 frz=0 hub=0.000 clmp=0
[fpll t=451.66s] nco_freq_hz=-2690073.1 mean|x|=0.02977 rms_x=0.03742 max|x|=0.2504 in_rms=109.1 out_rms=4.8
[mer-probe long] dd_err_rms=0.4899 dd_mer=20.18
[eq-long t=451.33s] fs=16960 fs_err_rms=0.5253 |taps|=1.374 mu=5e-05 frz=0 hub=0.000 clmp=0
[fpll t=451.91s] nco_freq_hz=-2690069.9 mean|x|=0.02979 rms_x=0.03745 max|x|=0.2335 in_rms=109.4 out_rms=4.8
[eq-long t=451.56s] fs=16968 fs_err_rms=0.5182 |taps|=1.379 mu=5e-05 frz=0 hub=0.000 clmp=0
[fpll t=452.17s] nco_freq_hz=-2690070.7 mean|x|=0.02969 rms_x=0.03736 max|x|=0.3682 in_rms=109.9 out_rms=4.8
[eq-long t=451.79s] fs=16976 fs_err_rms=0.5298 |taps|=1.376 mu=5e-05 frz=0 hub=0.000 clmp=0
[mer-probe long] dd_err_rms=0.4906 dd_mer=20.16
[fpll t=452.41s] nco_freq_hz=-2690069.2 mean|x|=0.02982 rms_x=0.03753 max|x|=0.2719 in_rms=109.5 out_rms=4.8
[eq-long t=452.00s] fs=16984 fs_err_rms=0.5242 |taps|=1.372 mu=5e-05 frz=0 hub=0.000 clmp=0
[eq-long t=452.22s] fs=16992 fs_err_rms=0.5519 |taps|=1.374 mu=5e-05 frz=0 hub=0.000 clmp=0
[fpll t=452.67s] nco_freq_hz=-2690068.1 mean|x|=0.02975 rms_x=0.03738 max|x|=0.2146 in_rms=109.0 out_rms=4.8
[mer-probe long] dd_err_rms=0.4903 dd_mer=20.17
[eq-long t=452.38s] fs=17000 fs_err_rms=0.5285 |taps|=1.375 mu=5e-05 frz=0 hub=0.000 clmp=0
[fpll t=452.87s] nco_freq_hz=-2690066.3 mean|x|=0.02959 rms_x=0.03724 max|x|=0.2460 in_rms=108.7 out_rms=4.8
[eq-long t=452.54s] fs=17008 fs_err_rms=0.5274 |taps|=1.376 mu=5e-05 frz=0 hub=0.000 clmp=0
[fpll t=453.07s] nco_freq_hz=-2690067.6 mean|x|=0.02972 rms_x=0.03739 max|x|=0.3132 in_rms=108.7 out_rms=4.8
[mer-probe long] dd_err_rms=0.4913 dd_mer=20.15
[eq-long t=452.74s] fs=17016 fs_err_rms=0.5244 |taps|=1.374 mu=5e-05 frz=0 hub=0.000 clmp=0
[fpll t=453.27s] nco_freq_hz=-2690069.8 mean|x|=0.02989 rms_x=0.03758 max|x|=0.2566 in_rms=109.0 out_rms=4.8
[eq-long t=452.90s] fs=17024 fs_err_rms=0.5250 |taps|=1.375 mu=5e-05 frz=0 hub=0.000 clmp=0
[fpll t=453.46s] nco_freq_hz=-2690068.2 mean|x|=0.02969 rms_x=0.03733 max|x|=0.2678 in_rms=108.6 out_rms=4.8
[eq-long t=453.10s] fs=17032 fs_err_rms=0.5308 |taps|=1.376 mu=5e-05 frz=0 hub=0.000 clmp=0
[mer-probe long] dd_err_rms=0.4915 dd_mer=20.15
[fpll t=453.71s] nco_freq_hz=-2690068.4 mean|x|=0.02983 rms_x=0.03750 max|x|=0.2545 in_rms=108.6 out_rms=4.8
[eq-long t=453.31s] fs=17040 fs_err_rms=0.5347 |taps|=1.372 mu=5e-05 frz=0 hub=0.000 clmp=0
[fpll t=453.96s] nco_freq_hz=-2690066.9 mean|x|=0.02976 rms_x=0.03742 max|x|=0.2836 in_rms=108.9 out_rms=4.8
[eq-long t=453.56s] fs=17048 fs_err_rms=0.5285 |taps|=1.374 mu=5e-05 frz=0 hub=0.000 clmp=0
[mer-probe long] dd_err_rms=0.4907 dd_mer=20.16
[eq-long t=453.77s] fs=17056 fs_err_rms=0.5325 |taps|=1.375 mu=5e-05 frz=0 hub=0.000 clmp=0
[fpll t=454.24s] nco_freq_hz=-2690070.4 mean|x|=0.02991 rms_x=0.03761 max|x|=0.2786 in_rms=108.4 out_rms=4.8
[eq-long t=454.00s] fs=17064 fs_err_rms=0.5348 |taps|=1.374 mu=5e-05 frz=0 hub=0.000 clmp=0
[fpll t=454.49s] nco_freq_hz=-2690068.5 mean|x|=0.02974 rms_x=0.03739 max|x|=0.2670 in_rms=107.8 out_rms=4.8
[eq-long t=454.22s] fs=17072 fs_err_rms=0.5261 |taps|=1.374 mu=5e-05 frz=0 hub=0.000 clmp=0
[mer-probe long] dd_err_rms=0.4915 dd_mer=20.15
[fpll t=454.76s] nco_freq_hz=-2690068.6 mean|x|=0.02988 rms_x=0.03759 max|x|=0.2487 in_rms=107.4 out_rms=4.8
[eq-long t=454.46s] fs=17080 fs_err_rms=0.5277 |taps|=1.375 mu=5e-05 frz=0 hub=0.000 clmp=0
[fpll t=455.01s] nco_freq_hz=-2690070.4 mean|x|=0.02978 rms_x=0.03746 max|x|=0.2442 in_rms=107.5 out_rms=4.8
[eq-long t=454.67s] fs=17088 fs_err_rms=0.5303 |taps|=1.375 mu=5e-05 frz=0 hub=0.000 clmp=0
[mer-probe long] dd_err_rms=0.4924 dd_mer=20.13
[fpll t=455.27s] nco_freq_hz=-2690069.2 mean|x|=0.02998 rms_x=0.03774 max|x|=0.2965 in_rms=107.9 out_rms=4.8
[eq-long t=454.91s] fs=17096 fs_err_rms=0.5392 |taps|=1.377 mu=5e-05 frz=0 hub=0.000 clmp=0
[fpll t=455.53s] nco_freq_hz=-2690068.0 mean|x|=0.02996 rms_x=0.03763 max|x|=0.2991 in_rms=108.4 out_rms=4.8
[eq-long t=455.12s] fs=17104 fs_err_rms=0.5379 |taps|=1.372 mu=5e-05 frz=0 hub=0.000 clmp=0
[fpll t=455.76s] nco_freq_hz=-2690074.5 mean|x|=0.02984 rms_x=0.03752 max|x|=0.2539 in_rms=108.6 out_rms=4.8
[mer-probe long] dd_err_rms=0.4910 dd_mer=20.16
[eq-long t=455.35s] fs=17112 fs_err_rms=0.5307 |taps|=1.376 mu=5e-05 frz=0 hub=0.000 clmp=0
[fpll t=456.00s] nco_freq_hz=-2690071.5 mean|x|=0.02990 rms_x=0.03756 max|x|=0.2367 in_rms=109.3 out_rms=4.8
[eq-long t=455.57s] fs=17120 fs_err_rms=0.5259 |taps|=1.373 mu=5e-05 frz=0 hub=0.000 clmp=0
[eq-long t=455.77s] fs=17128 fs_err_rms=0.5299 |taps|=1.377 mu=5e-05 frz=0 hub=0.000 clmp=0
OsO[fpll t=456.26s] nco_freq_hz=-2690069.2 mean|x|=0.02981 rms_x=0.03748 max|x|=0.2384 in_rms=109.4 out_rms=4.8
[mer-probe long] dd_err_rms=0.4908 dd_mer=20.16
[eq-long t=455.99s] fs=17136 fs_err_rms=0.5242 |taps|=1.373 mu=5e-05 frz=0 hub=0.000 clmp=0
[fpll t=456.52s] nco_freq_hz=-2690066.1 mean|x|=0.02985 rms_x=0.03752 max|x|=0.2307 in_rms=109.2 out_rms=4.8
[eq-long t=456.21s] fs=17144 fs_err_rms=0.5217 |taps|=1.373 mu=5e-05 frz=0 hub=0.000 clmp=0
[eq-long] MOD12 GUARD: phase 9 confirmed x2 — dropping 9 segments
[fpll t=456.78s] nco_freq_hz=-2690068.4 mean|x|=0.03096 rms_x=0.04649 max|x|=1.4997 in_rms=108.9 out_rms=4.8
[mer-probe long] dd_err_rms=0.4935 dd_mer=20.11
[eq-long t=456.43s] fs=17152 fs_err_rms=0.5483 |taps|=1.376 mu=5e-05 frz=0 hub=0.000 clmp=0
[fpll t=457.03s] nco_freq_hz=-2690069.9 mean|x|=0.02989 rms_x=0.03760 max|x|=0.2358 in_rms=108.9 out_rms=4.8
[eq-long t=456.67s] fs=17160 fs_err_rms=0.5468 |taps|=1.377 mu=5e-05 frz=0 hub=0.000 clmp=0
[fpll t=457.27s] nco_freq_hz=-2690068.3 mean|x|=0.03011 rms_x=0.03786 max|x|=0.2343 in_rms=108.9 out_rms=4.8
[eq-long t=456.89s] fs=17168 fs_err_rms=0.5400 |taps|=1.378 mu=5e-05 frz=0 hub=0.000 clmp=0
[mer-probe long] dd_err_rms=0.4929 dd_mer=20.12
[fpll t=457.53s] nco_freq_hz=-2690068.3 mean|x|=0.02991 rms_x=0.03762 max|x|=0.2428 in_rms=109.1 out_rms=4.8
[eq-long t=457.10s] fs=17176 fs_err_rms=0.5449 |taps|=1.376 mu=5e-05 frz=0 hub=0.000 clmp=0
[eq-long t=457.32s] fs=17184 fs_err_rms=0.5564 |taps|=1.375 mu=5e-05 frz=0 hub=0.000 clmp=0
[fpll t=457.80s] nco_freq_hz=-2690069.4 mean|x|=0.02984 rms_x=0.03753 max|x|=0.2542 in_rms=109.3 out_rms=4.8
[mer-probe long] dd_err_rms=0.4922 dd_mer=20.14
[eq-long t=457.55s] fs=17192 fs_err_rms=0.5511 |taps|=1.376 mu=5e-05 frz=0 hub=0.000 clmp=0
[fpll t=458.02s] nco_freq_hz=-2690066.0 mean|x|=0.02980 rms_x=0.03749 max|x|=0.2446 in_rms=109.6 out_rms=4.8
[eq-long t=457.70s] fs=17200 fs_err_rms=0.5437 |taps|=1.376 mu=5e-05 frz=0 hub=0.000 clmp=0
[fpll t=458.21s] nco_freq_hz=-2690066.5 mean|x|=0.02980 rms_x=0.03743 max|x|=0.2346 in_rms=109.6 out_rms=4.8
[mer-probe long] dd_err_rms=0.4911 dd_mer=20.16
[eq-long t=457.88s] fs=17208 fs_err_rms=0.5767 |taps|=1.374 mu=5e-05 frz=0 hub=0.000 clmp=0
[fpll t=458.41s] nco_freq_hz=-2690069.5 mean|x|=0.02984 rms_x=0.03753 max|x|=0.2551 in_rms=109.6 out_rms=4.8
[eq-long t=458.05s] fs=17216 fs_err_rms=0.5404 |taps|=1.376 mu=5e-05 frz=0 hub=0.000 clmp=0
[fpll t=458.61s] nco_freq_hz=-2690069.3 mean|x|=0.02992 rms_x=0.03765 max|x|=0.2448 in_rms=109.8 out_rms=4.8
[eq-long t=458.22s] fs=17224 fs_err_rms=0.5588 |taps|=1.374 mu=5e-05 frz=0 hub=0.000 clmp=0
[mer-probe long] dd_err_rms=0.4926 dd_mer=20.13
[fpll t=458.81s] nco_freq_hz=-2690069.7 mean|x|=0.02993 rms_x=0.03764 max|x|=0.2686 in_rms=109.8 out_rms=4.8
[eq-long t=458.43s] fs=17232 fs_err_rms=0.5402 |taps|=1.376 mu=5e-05 frz=0 hub=0.000 clmp=0
[fpll t=459.05s] nco_freq_hz=-2690073.0 mean|x|=0.03008 rms_x=0.03783 max|x|=0.2370 in_rms=109.7 out_rms=4.8
[eq-long t=458.63s] fs=17240 fs_err_rms=0.5415 |taps|=1.377 mu=5e-05 frz=0 hub=0.000 clmp=0
[mer-probe long] dd_err_rms=0.4911 dd_mer=20.16
[eq-long t=458.87s] fs=17248 fs_err_rms=0.5712 |taps|=1.378 mu=5e-05 frz=0 hub=0.000 clmp=0
[fpll t=459.32s] nco_freq_hz=-2690066.7 mean|x|=0.02977 rms_x=0.03745 max|x|=0.2354 in_rms=109.8 out_rms=4.8
[eq-long t=459.04s] fs=17256 fs_err_rms=0.5493 |taps|=1.375 mu=5e-05 frz=0 hub=0.000 clmp=0
[fpll t=459.52s] nco_freq_hz=-2690070.8 mean|x|=0.02981 rms_x=0.03749 max|x|=0.2331 in_rms=109.8 out_rms=4.8
[eq-long t=459.20s] fs=17264 fs_err_rms=0.5668 |taps|=1.373 mu=5e-05 frz=0 hub=0.000 clmp=0
[mer-probe long] dd_err_rms=0.4907 dd_mer=20.16
[fpll t=459.73s] nco_freq_hz=-2690072.0 mean|x|=0.02976 rms_x=0.03743 max|x|=0.2555 in_rms=109.8 out_rms=4.8
[eq-long t=459.38s] fs=17272 fs_err_rms=0.5464 |taps|=1.377 mu=5e-05 frz=0 hub=0.000 clmp=0
[fpll t=459.93s] nco_freq_hz=-2690069.3 mean|x|=0.02982 rms_x=0.03750 max|x|=0.2789 in_rms=110.1 out_rms=4.8
[eq-long t=459.55s] fs=17280 fs_err_rms=0.5490 |taps|=1.378 mu=5e-05 frz=0 hub=0.000 clmp=0
[mer-probe long] dd_err_rms=0.4899 dd_mer=20.18
[fpll t=460.11s] nco_freq_hz=-2690067.2 mean|x|=0.02985 rms_x=0.03753 max|x|=0.2595 in_rms=110.1 out_rms=4.8
[eq-long t=459.73s] fs=17288 fs_err_rms=0.5443 |taps|=1.376 mu=5e-05 frz=0 hub=0.000 clmp=0
[fpll t=460.37s] nco_freq_hz=-2690068.3 mean|x|=0.02983 rms_x=0.03750 max|x|=0.3169 in_rms=110.2 out_rms=4.8
[eq-long t=459.96s] fs=17296 fs_err_rms=0.5485 |taps|=1.377 mu=5e-05 frz=0 hub=0.000 clmp=0
[fpll t=460.64s] nco_freq_hz=-2690067.9 mean|x|=0.02978 rms_x=0.03746 max|x|=0.3016 in_rms=110.0 out_rms=4.8
[eq-long t=460.21s] fs=17304 fs_err_rms=0.5620 |taps|=1.374 mu=5e-05 frz=0 hub=0.000 clmp=0
[mer-probe long] dd_err_rms=0.4901 dd_mer=20.17
[eq-long t=460.46s] fs=17312 fs_err_rms=0.5531 |taps|=1.371 mu=5e-05 frz=0 hub=0.000 clmp=0
[fpll t=460.93s] nco_freq_hz=-2690067.8 mean|x|=0.02978 rms_x=0.03746 max|x|=0.2430 in_rms=109.9 out_rms=4.8
[eq-long t=460.67s] fs=17320 fs_err_rms=0.5505 |taps|=1.375 mu=5e-05 frz=0 hub=0.000 clmp=0
[fpll t=461.19s] nco_freq_hz=-2690065.0 mean|x|=0.03005 rms_x=0.03779 max|x|=0.3110 in_rms=109.7 out_rms=4.8
[mer-probe long] dd_err_rms=0.4923 dd_mer=20.13
[eq-long t=460.92s] fs=17328 fs_err_rms=0.5540 |taps|=1.375 mu=5e-05 frz=0 hub=0.000 clmp=0
[fpll t=461.45s] nco_freq_hz=-2690066.8 mean|x|=0.02989 rms_x=0.03759 max|x|=0.2965 in_rms=109.8 out_rms=4.8
[eq-long t=461.15s] fs=17336 fs_err_rms=0.5330 |taps|=1.372 mu=5e-05 frz=0 hub=0.000 clmp=0
[fpll t=461.72s] nco_freq_hz=-2690070.3 mean|x|=0.02977 rms_x=0.03749 max|x|=0.3802 in_rms=109.9 out_rms=4.8
[mer-probe long] dd_err_rms=0.4916 dd_mer=20.15
[eq-long t=461.39s] fs=17344 fs_err_rms=0.5454 |taps|=1.372 mu=5e-05 frz=0 hub=0.000 clmp=0
[fpll t=461.97s] nco_freq_hz=-2690070.4 mean|x|=0.02974 rms_x=0.03737 max|x|=0.2677 in_rms=109.6 out_rms=4.8
[eq-long t=461.59s] fs=17352 fs_err_rms=0.5379 |taps|=1.373 mu=5e-05 frz=0 hub=0.000 clmp=0
[fpll t=462.24s] nco_freq_hz=-2690068.2 mean|x|=0.02981 rms_x=0.03749 max|x|=0.2462 in_rms=109.5 out_rms=4.8
[eq-long t=461.83s] fs=17360 fs_err_rms=0.5616 |taps|=1.374 mu=5e-05 frz=0 hub=0.000 clmp=0
[mer-probe long] dd_err_rms=0.4912 dd_mer=20.15
[eq-long t=462.05s] fs=17368 fs_err_rms=0.5421 |taps|=1.375 mu=5e-05 frz=0 hub=0.000 clmp=0
[fpll t=462.50s] nco_freq_hz=-2690068.5 mean|x|=0.02985 rms_x=0.03753 max|x|=0.2554 in_rms=109.2 out_rms=4.8
[eq-long t=462.28s] fs=17376 fs_err_rms=0.5591 |taps|=1.371 mu=5e-05 frz=0 hub=0.000 clmp=0
[fpll t=462.74s] nco_freq_hz=-2690068.9 mean|x|=0.02994 rms_x=0.03765 max|x|=0.2439 in_rms=109.0 out_rms=4.8
[mer-probe long] dd_err_rms=0.4922 dd_mer=20.14
[eq-long t=462.50s] fs=17384 fs_err_rms=0.5538 |taps|=1.377 mu=5e-05 frz=0 hub=0.000 clmp=0
[fpll t=463.02s] nco_freq_hz=-2690067.3 mean|x|=0.02994 rms_x=0.03765 max|x|=0.2246 in_rms=108.8 out_rms=4.8
[eq-long t=462.73s] fs=17392 fs_err_rms=0.5406 |taps|=1.376 mu=5e-05 frz=0 hub=0.000 clmp=0
[fpll t=463.27s] nco_freq_hz=-2690071.2 mean|x|=0.03012 rms_x=0.03785 max|x|=0.2532 in_rms=108.5 out_rms=4.8
[eq-long t=462.98s] fs=17400 fs_err_rms=0.5530 |taps|=1.377 mu=5e-05 frz=0 hub=0.000 clmp=0
[mer-probe long] dd_err_rms=0.4917 dd_mer=20.15
[fpll t=463.53s] nco_freq_hz=-2690071.0 mean|x|=0.02988 rms_x=0.03754 max|x|=0.2662 in_rms=108.3 out_rms=4.8
[eq-long t=463.19s] fs=17408 fs_err_rms=0.5446 |taps|=1.380 mu=5e-05 frz=0 hub=0.000 clmp=0
[fpll t=463.80s] nco_freq_hz=-2690068.9 mean|x|=0.03007 rms_x=0.03783 max|x|=0.2910 in_rms=108.2 out_rms=4.8
[eq-long t=463.42s] fs=17416 fs_err_rms=0.5500 |taps|=1.378 mu=5e-05 frz=0 hub=0.000 clmp=0
[mer-probe long] dd_err_rms=0.4912 dd_mer=20.15
[fpll t=464.04s] nco_freq_hz=-2690069.0 mean|x|=0.03021 rms_x=0.03801 max|x|=0.2528 in_rms=108.1 out_rms=4.8
[eq-long t=463.64s] fs=17424 fs_err_rms=0.5613 |taps|=1.378 mu=5e-05 frz=0 hub=0.000 clmp=0
[fpll t=464.30s] nco_freq_hz=-2690072.4 mean|x|=0.03010 rms_x=0.03784 max|x|=0.2420 in_rms=108.2 out_rms=4.8
[eq-long t=463.86s] fs=17432 fs_err_rms=0.5362 |taps|=1.381 mu=5e-05 frz=0 hub=0.000 clmp=0
[mer-probe long] dd_err_rms=0.4914 dd_mer=20.15
[eq-long t=464.09s] fs=17440 fs_err_rms=0.5486 |taps|=1.381 mu=5e-05 frz=0 hub=0.000 clmp=0
[fpll t=464.54s] nco_freq_hz=-2690068.2 mean|x|=0.02998 rms_x=0.03769 max|x|=0.2254 in_rms=108.3 out_rms=4.8
[eq-long t=464.31s] fs=17448 fs_err_rms=0.5519 |taps|=1.379 mu=5e-05 frz=0 hub=0.000 clmp=0
[fpll t=464.82s] nco_freq_hz=-2690069.4 mean|x|=0.03007 rms_x=0.03778 max|x|=0.3187 in_rms=108.7 out_rms=4.8
[eq-long t=464.55s] fs=17456 fs_err_rms=0.5540 |taps|=1.379 mu=5e-05 frz=0 hub=0.000 clmp=0
[mer-probe long] dd_err_rms=0.4915 dd_mer=20.15
[fpll t=465.07s] nco_freq_hz=-2690069.3 mean|x|=0.03015 rms_x=0.03791 max|x|=0.2770 in_rms=108.8 out_rms=4.8
[eq-long t=464.75s] fs=17464 fs_err_rms=0.5451 |taps|=1.380 mu=5e-05 frz=0 hub=0.000 clmp=0
[fpll t=465.31s] nco_freq_hz=-2690069.9 mean|x|=0.03019 rms_x=0.03793 max|x|=0.2645 in_rms=109.0 out_rms=4.8
[eq-long t=464.95s] fs=17472 fs_err_rms=0.5316 |taps|=1.380 mu=5e-05 frz=0 hub=0.000 clmp=0
[mer-probe long] dd_err_rms=0.4904 dd_mer=20.17
[fpll t=465.58s] nco_freq_hz=-2690066.4 mean|x|=0.03006 rms_x=0.03779 max|x|=0.2735 in_rms=108.9 out_rms=4.8
[eq-long t=465.20s] fs=17480 fs_err_rms=0.5482 |taps|=1.380 mu=5e-05 frz=0 hub=0.000 clmp=0
[fpll t=465.84s] nco_freq_hz=-2690068.5 mean|x|=0.02995 rms_x=0.03768 max|x|=0.3009 in_rms=109.0 out_rms=4.8
[eq-long t=465.43s] fs=17488 fs_err_rms=0.5468 |taps|=1.380 mu=5e-05 frz=0 hub=0.000 clmp=0
[eq-long t=465.64s] fs=17496 fs_err_rms=0.5405 |taps|=1.377 mu=5e-05 frz=0 hub=0.000 clmp=0
[fpll t=466.09s] nco_freq_hz=-2690070.8 mean|x|=0.03005 rms_x=0.03782 max|x|=0.2621 in_rms=108.9 out_rms=4.8
[mer-probe long] dd_err_rms=0.4903 dd_mer=20.17
[eq-long t=465.86s] fs=17504 fs_err_rms=0.5446 |taps|=1.378 mu=5e-05 frz=0 hub=0.000 clmp=0
[fpll t=466.35s] nco_freq_hz=-2690069.0 mean|x|=0.03010 rms_x=0.03785 max|x|=0.2467 in_rms=108.8 out_rms=4.8
[eq-long t=466.10s] fs=17512 fs_err_rms=0.5427 |taps|=1.380 mu=5e-05 frz=0 hub=0.000 clmp=0
[fpll t=466.58s] nco_freq_hz=-2690070.6 mean|x|=0.02998 rms_x=0.03771 max|x|=0.2959 in_rms=108.6 out_rms=4.8
OsO[mer-probe long] dd_err_rms=0.4911 dd_mer=20.16
[eq-long t=466.31s] fs=17520 fs_err_rms=0.5390 |taps|=1.382 mu=5e-05 frz=0 hub=0.000 clmp=0
[fpll t=466.87s] nco_freq_hz=-2690067.0 mean|x|=0.03027 rms_x=0.03807 max|x|=0.2486 in_rms=108.4 out_rms=4.8
[eq-long t=466.56s] fs=17528 fs_err_rms=0.5517 |taps|=1.384 mu=5e-05 frz=0 hub=0.000 clmp=0
[fpll t=467.12s] nco_freq_hz=-2690069.1 mean|x|=0.03041 rms_x=0.03953 max|x|=0.6556 in_rms=109.5 out_rms=4.8
[mer-probe long] dd_err_rms=0.4919 dd_mer=20.14
[eq-long t=466.78s] fs=17536 fs_err_rms=0.5253 |taps|=1.380 mu=5e-05 frz=0 hub=0.000 clmp=0
[fpll t=467.33s] nco_freq_hz=-2690070.2 mean|x|=0.03006 rms_x=0.03784 max|x|=0.2661 in_rms=109.8 out_rms=4.8
[eq-long t=466.96s] fs=17544 fs_err_rms=0.5353 |taps|=1.380 mu=5e-05 frz=0 hub=0.000 clmp=0
[fpll t=467.52s] nco_freq_hz=-2690068.8 mean|x|=0.03015 rms_x=0.03790 max|x|=0.2700 in_rms=110.0 out_rms=4.8
[eq-long t=467.12s] fs=17552 fs_err_rms=0.5275 |taps|=1.378 mu=5e-05 frz=0 hub=0.000 clmp=0
[mer-probe long] dd_err_rms=0.4894 dd_mer=20.19
[fpll t=467.72s] nco_freq_hz=-2690069.3 mean|x|=0.03002 rms_x=0.03774 max|x|=0.2353 in_rms=110.0 out_rms=4.8
[eq-long t=467.30s] fs=17560 fs_err_rms=0.5302 |taps|=1.379 mu=5e-05 frz=0 hub=0.000 clmp=0
[eq-long t=467.45s] fs=17568 fs_err_rms=0.5570 |taps|=1.378 mu=5e-05 frz=0 hub=0.000 clmp=0
[fpll t=467.90s] nco_freq_hz=-2690065.6 mean|x|=0.03008 rms_x=0.03783 max|x|=0.2961 in_rms=109.9 out_rms=4.8
[mer-probe long] dd_err_rms=0.4911 dd_mer=20.16
[eq-long t=467.62s] fs=17576 fs_err_rms=0.5203 |taps|=1.383 mu=5e-05 frz=0 hub=0.000 clmp=0
[fpll t=468.10s] nco_freq_hz=-2690072.7 mean|x|=0.03012 rms_x=0.03785 max|x|=0.2380 in_rms=109.8 out_rms=4.8
[eq-long t=467.80s] fs=17584 fs_err_rms=0.5222 |taps|=1.378 mu=5e-05 frz=0 hub=0.000 clmp=0
[fpll t=468.31s] nco_freq_hz=-2690070.5 mean|x|=0.03014 rms_x=0.03787 max|x|=0.2528 in_rms=109.8 out_rms=4.8
[eq-long t=467.98s] fs=17592 fs_err_rms=0.5347 |taps|=1.381 mu=5e-05 frz=0 hub=0.000 clmp=0
[mer-probe long] dd_err_rms=0.4906 dd_mer=20.16
[fpll t=468.51s] nco_freq_hz=-2690068.2 mean|x|=0.03008 rms_x=0.03780 max|x|=0.2545 in_rms=109.4 out_rms=4.8
[eq-long t=468.15s] fs=17600 fs_err_rms=0.5269 |taps|=1.381 mu=5e-05 frz=0 hub=0.000 clmp=0
[fpll t=468.71s] nco_freq_hz=-2690070.4 mean|x|=0.03035 rms_x=0.03816 max|x|=0.2278 in_rms=109.5 out_rms=4.8
[eq-long t=468.36s] fs=17608 fs_err_rms=0.5391 |taps|=1.377 mu=5e-05 frz=0 hub=0.000 clmp=0
[mer-probe long] dd_err_rms=0.4898 dd_mer=20.18
[fpll t=468.97s] nco_freq_hz=-2690069.9 mean|x|=0.03001 rms_x=0.03770 max|x|=0.2575 in_rms=109.3 out_rms=4.8
[eq-long t=468.57s] fs=17616 fs_err_rms=0.5317 |taps|=1.380 mu=5e-05 frz=0 hub=0.000 clmp=0
[fpll t=469.21s] nco_freq_hz=-2690067.6 mean|x|=0.03012 rms_x=0.03784 max|x|=0.2413 in_rms=109.1 out_rms=4.8
[eq-long t=468.78s] fs=17624 fs_err_rms=0.5228 |taps|=1.378 mu=5e-05 frz=0 hub=0.000 clmp=0
[eq-long t=469.00s] fs=17632 fs_err_rms=0.5206 |taps|=1.379 mu=5e-05 frz=0 hub=0.000 clmp=0
[mer-probe long] dd_err_rms=0.4905 dd_mer=20.17
[fpll t=469.46s] nco_freq_hz=-2690071.7 mean|x|=0.03013 rms_x=0.03791 max|x|=0.2829 in_rms=109.2 out_rms=4.8
[eq-long t=469.24s] fs=17640 fs_err_rms=0.5336 |taps|=1.377 mu=5e-05 frz=0 hub=0.000 clmp=0
[fpll t=469.73s] nco_freq_hz=-2690073.9 mean|x|=0.02991 rms_x=0.03762 max|x|=0.2240 in_rms=109.3 out_rms=4.8
[eq-long t=469.45s] fs=17648 fs_err_rms=0.5217 |taps|=1.375 mu=5e-05 frz=0 hub=0.000 clmp=0
[fpll t=469.95s] nco_freq_hz=-2690069.0 mean|x|=0.03022 rms_x=0.03799 max|x|=0.2575 in_rms=109.6 out_rms=4.8
[mer-probe long] dd_err_rms=0.4907 dd_mer=20.16
[eq-long t=469.61s] fs=17656 fs_err_rms=0.5451 |taps|=1.379 mu=5e-05 frz=0 hub=0.000 clmp=0
[fpll t=470.14s] nco_freq_hz=-2690071.1 mean|x|=0.03010 rms_x=0.03785 max|x|=0.2457 in_rms=110.0 out_rms=4.8
[eq-long t=469.79s] fs=17664 fs_err_rms=0.5325 |taps|=1.378 mu=5e-05 frz=0 hub=0.000 clmp=0
[fpll t=470.35s] nco_freq_hz=-2690069.2 mean|x|=0.03011 rms_x=0.03786 max|x|=0.2379 in_rms=110.0 out_rms=4.8
[mer-probe long] dd_err_rms=0.4907 dd_mer=20.16
[eq-long t=469.97s] fs=17672 fs_err_rms=0.5267 |taps|=1.376 mu=5e-05 frz=0 hub=0.000 clmp=0
[fpll t=470.54s] nco_freq_hz=-2690066.3 mean|x|=0.02998 rms_x=0.03771 max|x|=0.2769 in_rms=110.0 out_rms=4.8
[eq-long t=470.14s] fs=17680 fs_err_rms=0.5206 |taps|=1.377 mu=5e-05 frz=0 hub=0.000 clmp=0
[fpll t=470.73s] nco_freq_hz=-2690070.3 mean|x|=0.03000 rms_x=0.03770 max|x|=0.2402 in_rms=110.0 out_rms=4.8
[eq-long t=470.30s] fs=17688 fs_err_rms=0.5275 |taps|=1.379 mu=5e-05 frz=0 hub=0.000 clmp=0
[mer-probe long] dd_err_rms=0.4892 dd_mer=20.19
[eq-long t=470.50s] fs=17696 fs_err_rms=0.5254 |taps|=1.382 mu=5e-05 frz=0 hub=0.000 clmp=0
[fpll t=470.95s] nco_freq_hz=-2690065.1 mean|x|=0.03000 rms_x=0.03773 max|x|=0.2581 in_rms=109.6 out_rms=4.8
[eq-long t=470.67s] fs=17704 fs_err_rms=0.5338 |taps|=1.382 mu=5e-05 frz=0 hub=0.000 clmp=0
[fpll t=471.15s] nco_freq_hz=-2690070.3 mean|x|=0.03009 rms_x=0.03784 max|x|=0.3123 in_rms=109.3 out_rms=4.8
[mer-probe long] dd_err_rms=0.4905 dd_mer=20.17
[eq-long t=470.85s] fs=17712 fs_err_rms=0.5218 |taps|=1.381 mu=5e-05 frz=0 hub=0.000 clmp=0
[fpll t=471.35s] nco_freq_hz=-2690066.9 mean|x|=0.03014 rms_x=0.03792 max|x|=0.2900 in_rms=109.3 out_rms=4.8
[eq-long t=471.03s] fs=17720 fs_err_rms=0.5333 |taps|=1.385 mu=5e-05 frz=0 hub=0.000 clmp=0
[fpll t=471.55s] nco_freq_hz=-2690067.0 mean|x|=0.03040 rms_x=0.03823 max|x|=0.2695 in_rms=109.2 out_rms=4.8
[eq-long t=471.19s] fs=17728 fs_err_rms=0.5429 |taps|=1.382 mu=5e-05 frz=0 hub=0.000 clmp=0
[mer-probe long] dd_err_rms=0.4918 dd_mer=20.14
[fpll t=471.77s] nco_freq_hz=-2690071.1 mean|x|=0.03008 rms_x=0.03782 max|x|=0.2945 in_rms=109.2 out_rms=4.8
[eq-long t=471.38s] fs=17736 fs_err_rms=0.5289 |taps|=1.380 mu=5e-05 frz=0 hub=0.000 clmp=0
[fpll t=471.96s] nco_freq_hz=-2690069.0 mean|x|=0.03014 rms_x=0.03789 max|x|=0.4531 in_rms=109.0 out_rms=4.8
[eq-long t=471.57s] fs=17744 fs_err_rms=0.5212 |taps|=1.379 mu=5e-05 frz=0 hub=0.000 clmp=0
[mer-probe long] dd_err_rms=0.4904 dd_mer=20.17
[fpll t=472.23s] nco_freq_hz=-2690071.8 mean|x|=0.03016 rms_x=0.03795 max|x|=0.3019 in_rms=109.2 out_rms=4.8
[eq-long t=471.79s] fs=17752 fs_err_rms=0.5182 |taps|=1.379 mu=5e-05 frz=0 hub=0.000 clmp=0
[fpll t=472.50s] nco_freq_hz=-2690069.4 mean|x|=0.03015 rms_x=0.03793 max|x|=0.4337 in_rms=109.3 out_rms=4.8
[eq-long t=472.06s] fs=17760 fs_err_rms=0.5233 |taps|=1.377 mu=5e-05 frz=0 hub=0.000 clmp=0
[mer-probe long] dd_err_rms=0.4907 dd_mer=20.16
[eq-long t=472.29s] fs=17768 fs_err_rms=0.5230 |taps|=1.377 mu=5e-05 frz=0 hub=0.000 clmp=0
[fpll t=472.77s] nco_freq_hz=-2690070.4 mean|x|=0.03002 rms_x=0.03771 max|x|=0.2329 in_rms=109.2 out_rms=4.8
[eq-long t=472.52s] fs=17776 fs_err_rms=0.5218 |taps|=1.382 mu=5e-05 frz=0 hub=0.000 clmp=0
[fpll t=473.04s] nco_freq_hz=-2690070.0 mean|x|=0.03016 rms_x=0.03790 max|x|=0.2490 in_rms=109.3 out_rms=4.8
[eq-long t=472.74s] fs=17784 fs_err_rms=0.5238 |taps|=1.379 mu=5e-05 frz=0 hub=0.000 clmp=0
[mer-probe long] dd_err_rms=0.4899 dd_mer=20.18
[fpll t=473.29s] nco_freq_hz=-2690070.4 mean|x|=0.03012 rms_x=0.03786 max|x|=0.3086 in_rms=109.6 out_rms=4.8
[eq-long t=472.98s] fs=17792 fs_err_rms=0.5437 |taps|=1.379 mu=5e-05 frz=0 hub=0.000 clmp=0
[fpll t=473.55s] nco_freq_hz=-2690068.6 mean|x|=0.03025 rms_x=0.03802 max|x|=0.2252 in_rms=109.9 out_rms=4.8
[eq-long t=473.18s] fs=17800 fs_err_rms=0.5261 |taps|=1.379 mu=5e-05 frz=0 hub=0.000 clmp=0
[mer-probe long] dd_err_rms=0.4900 dd_mer=20.18
[fpll t=473.82s] nco_freq_hz=-2690067.2 mean|x|=0.03003 rms_x=0.03777 max|x|=0.3588 in_rms=109.9 out_rms=4.8
[eq-long t=473.43s] fs=17808 fs_err_rms=0.5131 |taps|=1.384 mu=5e-05 frz=0 hub=0.000 clmp=0
[eq-long t=473.63s] fs=17816 fs_err_rms=0.5174 |taps|=1.381 mu=5e-05 frz=0 hub=0.000 clmp=0
[fpll t=474.08s] nco_freq_hz=-2690068.0 mean|x|=0.02996 rms_x=0.03766 max|x|=0.2393 in_rms=110.1 out_rms=4.8
[eq-long t=473.88s] fs=17824 fs_err_rms=0.5305 |taps|=1.380 mu=5e-05 frz=0 hub=0.000 clmp=0
[fpll t=474.34s] nco_freq_hz=-2690071.2 mean|x|=0.02999 rms_x=0.03770 max|x|=0.4322 in_rms=110.0 out_rms=4.8
[mer-probe long] dd_err_rms=0.4909 dd_mer=20.16
[eq-long t=474.10s] fs=17832 fs_err_rms=0.5343 |taps|=1.379 mu=5e-05 frz=0 hub=0.000 clmp=0
[fpll t=474.59s] nco_freq_hz=-2690070.7 mean|x|=0.03011 rms_x=0.03784 max|x|=0.2310 in_rms=109.9 out_rms=4.8
[eq-long t=474.32s] fs=17840 fs_err_rms=0.5430 |taps|=1.381 mu=5e-05 frz=0 hub=0.000 clmp=0
[fpll t=474.86s] nco_freq_hz=-2690067.5 mean|x|=0.03010 rms_x=0.03782 max|x|=0.2406 in_rms=109.6 out_rms=4.8
[mer-probe long] dd_err_rms=0.4899 dd_mer=20.18
[eq-long t=474.56s] fs=17848 fs_err_rms=0.5323 |taps|=1.381 mu=5e-05 frz=0 hub=0.000 clmp=0
[fpll t=475.11s] nco_freq_hz=-2690070.5 mean|x|=0.03001 rms_x=0.03771 max|x|=0.2500 in_rms=109.3 out_rms=4.8
[eq-long t=474.77s] fs=17856 fs_err_rms=0.5372 |taps|=1.380 mu=5e-05 frz=0 hub=0.000 clmp=0
[fpll t=475.35s] nco_freq_hz=-2690071.0 mean|x|=0.03026 rms_x=0.03802 max|x|=0.3515 in_rms=109.3 out_rms=4.8
[eq-long t=475.01s] fs=17864 fs_err_rms=0.5149 |taps|=1.384 mu=5e-05 frz=0 hub=0.000 clmp=0
[mer-probe long] dd_err_rms=0.4904 dd_mer=20.17
[fpll t=475.61s] nco_freq_hz=-2690069.7 mean|x|=0.03008 rms_x=0.03782 max|x|=0.2852 in_rms=109.2 out_rms=4.8
[eq-long t=475.23s] fs=17872 fs_err_rms=0.5371 |taps|=1.384 mu=5e-05 frz=0 hub=0.000 clmp=0
[fpll t=475.88s] nco_freq_hz=-2690065.9 mean|x|=0.03007 rms_x=0.03779 max|x|=0.2395 in_rms=109.4 out_rms=4.8
[eq-long t=475.46s] fs=17880 fs_err_rms=0.5174 |taps|=1.383 mu=5e-05 frz=0 hub=0.000 clmp=0
[mer-probe long] dd_err_rms=0.4914 dd_mer=20.15
[eq-long t=475.69s] fs=17888 fs_err_rms=0.5201 |taps|=1.382 mu=5e-05 frz=0 hub=0.000 clmp=0
[fpll t=476.15s] nco_freq_hz=-2690068.7 mean|x|=0.02994 rms_x=0.03765 max|x|=0.3047 in_rms=109.4 out_rms=4.8
[eq-long t=475.91s] fs=17896 fs_err_rms=0.5235 |taps|=1.385 mu=5e-05 frz=0 hub=0.000 clmp=0
[fpll t=476.36s] nco_freq_hz=-2690069.7 mean|x|=0.02993 rms_x=0.03762 max|x|=0.2892 in_rms=109.2 out_rms=4.8
[mer-probe long] dd_err_rms=0.4902 dd_mer=20.17
[eq-long t=476.11s] fs=17904 fs_err_rms=0.5271 |taps|=1.382 mu=5e-05 frz=0 hub=0.000 clmp=0
[fpll t=476.63s] nco_freq_hz=-2690070.1 mean|x|=0.03010 rms_x=0.03785 max|x|=0.2659 in_rms=109.5 out_rms=4.8
[eq-long t=476.34s] fs=17912 fs_err_rms=0.5254 |taps|=1.383 mu=5e-05 frz=0 hub=0.000 clmp=0
[fpll t=476.89s] nco_freq_hz=-2690066.7 mean|x|=0.03015 rms_x=0.03792 max|x|=0.2472 in_rms=109.3 out_rms=4.8
[eq-long t=476.58s] fs=17920 fs_err_rms=0.5260 |taps|=1.385 mu=5e-05 frz=0 hub=0.000 clmp=0
[mer-probe long] dd_err_rms=0.4911 dd_mer=20.16
[fpll t=477.15s] nco_freq_hz=-2690070.1 mean|x|=0.02995 rms_x=0.03765 max|x|=0.2449 in_rms=109.4 out_rms=4.8
[eq-long t=476.79s] fs=17928 fs_err_rms=0.5184 |taps|=1.384 mu=5e-05 frz=0 hub=0.000 clmp=0
[fpll t=477.40s] nco_freq_hz=-2690066.3 mean|x|=0.03017 rms_x=0.03797 max|x|=0.2679 in_rms=109.8 out_rms=4.8
[eq-long t=477.01s] fs=17936 fs_err_rms=0.5317 |taps|=1.384 mu=5e-05 frz=0 hub=0.000 clmp=0
[mer-probe long] dd_err_rms=0.4903 dd_mer=20.17
[fpll t=477.63s] nco_freq_hz=-2690069.8 mean|x|=0.03003 rms_x=0.03775 max|x|=0.2305 in_rms=109.6 out_rms=4.8
[eq-long t=477.23s] fs=17944 fs_err_rms=0.5184 |taps|=1.383 mu=5e-05 frz=0 hub=0.000 clmp=0
[eq-long t=477.44s] fs=17952 fs_err_rms=0.5180 |taps|=1.383 mu=5e-05 frz=0 hub=0.000 clmp=0
[fpll t=477.89s] nco_freq_hz=-2690066.2 mean|x|=0.03003 rms_x=0.03775 max|x|=0.3350 in_rms=109.9 out_rms=4.8
[eq-long t=477.65s] fs=17960 fs_err_rms=0.5308 |taps|=1.384 mu=5e-05 frz=0 hub=0.000 clmp=0
[mer-probe long] dd_err_rms=0.4889 dd_mer=20.20
[fpll t=478.12s] nco_freq_hz=-2690068.1 mean|x|=0.03001 rms_x=0.03771 max|x|=0.3100 in_rms=110.1 out_rms=4.8
[eq-long t=477.86s] fs=17968 fs_err_rms=0.5301 |taps|=1.382 mu=5e-05 frz=0 hub=0.000 clmp=0
[fpll t=478.39s] nco_freq_hz=-2690066.6 mean|x|=0.02999 rms_x=0.03768 max|x|=0.2490 in_rms=109.8 out_rms=4.8
[eq-long t=478.08s] fs=17976 fs_err_rms=0.5304 |taps|=1.382 mu=5e-05 frz=0 hub=0.000 clmp=0
[fpll t=478.62s] nco_freq_hz=-2690068.5 mean|x|=0.03003 rms_x=0.03775 max|x|=0.2601 in_rms=109.6 out_rms=4.8
[mer-probe long] dd_err_rms=0.4900 dd_mer=20.18
[eq-long t=478.30s] fs=17984 fs_err_rms=0.5229 |taps|=1.386 mu=5e-05 frz=0 hub=0.000 clmp=0
[fpll t=478.85s] nco_freq_hz=-2690070.1 mean|x|=0.03009 rms_x=0.03784 max|x|=0.2601 in_rms=109.8 out_rms=4.8
[eq-long t=478.50s] fs=17992 fs_err_rms=0.5308 |taps|=1.382 mu=5e-05 frz=0 hub=0.000 clmp=0
[fpll t=479.09s] nco_freq_hz=-2690065.1 mean|x|=0.03008 rms_x=0.03783 max|x|=0.2563 in_rms=109.7 out_rms=4.8
[mer-probe long] dd_err_rms=0.4904 dd_mer=20.17
[eq-long t=478.70s] fs=18000 fs_err_rms=0.5270 |taps|=1.383 mu=5e-05 frz=0 hub=0.000 clmp=0
[eq-long t=478.91s] fs=18008 fs_err_rms=0.5153 |taps|=1.381 mu=5e-05 frz=0 hub=0.000 clmp=0
[fpll t=479.36s] nco_freq_hz=-2690069.3 mean|x|=0.03017 rms_x=0.03793 max|x|=0.2782 in_rms=109.8 out_rms=4.8
[eq-long t=479.15s] fs=18016 fs_err_rms=0.5201 |taps|=1.385 mu=5e-05 frz=0 hub=0.000 clmp=0
[fpll t=479.60s] nco_freq_hz=-2690070.4 mean|x|=0.03032 rms_x=0.03814 max|x|=0.2610 in_rms=109.9 out_rms=4.8
[mer-probe long] dd_err_rms=0.4898 dd_mer=20.18
[fpll t=479.80s] nco_freq_hz=-2690069.0 mean|x|=0.03014 rms_x=0.03788 max|x|=0.2686 in_rms=110.3 out_rms=4.8
[eq-long t=479.37s] fs=18024 fs_err_rms=0.5236 |taps|=1.380 mu=5e-05 frz=0 hub=0.000 clmp=0
[eq-long t=479.55s] fs=18032 fs_err_rms=0.5200 |taps|=1.385 mu=5e-05 frz=0 hub=0.000 clmp=0
[fpll t=480.08s] nco_freq_hz=-2690067.0 mean|x|=0.03017 rms_x=0.03793 max|x|=0.2773 in_rms=110.4 out_rms=4.8
[mer-probe long] dd_err_rms=0.4903 dd_mer=20.17
[eq-long t=479.77s] fs=18040 fs_err_rms=0.5229 |taps|=1.385 mu=5e-05 frz=0 hub=0.000 clmp=0
[fpll t=480.32s] nco_freq_hz=-2690072.2 mean|x|=0.03019 rms_x=0.03796 max|x|=0.2323 in_rms=110.5 out_rms=4.8
[eq-long t=479.96s] fs=18048 fs_err_rms=0.5219 |taps|=1.382 mu=5e-05 frz=0 hub=0.000 clmp=0
[fpll t=480.57s] nco_freq_hz=-2690070.7 mean|x|=0.02994 rms_x=0.03764 max|x|=0.2361 in_rms=110.7 out_rms=4.8
[eq-long t=480.20s] fs=18056 fs_err_rms=0.5341 |taps|=1.384 mu=5e-05 frz=0 hub=0.000 clmp=0
[mer-probe long] dd_err_rms=0.4901 dd_mer=20.17
[fpll t=480.83s] nco_freq_hz=-2690070.3 mean|x|=0.03007 rms_x=0.03780 max|x|=0.2259 in_rms=110.6 out_rms=4.8
[eq-long t=480.42s] fs=18064 fs_err_rms=0.5352 |taps|=1.383 mu=5e-05 frz=0 hub=0.000 clmp=0
[fpll t=481.05s] nco_freq_hz=-2690065.6 mean|x|=0.03009 rms_x=0.03784 max|x|=0.2628 in_rms=110.5 out_rms=4.8
[eq-long t=480.65s] fs=18072 fs_err_rms=0.5382 |taps|=1.383 mu=5e-05 frz=0 hub=0.000 clmp=0
[mer-probe long] dd_err_rms=0.4900 dd_mer=20.18
[eq-long t=480.85s] fs=18080 fs_err_rms=0.5283 |taps|=1.385 mu=5e-05 frz=0 hub=0.000 clmp=0
[fpll t=481.32s] nco_freq_hz=-2690070.8 mean|x|=0.03011 rms_x=0.03788 max|x|=0.2795 in_rms=110.2 out_rms=4.8
[eq-long t=481.07s] fs=18088 fs_err_rms=0.5360 |taps|=1.383 mu=5e-05 frz=0 hub=0.000 clmp=0
[fpll t=481.55s] nco_freq_hz=-2690069.8 mean|x|=0.03004 rms_x=0.03778 max|x|=0.2800 in_rms=110.1 out_rms=4.8
[mer-probe long] dd_err_rms=0.4920 dd_mer=20.14
[eq-long t=481.29s] fs=18096 fs_err_rms=0.5254 |taps|=1.386 mu=5e-05 frz=0 hub=0.000 clmp=0
OsO[fpll t=481.84s] nco_freq_hz=-2690066.8 mean|x|=0.03005 rms_x=0.03778 max|x|=0.2708 in_rms=110.1 out_rms=4.8
[eq-long t=481.54s] fs=18104 fs_err_rms=0.5367 |taps|=1.382 mu=5e-05 frz=0 hub=0.000 clmp=0
[fpll t=482.09s] nco_freq_hz=-2690070.3 mean|x|=0.03002 rms_x=0.03778 max|x|=0.2723 in_rms=109.7 out_rms=4.8
[eq-long t=481.77s] fs=18112 fs_err_rms=0.5493 |taps|=1.383 mu=5e-05 frz=0 hub=0.000 clmp=0
[mer-probe long] dd_err_rms=0.4911 dd_mer=20.16
[fpll t=482.34s] nco_freq_hz=-2690069.3 mean|x|=0.03031 rms_x=0.03885 max|x|=0.5508 in_rms=109.7 out_rms=4.8
[eq-long t=481.99s] fs=18120 fs_err_rms=0.5224 |taps|=1.385 mu=5e-05 frz=0 hub=0.000 clmp=0
[fpll t=482.60s] nco_freq_hz=-2690070.5 mean|x|=0.03000 rms_x=0.03772 max|x|=0.2574 in_rms=109.7 out_rms=4.8
[eq-long t=482.22s] fs=18128 fs_err_rms=0.5433 |taps|=1.383 mu=5e-05 frz=0 hub=0.000 clmp=0
[fpll t=482.84s] nco_freq_hz=-2690068.7 mean|x|=0.02995 rms_x=0.03765 max|x|=0.2705 in_rms=109.6 out_rms=4.8
[mer-probe long] dd_err_rms=0.4901 dd_mer=20.17
[eq-long t=482.44s] fs=18136 fs_err_rms=0.5241 |taps|=1.385 mu=5e-05 frz=0 hub=0.000 clmp=0
[fpll t=483.08s] nco_freq_hz=-2690066.3 mean|x|=0.03015 rms_x=0.03792 max|x|=0.3404 in_rms=109.8 out_rms=4.8
[eq-long t=482.64s] fs=18144 fs_err_rms=0.5175 |taps|=1.384 mu=5e-05 frz=0 hub=0.000 clmp=0
[fpll t=483.31s] nco_freq_hz=-2690070.5 mean|x|=0.02992 rms_x=0.03764 max|x|=0.4186 in_rms=109.6 out_rms=4.8
[eq-long t=482.86s] fs=18152 fs_err_rms=0.5276 |taps|=1.380 mu=5e-05 frz=0 hub=0.000 clmp=0
[mer-probe long] dd_err_rms=0.4906 dd_mer=20.17
[eq-long t=483.19s] fs=18160 fs_err_rms=0.5176 |taps|=1.382 mu=5e-05 frz=0 hub=0.000 clmp=0
[fpll t=483.64s] nco_freq_hz=-2690067.0 mean|x|=0.02992 rms_x=0.03760 max|x|=0.2156 in_rms=109.7 out_rms=4.8
[eq-long t=483.98s] fs=18168 fs_err_rms=0.5320 |taps|=1.379 mu=5e-05 frz=0 hub=0.000 clmp=0
[fpll t=484.47s] nco_freq_hz=-2690068.2 mean|x|=0.03006 rms_x=0.03778 max|x|=0.2478 in_rms=109.7 out_rms=4.8
[mer-probe long] dd_err_rms=0.4905 dd_mer=20.17
[eq-long t=484.18s] fs=18176 fs_err_rms=0.5539 |taps|=1.380 mu=5e-05 frz=0 hub=0.000 clmp=0
[fpll t=484.74s] nco_freq_hz=-2690068.1 mean|x|=0.03018 rms_x=0.03796 max|x|=0.2489 in_rms=109.2 out_rms=4.8
[eq-long t=484.36s] fs=18184 fs_err_rms=0.5284 |taps|=1.383 mu=5e-05 frz=0 hub=0.000 clmp=0
[fpll t=484.93s] nco_freq_hz=-2690066.1 mean|x|=0.03027 rms_x=0.03805 max|x|=0.2230 in_rms=108.9 out_rms=4.8
[eq-long t=484.52s] fs=18192 fs_err_rms=0.5384 |taps|=1.385 mu=5e-05 frz=0 hub=0.000 clmp=0
[mer-probe long] dd_err_rms=0.4898 dd_mer=20.18
[fpll t=485.12s] nco_freq_hz=-2690068.0 mean|x|=0.03014 rms_x=0.03790 max|x|=0.2310 in_rms=108.2 out_rms=4.8
[eq-long t=484.70s] fs=18200 fs_err_rms=0.5288 |taps|=1.385 mu=5e-05 frz=0 hub=0.000 clmp=0
[eq-long t=484.86s] fs=18208 fs_err_rms=0.5554 |taps|=1.378 mu=5e-05 frz=0 hub=0.000 clmp=0
[fpll t=485.31s] nco_freq_hz=-2690070.4 mean|x|=0.03032 rms_x=0.03815 max|x|=0.2692 in_rms=108.0 out_rms=4.8
[mer-probe long] dd_err_rms=0.4913 dd_mer=20.15
[eq-long t=485.02s] fs=18216 fs_err_rms=0.5198 |taps|=1.383 mu=5e-05 frz=0 hub=0.000 clmp=0
[fpll t=485.51s] nco_freq_hz=-2690070.8 mean|x|=0.03012 rms_x=0.03787 max|x|=0.2601 in_rms=107.7 out_rms=4.8
[eq-long t=485.22s] fs=18224 fs_err_rms=0.5501 |taps|=1.384 mu=5e-05 frz=0 hub=0.000 clmp=0
[fpll t=485.72s] nco_freq_hz=-2690069.4 mean|x|=0.03015 rms_x=0.03792 max|x|=0.2694 in_rms=107.7 out_rms=4.8
[mer-probe long] dd_err_rms=0.4915 dd_mer=20.15
[eq-long t=485.41s] fs=18232 fs_err_rms=0.5215 |taps|=1.385 mu=5e-05 frz=0 hub=0.000 clmp=0
[fpll t=485.94s] nco_freq_hz=-2690072.4 mean|x|=0.03006 rms_x=0.03780 max|x|=0.2596 in_rms=107.7 out_rms=4.8
[eq-long t=485.59s] fs=18240 fs_err_rms=0.5211 |taps|=1.386 mu=5e-05 frz=0 hub=0.000 clmp=0
[fpll t=486.13s] nco_freq_hz=-2690067.4 mean|x|=0.02995 rms_x=0.03762 max|x|=0.2306 in_rms=108.1 out_rms=4.8
[eq-long t=485.76s] fs=18248 fs_err_rms=0.5399 |taps|=1.382 mu=5e-05 frz=0 hub=0.000 clmp=0
[mer-probe long] dd_err_rms=0.4900 dd_mer=20.18
[fpll t=486.35s] nco_freq_hz=-2690068.1 mean|x|=0.03000 rms_x=0.03771 max|x|=0.2466 in_rms=108.4 out_rms=4.8
[eq-long t=485.96s] fs=18256 fs_err_rms=0.5208 |taps|=1.385 mu=5e-05 frz=0 hub=0.000 clmp=0
[fpll t=486.54s] nco_freq_hz=-2690066.3 mean|x|=0.02994 rms_x=0.03765 max|x|=0.2972 in_rms=108.7 out_rms=4.8
[eq-long t=486.12s] fs=18264 fs_err_rms=0.5515 |taps|=1.383 mu=5e-05 frz=0 hub=0.000 clmp=0
[mer-probe long] dd_err_rms=0.4888 dd_mer=20.20
[fpll t=486.72s] nco_freq_hz=-2690071.2 mean|x|=0.02997 rms_x=0.03768 max|x|=0.2697 in_rms=108.9 out_rms=4.8
[eq-long t=486.29s] fs=18272 fs_err_rms=0.5362 |taps|=1.383 mu=5e-05 frz=0 hub=0.000 clmp=0
[eq-long t=486.44s] fs=18280 fs_err_rms=0.5448 |taps|=1.382 mu=5e-05 frz=0 hub=0.000 clmp=0
[fpll t=486.92s] nco_freq_hz=-2690067.6 mean|x|=0.03016 rms_x=0.03792 max|x|=0.2393 in_rms=108.9 out_rms=4.8
[eq-long t=486.62s] fs=18288 fs_err_rms=0.5219 |taps|=1.385 mu=5e-05 frz=0 hub=0.000 clmp=0
[mer-probe long] dd_err_rms=0.4902 dd_mer=20.17
[fpll t=487.12s] nco_freq_hz=-2690065.4 mean|x|=0.03018 rms_x=0.03796 max|x|=0.2923 in_rms=109.2 out_rms=4.8
[eq-long t=486.81s] fs=18296 fs_err_rms=0.5347 |taps|=1.381 mu=5e-05 frz=0 hub=0.000 clmp=0
[fpll t=487.35s] nco_freq_hz=-2690065.5 mean|x|=0.03001 rms_x=0.03770 max|x|=0.2541 in_rms=109.2 out_rms=4.8
[eq-long t=487.05s] fs=18304 fs_err_rms=0.5331 |taps|=1.384 mu=5e-05 frz=0 hub=0.000 clmp=0
[mer-probe long] dd_err_rms=0.4904 dd_mer=20.17
[fpll t=487.63s] nco_freq_hz=-2690069.1 mean|x|=0.03004 rms_x=0.03779 max|x|=0.2932 in_rms=109.2 out_rms=4.8
[eq-long t=487.29s] fs=18312 fs_err_rms=0.5346 |taps|=1.378 mu=5e-05 frz=0 hub=0.000 clmp=0
[fpll t=487.91s] nco_freq_hz=-2690071.4 mean|x|=0.02991 rms_x=0.03759 max|x|=0.2419 in_rms=109.2 out_rms=4.8
[eq-long t=487.52s] fs=18320 fs_err_rms=0.5334 |taps|=1.381 mu=5e-05 frz=0 hub=0.000 clmp=0
[fpll t=488.16s] nco_freq_hz=-2690065.8 mean|x|=0.02991 rms_x=0.03762 max|x|=0.2585 in_rms=108.8 out_rms=4.8
[mer-probe long] dd_err_rms=0.4897 dd_mer=20.18
[eq-long t=487.77s] fs=18328 fs_err_rms=0.5202 |taps|=1.382 mu=5e-05 frz=0 hub=0.000 clmp=0
[fpll t=488.42s] nco_freq_hz=-2690072.5 mean|x|=0.02981 rms_x=0.03744 max|x|=0.2508 in_rms=108.6 out_rms=4.8
[eq-long t=488.01s] fs=18336 fs_err_rms=0.5276 |taps|=1.385 mu=5e-05 frz=0 hub=0.000 clmp=0
[fpll t=488.67s] nco_freq_hz=-2690067.2 mean|x|=0.03000 rms_x=0.03775 max|x|=0.4057 in_rms=108.8 out_rms=4.8
[eq-long t=488.23s] fs=18344 fs_err_rms=0.5410 |taps|=1.380 mu=5e-05 frz=0 hub=0.000 clmp=0
[mer-probe long] dd_err_rms=0.4900 dd_mer=20.18
[eq-long t=488.45s] fs=18352 fs_err_rms=0.5282 |taps|=1.386 mu=5e-05 frz=0 hub=0.000 clmp=0
[fpll t=488.97s] nco_freq_hz=-2690068.5 mean|x|=0.02987 rms_x=0.03756 max|x|=0.2929 in_rms=108.9 out_rms=4.8
[eq-long t=488.68s] fs=18360 fs_err_rms=0.5410 |taps|=1.386 mu=5e-05 frz=0 hub=0.000 clmp=0
[fpll t=489.21s] nco_freq_hz=-2690068.3 mean|x|=0.02984 rms_x=0.03749 max|x|=0.2243 in_rms=109.0 out_rms=4.8
[mer-probe long] dd_err_rms=0.4903 dd_mer=20.17
[eq-long t=488.88s] fs=18368 fs_err_rms=0.5306 |taps|=1.386 mu=5e-05 frz=0 hub=0.000 clmp=0
OsO[fpll t=489.48s] nco_freq_hz=-2690066.0 mean|x|=0.02989 rms_x=0.03758 max|x|=0.2257 in_rms=109.1 out_rms=4.8
[eq-long t=489.14s] fs=18376 fs_err_rms=0.5407 |taps|=1.383 mu=5e-05 frz=0 hub=0.000 clmp=0
[fpll t=489.73s] nco_freq_hz=-2690070.8 mean|x|=0.03006 rms_x=0.03781 max|x|=0.2709 in_rms=109.3 out_rms=4.8
[eq-long t=489.36s] fs=18384 fs_err_rms=0.5278 |taps|=1.384 mu=5e-05 frz=0 hub=0.000 clmp=0
[mer-probe long] dd_err_rms=0.4905 dd_mer=20.17
[fpll t=489.97s] nco_freq_hz=-2690069.9 mean|x|=0.01720 rms_x=0.03842 max|x|=1.5706 in_rms=109.2 out_rms=4.8
[eq-long t=489.67s] fs=18392 fs_err_rms=0.5237 |taps|=1.386 mu=5e-05 frz=0 hub=0.000 clmp=0
[fpll t=490.20s] nco_freq_hz=-2690066.3 mean|x|=0.02974 rms_x=0.03740 max|x|=0.3673 in_rms=109.1 out_rms=4.8
[eq-long t=489.87s] fs=18400 fs_err_rms=0.5362 |taps|=1.383 mu=5e-05 frz=0 hub=0.000 clmp=0
[mer-probe long] dd_err_rms=0.5087 dd_mer=19.85
[fpll t=490.47s] nco_freq_hz=-2690072.0 mean|x|=0.02982 rms_x=0.03747 max|x|=0.2589 in_rms=109.3 out_rms=4.8
[eq-long t=490.07s] fs=18408 fs_err_rms=0.5304 |taps|=1.382 mu=5e-05 frz=0 hub=0.000 clmp=0
[fpll t=490.69s] nco_freq_hz=-2690068.5 mean|x|=0.02973 rms_x=0.03734 max|x|=0.2364 in_rms=109.3 out_rms=4.8
[eq-long t=490.32s] fs=18416 fs_err_rms=0.5444 |taps|=1.382 mu=5e-05 frz=0 hub=0.000 clmp=0
[fpll t=490.98s] nco_freq_hz=-2690067.9 mean|x|=0.02986 rms_x=0.03756 max|x|=0.2605 in_rms=109.4 out_rms=4.8
[eq-long t=490.54s] fs=18424 fs_err_rms=0.5290 |taps|=1.383 mu=5e-05 frz=0 hub=0.000 clmp=0
[mer-probe long] dd_err_rms=0.4900 dd_mer=20.17
[eq-long t=490.79s] fs=18432 fs_err_rms=0.5185 |taps|=1.383 mu=5e-05 frz=0 hub=0.000 clmp=0
[fpll t=491.25s] nco_freq_hz=-2690070.2 mean|x|=0.02977 rms_x=0.03739 max|x|=0.2244 in_rms=109.3 out_rms=4.8
[eq-long t=491.01s] fs=18440 fs_err_rms=0.5341 |taps|=1.383 mu=5e-05 frz=0 hub=0.000 clmp=0
[fpll t=491.50s] nco_freq_hz=-2690066.4 mean|x|=0.02969 rms_x=0.03733 max|x|=0.2862 in_rms=109.7 out_rms=4.8
[mer-probe long] dd_err_rms=0.4897 dd_mer=20.18
[eq-long t=491.25s] fs=18448 fs_err_rms=0.5171 |taps|=1.383 mu=5e-05 frz=0 hub=0.000 clmp=0
[fpll t=491.78s] nco_freq_hz=-2690069.0 mean|x|=0.02977 rms_x=0.03743 max|x|=0.3161 in_rms=110.0 out_rms=4.8
[eq-long t=491.49s] fs=18456 fs_err_rms=0.5615 |taps|=1.381 mu=5e-05 frz=0 hub=0.000 clmp=0
[fpll t=492.04s] nco_freq_hz=-2690072.0 mean|x|=0.02975 rms_x=0.03741 max|x|=0.2514 in_rms=110.0 out_rms=4.8
[mer-probe long] dd_err_rms=0.4904 dd_mer=20.17
[eq-long t=491.67s] fs=18464 fs_err_rms=0.5328 |taps|=1.382 mu=5e-05 frz=0 hub=0.000 clmp=0
[fpll t=492.24s] nco_freq_hz=-2690069.7 mean|x|=0.02964 rms_x=0.03725 max|x|=0.2426 in_rms=110.1 out_rms=4.8
[eq-long t=491.84s] fs=18472 fs_err_rms=0.5182 |taps|=1.379 mu=5e-05 frz=0 hub=0.000 clmp=0
[fpll t=492.45s] nco_freq_hz=-2690066.4 mean|x|=0.02969 rms_x=0.03734 max|x|=0.2665 in_rms=110.2 out_rms=4.8
[eq-long t=492.03s] fs=18480 fs_err_rms=0.5215 |taps|=1.381 mu=5e-05 frz=0 hub=0.000 clmp=0
[mer-probe long] dd_err_rms=0.4906 dd_mer=20.16
[eq-long t=492.19s] fs=18488 fs_err_rms=0.5270 |taps|=1.380 mu=5e-05 frz=0 hub=0.000 clmp=0
[fpll t=492.65s] nco_freq_hz=-2690067.4 mean|x|=0.02971 rms_x=0.03731 max|x|=0.2749 in_rms=109.9 out_rms=4.8
[eq-long t=492.38s] fs=18496 fs_err_rms=0.5328 |taps|=1.379 mu=5e-05 frz=0 hub=0.000 clmp=0
[fpll t=492.85s] nco_freq_hz=-2690065.9 mean|x|=0.02962 rms_x=0.03723 max|x|=0.3020 in_rms=110.1 out_rms=4.8
[mer-probe long] dd_err_rms=0.4888 dd_mer=20.20
[eq-long t=492.59s] fs=18504 fs_err_rms=0.5412 |taps|=1.382 mu=5e-05 frz=0 hub=0.000 clmp=0
[fpll t=493.07s] nco_freq_hz=-2690069.8 mean|x|=0.02967 rms_x=0.03727 max|x|=0.2427 in_rms=110.2 out_rms=4.8
[eq-long t=492.79s] fs=18512 fs_err_rms=0.5201 |taps|=1.378 mu=5e-05 frz=0 hub=0.000 clmp=0
[fpll t=493.34s] nco_freq_hz=-2690070.5 mean|x|=0.02990 rms_x=0.03761 max|x|=0.2305 in_rms=110.4 out_rms=4.8
[eq-long t=493.04s] fs=18520 fs_err_rms=0.5205 |taps|=1.380 mu=5e-05 frz=0 hub=0.000 clmp=0
[mer-probe long] dd_err_rms=0.4899 dd_mer=20.18
[fpll t=493.62s] nco_freq_hz=-2690067.5 mean|x|=0.02971 rms_x=0.03734 max|x|=0.2312 in_rms=110.3 out_rms=4.8
[eq-long t=493.28s] fs=18528 fs_err_rms=0.5340 |taps|=1.383 mu=5e-05 frz=0 hub=0.000 clmp=0
[fpll t=493.88s] nco_freq_hz=-2690067.0 mean|x|=0.02982 rms_x=0.03746 max|x|=0.2772 in_rms=109.7 out_rms=4.8
[eq-long t=493.49s] fs=18536 fs_err_rms=0.5276 |taps|=1.379 mu=5e-05 frz=0 hub=0.000 clmp=0
[mer-probe long] dd_err_rms=0.4909 dd_mer=20.16
[fpll t=494.12s] nco_freq_hz=-2690068.9 mean|x|=0.02986 rms_x=0.03752 max|x|=0.3526 in_rms=109.4 out_rms=4.8
[eq-long t=493.72s] fs=18544 fs_err_rms=0.5315 |taps|=1.382 mu=5e-05 frz=0 hub=0.000 clmp=0
[eq-long t=493.94s] fs=18552 fs_err_rms=0.5735 |taps|=1.380 mu=5e-05 frz=0 hub=0.000 clmp=0
[fpll t=494.39s] nco_freq_hz=-2690069.0 mean|x|=0.03002 rms_x=0.03774 max|x|=0.2301 in_rms=109.5 out_rms=4.8
[mer-probe long] dd_err_rms=0.4898 dd_mer=20.18
[fpll t=494.61s] nco_freq_hz=-2690065.6 mean|x|=0.02984 rms_x=0.03753 max|x|=0.2664 in_rms=109.0 out_rms=4.8
[eq-long t=494.19s] fs=18560 fs_err_rms=0.5474 |taps|=1.380 mu=5e-05 frz=0 hub=0.000 clmp=0
[eq-long t=494.39s] fs=18568 fs_err_rms=0.5312 |taps|=1.378 mu=5e-05 frz=0 hub=0.000 clmp=0
[fpll t=494.89s] nco_freq_hz=-2690068.7 mean|x|=0.02981 rms_x=0.03747 max|x|=0.2169 in_rms=108.9 out_rms=4.8
[eq-long t=494.62s] fs=18576 fs_err_rms=0.5169 |taps|=1.379 mu=5e-05 frz=0 hub=0.000 clmp=0
[mer-probe long] dd_err_rms=0.4904 dd_mer=20.17
[fpll t=495.16s] nco_freq_hz=-2690068.5 mean|x|=0.02989 rms_x=0.03758 max|x|=0.3664 in_rms=109.0 out_rms=4.8
[eq-long t=494.85s] fs=18584 fs_err_rms=0.5190 |taps|=1.383 mu=5e-05 frz=0 hub=0.000 clmp=0
[fpll t=495.41s] nco_freq_hz=-2690067.2 mean|x|=0.02989 rms_x=0.03757 max|x|=0.2570 in_rms=109.5 out_rms=4.8
[eq-long t=495.06s] fs=18592 fs_err_rms=0.5305 |taps|=1.385 mu=5e-05 frz=0 hub=0.000 clmp=0
[mer-probe long] dd_err_rms=0.4902 dd_mer=20.17
[fpll t=495.67s] nco_freq_hz=-2690068.2 mean|x|=0.03000 rms_x=0.03773 max|x|=0.2832 in_rms=109.9 out_rms=4.8
[eq-long t=495.28s] fs=18600 fs_err_rms=0.5312 |taps|=1.382 mu=5e-05 frz=0 hub=0.000 clmp=0
[fpll t=495.93s] nco_freq_hz=-2690071.1 mean|x|=0.02988 rms_x=0.03758 max|x|=0.2867 in_rms=110.1 out_rms=4.8
[eq-long t=495.51s] fs=18608 fs_err_rms=0.5301 |taps|=1.383 mu=5e-05 frz=0 hub=0.000 clmp=0
[eq-long t=495.68s] fs=18616 fs_err_rms=0.5164 |taps|=1.382 mu=5e-05 frz=0 hub=0.000 clmp=0
[fpll t=496.12s] nco_freq_hz=-2690068.4 mean|x|=0.02982 rms_x=0.03745 max|x|=0.2388 in_rms=110.4 out_rms=4.8
[mer-probe long] dd_err_rms=0.4898 dd_mer=20.18
[eq-long t=495.86s] fs=18624 fs_err_rms=0.5374 |taps|=1.384 mu=5e-05 frz=0 hub=0.000 clmp=0
[fpll t=496.32s] nco_freq_hz=-2690071.6 mean|x|=0.02982 rms_x=0.03749 max|x|=0.2363 in_rms=110.2 out_rms=4.8
[eq-long t=496.03s] fs=18632 fs_err_rms=0.5410 |taps|=1.380 mu=5e-05 frz=0 hub=0.000 clmp=0
[fpll t=496.52s] nco_freq_hz=-2690067.1 mean|x|=0.02990 rms_x=0.03759 max|x|=0.2257 in_rms=109.8 out_rms=4.8
[mer-probe long] dd_err_rms=0.4908 dd_mer=20.16
[eq-long t=496.19s] fs=18640 fs_err_rms=0.5393 |taps|=1.381 mu=5e-05 frz=0 hub=0.000 clmp=0
[fpll t=496.72s] nco_freq_hz=-2690068.3 mean|x|=0.02996 rms_x=0.03767 max|x|=0.2401 in_rms=109.7 out_rms=4.8
[eq-long t=496.38s] fs=18648 fs_err_rms=0.5240 |taps|=1.381 mu=5e-05 frz=0 hub=0.000 clmp=0
[fpll t=496.92s] nco_freq_hz=-2690071.5 mean|x|=0.02998 rms_x=0.03770 max|x|=0.2293 in_rms=109.7 out_rms=4.8
[mer-probe long] dd_err_rms=0.4904 dd_mer=20.17
[eq-long t=496.55s] fs=18656 fs_err_rms=0.5342 |taps|=1.380 mu=5e-05 frz=0 hub=0.000 clmp=0
[fpll t=497.13s] nco_freq_hz=-2690065.6 mean|x|=0.02973 rms_x=0.03737 max|x|=0.2546 in_rms=109.7 out_rms=4.8
[eq-long t=496.74s] fs=18664 fs_err_rms=0.5401 |taps|=1.381 mu=5e-05 frz=0 hub=0.000 clmp=0
[fpll t=497.35s] nco_freq_hz=-2690068.5 mean|x|=0.02984 rms_x=0.03752 max|x|=0.2645 in_rms=109.7 out_rms=4.8
[eq-long t=496.95s] fs=18672 fs_err_rms=0.5329 |taps|=1.379 mu=5e-05 frz=0 hub=0.000 clmp=0
[mer-probe long] dd_err_rms=0.4911 dd_mer=20.16
[fpll t=497.61s] nco_freq_hz=-2690069.0 mean|x|=0.02974 rms_x=0.03741 max|x|=0.2640 in_rms=110.1 out_rms=4.8
[eq-long t=497.18s] fs=18680 fs_err_rms=0.5248 |taps|=1.382 mu=5e-05 frz=0 hub=0.000 clmp=0
[fpll t=497.84s] nco_freq_hz=-2690068.1 mean|x|=0.02985 rms_x=0.03755 max|x|=0.2586 in_rms=110.3 out_rms=4.8
[eq-long t=497.41s] fs=18688 fs_err_rms=0.5229 |taps|=1.380 mu=5e-05 frz=0 hub=0.000 clmp=0
[mer-probe long] dd_err_rms=0.4908 dd_mer=20.16
[eq-long t=497.61s] fs=18696 fs_err_rms=0.5300 |taps|=1.384 mu=5e-05 frz=0 hub=0.000 clmp=0
[fpll t=498.11s] nco_freq_hz=-2690067.6 mean|x|=0.02996 rms_x=0.03771 max|x|=0.3180 in_rms=110.3 out_rms=4.8
[eq-long t=497.84s] fs=18704 fs_err_rms=0.5230 |taps|=1.381 mu=5e-05 frz=0 hub=0.000 clmp=0
[fpll t=498.33s] nco_freq_hz=-2690067.9 mean|x|=0.03021 rms_x=0.03799 max|x|=0.2477 in_rms=109.8 out_rms=4.8
[eq-long t=498.04s] fs=18712 fs_err_rms=0.5191 |taps|=1.383 mu=5e-05 frz=0 hub=0.000 clmp=0
[mer-probe long] dd_err_rms=0.4911 dd_mer=20.16
[fpll t=498.60s] nco_freq_hz=-2690068.1 mean|x|=0.02991 rms_x=0.03760 max|x|=0.2791 in_rms=109.5 out_rms=4.8
[eq-long t=498.26s] fs=18720 fs_err_rms=0.5257 |taps|=1.384 mu=5e-05 frz=0 hub=0.000 clmp=0
[fpll t=498.84s] nco_freq_hz=-2690066.7 mean|x|=0.03007 rms_x=0.03778 max|x|=0.2598 in_rms=109.5 out_rms=4.8
[eq-long t=498.49s] fs=18728 fs_err_rms=0.5224 |taps|=1.383 mu=5e-05 frz=0 hub=0.000 clmp=0
[mer-probe long] dd_err_rms=0.4907 dd_mer=20.16
[fpll t=499.09s] nco_freq_hz=-2690068.8 mean|x|=0.03016 rms_x=0.03789 max|x|=0.2290 in_rms=109.3 out_rms=4.8
[eq-long t=498.69s] fs=18736 fs_err_rms=0.5286 |taps|=1.386 mu=5e-05 frz=0 hub=0.000 clmp=0
[fpll t=499.32s] nco_freq_hz=-2690069.0 mean|x|=0.02999 rms_x=0.03772 max|x|=0.2717 in_rms=109.6 out_rms=4.8
[eq-long t=498.90s] fs=18744 fs_err_rms=0.5287 |taps|=1.387 mu=5e-05 frz=0 hub=0.000 clmp=0
[fpll t=499.56s] nco_freq_hz=-2690068.4 mean|x|=0.02988 rms_x=0.03756 max|x|=0.3229 in_rms=110.1 out_rms=4.8
[eq-long t=499.12s] fs=18752 fs_err_rms=0.5230 |taps|=1.388 mu=5e-05 frz=0 hub=0.000 clmp=0
[mer-probe long] dd_err_rms=0.4918 dd_mer=20.14
[eq-long t=499.32s] fs=18760 fs_err_rms=0.5216 |taps|=1.385 mu=5e-05 frz=0 hub=0.000 clmp=0
[fpll t=499.81s] nco_freq_hz=-2690070.8 mean|x|=0.03002 rms_x=0.03773 max|x|=0.2836 in_rms=110.3 out_rms=4.8
[eq-long t=499.53s] fs=18768 fs_err_rms=0.5347 |taps|=1.388 mu=5e-05 frz=0 hub=0.000 clmp=0
[mer-probe long] dd_err_rms=0.4906 dd_mer=20.16
[fpll t=500.09s] nco_freq_hz=-2690070.7 mean|x|=0.03002 rms_x=0.03774 max|x|=0.2510 in_rms=110.3 out_rms=4.8
[eq-long t=499.75s] fs=18776 fs_err_rms=0.5296 |taps|=1.385 mu=5e-05 frz=0 hub=0.000 clmp=0
[fpll t=500.32s] nco_freq_hz=-2690067.1 mean|x|=0.02985 rms_x=0.03753 max|x|=0.2305 in_rms=109.8 out_rms=4.8
[eq-long t=499.97s] fs=18784 fs_err_rms=0.5516 |taps|=1.389 mu=5e-05 frz=0 hub=0.000 clmp=0
[fpll t=500.56s] nco_freq_hz=-2690071.5 mean|x|=0.03019 rms_x=0.03799 max|x|=0.2647 in_rms=109.8 out_rms=4.8
[mer-probe long] dd_err_rms=0.4913 dd_mer=20.15
[eq-long t=500.18s] fs=18792 fs_err_rms=0.5295 |taps|=1.386 mu=5e-05 frz=0 hub=0.000 clmp=0
[fpll t=500.80s] nco_freq_hz=-2690067.5 mean|x|=0.02992 rms_x=0.03763 max|x|=0.2761 in_rms=110.1 out_rms=4.8
[eq-long t=500.39s] fs=18800 fs_err_rms=0.5306 |taps|=1.387 mu=5e-05 frz=0 hub=0.000 clmp=0
[eq-long t=500.61s] fs=18808 fs_err_rms=0.5423 |taps|=1.389 mu=5e-05 frz=0 hub=0.000 clmp=0
[fpll t=501.06s] nco_freq_hz=-2690073.1 mean|x|=0.03014 rms_x=0.03794 max|x|=0.2616 in_rms=109.6 out_rms=4.8
[mer-probe long] dd_err_rms=0.4902 dd_mer=20.17
[eq-long t=500.81s] fs=18816 fs_err_rms=0.5234 |taps|=1.391 mu=5e-05 frz=0 hub=0.000 clmp=0
[fpll t=501.30s] nco_freq_hz=-2690071.8 mean|x|=0.03026 rms_x=0.03807 max|x|=0.2462 in_rms=109.9 out_rms=4.8
[eq-long t=501.04s] fs=18824 fs_err_rms=0.5275 |taps|=1.389 mu=5e-05 frz=0 hub=0.000 clmp=0
[fpll t=501.55s] nco_freq_hz=-2690067.6 mean|x|=0.02978 rms_x=0.03743 max|x|=0.2744 in_rms=110.2 out_rms=4.8
[mer-probe long] dd_err_rms=0.4909 dd_mer=20.16
OsO[eq-long t=501.24s] fs=18832 fs_err_rms=0.5280 |taps|=1.388 mu=5e-05 frz=0 hub=0.000 clmp=0
[fpll t=501.81s] nco_freq_hz=-2690071.3 mean|x|=0.03005 rms_x=0.03778 max|x|=0.2354 in_rms=110.5 out_rms=4.8
[eq-long t=501.49s] fs=18840 fs_err_rms=0.5167 |taps|=1.388 mu=5e-05 frz=0 hub=0.000 clmp=0
[fpll t=502.07s] nco_freq_hz=-2690069.2 mean|x|=0.03069 rms_x=0.04618 max|x|=1.5703 in_rms=111.1 out_rms=4.8
[eq-long t=501.73s] fs=18848 fs_err_rms=0.5552 |taps|=1.385 mu=5e-05 frz=0 hub=0.000 clmp=0
[mer-probe long] dd_err_rms=0.4917 dd_mer=20.15
[fpll t=502.31s] nco_freq_hz=-2690069.8 mean|x|=0.02982 rms_x=0.03750 max|x|=0.2460 in_rms=110.9 out_rms=4.8
[eq-long t=501.96s] fs=18856 fs_err_rms=0.5565 |taps|=1.383 mu=5e-05 frz=0 hub=0.000 clmp=0
[fpll t=502.56s] nco_freq_hz=-2690066.4 mean|x|=0.02966 rms_x=0.03728 max|x|=0.2533 in_rms=110.8 out_rms=4.8
[eq-long t=502.17s] fs=18864 fs_err_rms=0.5404 |taps|=1.387 mu=5e-05 frz=0 hub=0.000 clmp=0
[mer-probe long] dd_err_rms=0.4897 dd_mer=20.18
[fpll t=502.80s] nco_freq_hz=-2690070.3 mean|x|=0.03000 rms_x=0.03776 max|x|=0.2693 in_rms=110.8 out_rms=4.8
[eq-long t=502.40s] fs=18872 fs_err_rms=0.5408 |taps|=1.385 mu=5e-05 frz=0 hub=0.000 clmp=0
[eq-long t=502.62s] fs=18880 fs_err_rms=0.5437 |taps|=1.388 mu=5e-05 frz=0 hub=0.000 clmp=0
[fpll t=503.08s] nco_freq_hz=-2690066.2 mean|x|=0.02976 rms_x=0.03745 max|x|=0.2674 in_rms=110.8 out_rms=4.8
[mer-probe long] dd_err_rms=0.4890 dd_mer=20.19
[eq-long t=502.86s] fs=18888 fs_err_rms=0.5331 |taps|=1.382 mu=5e-05 frz=0 hub=0.000 clmp=0
[fpll t=503.35s] nco_freq_hz=-2690070.3 mean|x|=0.02972 rms_x=0.03737 max|x|=0.2203 in_rms=110.7 out_rms=4.8
[eq-long t=503.10s] fs=18896 fs_err_rms=0.5323 |taps|=1.384 mu=5e-05 frz=0 hub=0.000 clmp=0
[fpll t=503.60s] nco_freq_hz=-2690065.3 mean|x|=0.02995 rms_x=0.03761 max|x|=0.2328 in_rms=110.6 out_rms=4.8
[eq-long t=503.32s] fs=18904 fs_err_rms=0.5399 |taps|=1.384 mu=5e-05 frz=0 hub=0.000 clmp=0
[mer-probe long] dd_err_rms=0.4884 dd_mer=20.20
[fpll t=503.86s] nco_freq_hz=-2690068.4 mean|x|=0.02989 rms_x=0.03756 max|x|=0.3348 in_rms=110.6 out_rms=4.8
[eq-long t=503.54s] fs=18912 fs_err_rms=0.5420 |taps|=1.389 mu=5e-05 frz=0 hub=0.000 clmp=0
[fpll t=504.14s] nco_freq_hz=-2690065.5 mean|x|=0.02983 rms_x=0.03753 max|x|=0.2592 in_rms=110.2 out_rms=4.8
[eq-long t=503.79s] fs=18920 fs_err_rms=0.5574 |taps|=1.387 mu=5e-05 frz=0 hub=0.000 clmp=0
[mer-probe long] dd_err_rms=0.4918 dd_mer=20.14
[fpll t=504.39s] nco_freq_hz=-2690069.6 mean|x|=0.02974 rms_x=0.03736 max|x|=0.2445 in_rms=110.5 out_rms=4.8
[eq-long t=503.98s] fs=18928 fs_err_rms=0.5349 |taps|=1.388 mu=5e-05 frz=0 hub=0.000 clmp=0
[fpll t=504.59s] nco_freq_hz=-2690068.0 mean|x|=0.02958 rms_x=0.03717 max|x|=0.2364 in_rms=110.9 out_rms=4.8
[eq-long t=504.15s] fs=18936 fs_err_rms=0.5764 |taps|=1.381 mu=5e-05 frz=0 hub=0.000 clmp=0
[eq-long t=504.33s] fs=18944 fs_err_rms=0.5472 |taps|=1.382 mu=5e-05 frz=0 hub=0.000 clmp=0
[fpll t=504.78s] nco_freq_hz=-2690066.1 mean|x|=0.02967 rms_x=0.03732 max|x|=0.3167 in_rms=110.7 out_rms=4.8
[mer-probe long] dd_err_rms=0.4904 dd_mer=20.17
[eq-long t=504.49s] fs=18952 fs_err_rms=0.5598 |taps|=1.380 mu=5e-05 frz=0 hub=0.000 clmp=0
[fpll t=504.97s] nco_freq_hz=-2690065.5 mean|x|=0.02956 rms_x=0.03715 max|x|=0.2315 in_rms=110.7 out_rms=4.8
[eq-long t=504.66s] fs=18960 fs_err_rms=0.5476 |taps|=1.381 mu=5e-05 frz=0 hub=0.000 clmp=0
[fpll t=505.20s] nco_freq_hz=-2690068.0 mean|x|=0.02981 rms_x=0.03747 max|x|=0.2905 in_rms=110.6 out_rms=4.8
[mer-probe long] dd_err_rms=0.4895 dd_mer=20.18
[eq-long t=504.92s] fs=18968 fs_err_rms=0.5537 |taps|=1.380 mu=5e-05 frz=0 hub=0.000 clmp=0
[fpll t=505.43s] nco_freq_hz=-2690066.5 mean|x|=0.02990 rms_x=0.03760 max|x|=0.2616 in_rms=110.3 out_rms=4.8
[eq-long t=505.13s] fs=18976 fs_err_rms=0.5451 |taps|=1.378 mu=5e-05 frz=0 hub=0.000 clmp=0
[fpll t=505.72s] nco_freq_hz=-2690068.1 mean|x|=0.02986 rms_x=0.03754 max|x|=0.3643 in_rms=110.4 out_rms=4.8
[eq-long t=505.36s] fs=18984 fs_err_rms=0.5378 |taps|=1.382 mu=5e-05 frz=0 hub=0.000 clmp=0
[mer-probe long] dd_err_rms=0.4907 dd_mer=20.16
[fpll t=505.98s] nco_freq_hz=-2690066.4 mean|x|=0.02989 rms_x=0.03761 max|x|=0.3002 in_rms=109.9 out_rms=4.8
[eq-long t=505.57s] fs=18992 fs_err_rms=0.5527 |taps|=1.380 mu=5e-05 frz=0 hub=0.000 clmp=0
[fpll t=506.22s] nco_freq_hz=-2690067.6 mean|x|=0.02966 rms_x=0.03733 max|x|=0.3877 in_rms=109.9 out_rms=4.8
[eq-long t=505.82s] fs=19000 fs_err_rms=0.5552 |taps|=1.382 mu=5e-05 frz=0 hub=0.000 clmp=0
[mer-probe long] dd_err_rms=0.4901 dd_mer=20.17
[eq-long t=506.02s] fs=19008 fs_err_rms=0.5653 |taps|=1.381 mu=5e-05 frz=0 hub=0.000 clmp=0
[fpll t=506.48s] nco_freq_hz=-2690064.1 mean|x|=0.02976 rms_x=0.03739 max|x|=0.2370 in_rms=110.1 out_rms=4.8
[eq-long t=506.24s] fs=19016 fs_err_rms=0.5458 |taps|=1.382 mu=5e-05 frz=0 hub=0.000 clmp=0
[fpll t=506.73s] nco_freq_hz=-2690067.2 mean|x|=0.02987 rms_x=0.03755 max|x|=0.2459 in_rms=109.9 out_rms=4.8
[mer-probe long] dd_err_rms=0.4897 dd_mer=20.18
[eq-long t=506.49s] fs=19024 fs_err_rms=0.5459 |taps|=1.380 mu=5e-05 frz=0 hub=0.000 clmp=0
[fpll t=506.96s] nco_freq_hz=-2690071.5 mean|x|=0.02979 rms_x=0.03744 max|x|=0.2180 in_rms=110.1 out_rms=4.8
[eq-long t=506.69s] fs=19032 fs_err_rms=0.5495 |taps|=1.380 mu=5e-05 frz=0 hub=0.000 clmp=0
[fpll t=507.22s] nco_freq_hz=-2690070.7 mean|x|=0.02974 rms_x=0.03744 max|x|=0.4011 in_rms=110.1 out_rms=4.8
[eq-long t=506.89s] fs=19040 fs_err_rms=0.5459 |taps|=1.379 mu=5e-05 frz=0 hub=0.000 clmp=0
[mer-probe long] dd_err_rms=0.4901 dd_mer=20.17
[fpll t=507.50s] nco_freq_hz=-2690065.1 mean|x|=0.02977 rms_x=0.03744 max|x|=0.2363 in_rms=110.1 out_rms=4.8
[eq-long t=507.12s] fs=19048 fs_err_rms=0.5547 |taps|=1.379 mu=5e-05 frz=0 hub=0.000 clmp=0
[fpll t=507.72s] nco_freq_hz=-2690068.5 mean|x|=0.02974 rms_x=0.03743 max|x|=0.3696 in_rms=110.2 out_rms=4.8
[eq-long t=507.37s] fs=19056 fs_err_rms=0.5466 |taps|=1.378 mu=5e-05 frz=0 hub=0.000 clmp=0
[mer-probe long] dd_err_rms=0.4904 dd_mer=20.17
[fpll t=507.98s] nco_freq_hz=-2690070.1 mean|x|=0.02978 rms_x=0.03742 max|x|=0.2317 in_rms=110.2 out_rms=4.8
[eq-long t=507.58s] fs=19064 fs_err_rms=0.5477 |taps|=1.382 mu=5e-05 frz=0 hub=0.000 clmp=0
[eq-long t=507.78s] fs=19072 fs_err_rms=0.5329 |taps|=1.377 mu=5e-05 frz=0 hub=0.000 clmp=0
[fpll t=508.25s] nco_freq_hz=-2690069.3 mean|x|=0.02982 rms_x=0.03745 max|x|=0.2142 in_rms=110.3 out_rms=4.8
[eq-long t=508.00s] fs=19080 fs_err_rms=0.5551 |taps|=1.379 mu=5e-05 frz=0 hub=0.000 clmp=0
[mer-probe long] dd_err_rms=0.4895 dd_mer=20.18
[fpll t=508.50s] nco_freq_hz=-2690066.3 mean|x|=0.02973 rms_x=0.03738 max|x|=0.2208 in_rms=110.5 out_rms=4.8
[eq-long t=508.21s] fs=19088 fs_err_rms=0.5421 |taps|=1.377 mu=5e-05 frz=0 hub=0.000 clmp=0
[fpll t=508.73s] nco_freq_hz=-2690069.3 mean|x|=0.02992 rms_x=0.03759 max|x|=0.2652 in_rms=110.6 out_rms=4.8
[eq-long t=508.43s] fs=19096 fs_err_rms=0.5463 |taps|=1.379 mu=5e-05 frz=0 hub=0.000 clmp=0
[fpll t=508.98s] nco_freq_hz=-2690066.8 mean|x|=0.02980 rms_x=0.03745 max|x|=0.2636 in_rms=110.6 out_rms=4.8
[mer-probe long] dd_err_rms=0.4895 dd_mer=20.18
[eq-long t=508.64s] fs=19104 fs_err_rms=0.5472 |taps|=1.377 mu=5e-05 frz=0 hub=0.000 clmp=0
[fpll t=509.24s] nco_freq_hz=-2690068.7 mean|x|=0.02978 rms_x=0.03748 max|x|=0.2820 in_rms=110.9 out_rms=4.8
[eq-long t=508.88s] fs=19112 fs_err_rms=0.5599 |taps|=1.378 mu=5e-05 frz=0 hub=0.000 clmp=0
[fpll t=509.51s] nco_freq_hz=-2690071.6 mean|x|=0.02993 rms_x=0.03762 max|x|=0.2484 in_rms=110.7 out_rms=4.8
[mer-probe long] dd_err_rms=0.4906 dd_mer=20.17
[eq-long t=509.11s] fs=19120 fs_err_rms=0.5508 |taps|=1.378 mu=5e-05 frz=0 hub=0.000 clmp=0
[fpll t=509.75s] nco_freq_hz=-2690072.0 mean|x|=0.02985 rms_x=0.03752 max|x|=0.2312 in_rms=111.1 out_rms=4.8
[eq-long t=509.31s] fs=19128 fs_err_rms=0.5496 |taps|=1.380 mu=5e-05 frz=0 hub=0.000 clmp=0
[eq-long t=509.54s] fs=19136 fs_err_rms=0.5569 |taps|=1.380 mu=5e-05 frz=0 hub=0.000 clmp=0
[fpll t=509.99s] nco_freq_hz=-2690071.9 mean|x|=0.02978 rms_x=0.03745 max|x|=0.2474 in_rms=111.1 out_rms=4.8
[mer-probe long] dd_err_rms=0.4909 dd_mer=20.16
[eq-long t=509.70s] fs=19144 fs_err_rms=0.5415 |taps|=1.378 mu=5e-05 frz=0 hub=0.000 clmp=0
[fpll t=510.19s] nco_freq_hz=-2690067.6 mean|x|=0.02973 rms_x=0.03736 max|x|=0.2303 in_rms=110.9 out_rms=4.8
[eq-long t=509.87s] fs=19152 fs_err_rms=0.5292 |taps|=1.378 mu=5e-05 frz=0 hub=0.000 clmp=0
[fpll t=510.38s] nco_freq_hz=-2690070.3 mean|x|=0.02982 rms_x=0.03748 max|x|=0.3049 in_rms=111.0 out_rms=4.8
[mer-probe long] dd_err_rms=0.4886 dd_mer=20.20
[eq-long t=510.05s] fs=19160 fs_err_rms=0.5401 |taps|=1.380 mu=5e-05 frz=0 hub=0.000 clmp=0
[fpll t=510.58s] nco_freq_hz=-2690067.6 mean|x|=0.02975 rms_x=0.03741 max|x|=0.2447 in_rms=111.0 out_rms=4.8
[eq-long t=510.21s] fs=19168 fs_err_rms=0.5460 |taps|=1.382 mu=5e-05 frz=0 hub=0.000 clmp=0
[fpll t=510.77s] nco_freq_hz=-2690065.3 mean|x|=0.02970 rms_x=0.03734 max|x|=0.2754 in_rms=111.0 out_rms=4.8
[eq-long t=510.40s] fs=19176 fs_err_rms=0.5336 |taps|=1.381 mu=5e-05 frz=0 hub=0.000 clmp=0
[mer-probe long] dd_err_rms=0.4903 dd_mer=20.17
[fpll t=511.02s] nco_freq_hz=-2690070.8 mean|x|=0.02984 rms_x=0.03754 max|x|=0.2588 in_rms=111.4 out_rms=4.8
[eq-long t=510.61s] fs=19184 fs_err_rms=0.5364 |taps|=1.380 mu=5e-05 frz=0 hub=0.000 clmp=0
[fpll t=511.26s] nco_freq_hz=-2690068.8 mean|x|=0.02973 rms_x=0.03737 max|x|=0.2311 in_rms=111.6 out_rms=4.8
[eq-long t=510.84s] fs=19192 fs_err_rms=0.5489 |taps|=1.379 mu=5e-05 frz=0 hub=0.000 clmp=0
[mer-probe long] dd_err_rms=0.4903 dd_mer=20.17
[eq-long t=511.06s] fs=19200 fs_err_rms=0.5426 |taps|=1.378 mu=5e-05 frz=0 hub=0.000 clmp=0
[fpll t=511.51s] nco_freq_hz=-2690065.8 mean|x|=0.02987 rms_x=0.03755 max|x|=0.2418 in_rms=111.6 out_rms=4.8
[eq-long t=511.26s] fs=19208 fs_err_rms=0.5397 |taps|=1.377 mu=5e-05 frz=0 hub=0.000 clmp=0
[fpll t=511.75s] nco_freq_hz=-2690068.7 mean|x|=0.02997 rms_x=0.03768 max|x|=0.2628 in_rms=111.7 out_rms=4.8
[mer-probe long] dd_err_rms=0.4896 dd_mer=20.18
[eq-long t=511.49s] fs=19216 fs_err_rms=0.5533 |taps|=1.379 mu=5e-05 frz=0 hub=0.000 clmp=0
[fpll t=511.99s] nco_freq_hz=-2690069.3 mean|x|=0.02992 rms_x=0.03760 max|x|=0.2324 in_rms=111.4 out_rms=4.8
[eq-long t=511.69s] fs=19224 fs_err_rms=0.5331 |taps|=1.380 mu=5e-05 frz=0 hub=0.000 clmp=0
[fpll t=512.25s] nco_freq_hz=-2690068.9 mean|x|=0.02998 rms_x=0.03772 max|x|=0.3035 in_rms=111.6 out_rms=4.8
[eq-long t=511.91s] fs=19232 fs_err_rms=0.5480 |taps|=1.377 mu=5e-05 frz=0 hub=0.000 clmp=0
[mer-probe long] dd_err_rms=0.4891 dd_mer=20.19
[fpll t=512.52s] nco_freq_hz=-2690066.5 mean|x|=0.02985 rms_x=0.03750 max|x|=0.3249 in_rms=111.4 out_rms=4.8
[eq-long t=512.15s] fs=19240 fs_err_rms=0.5414 |taps|=1.382 mu=5e-05 frz=0 hub=0.000 clmp=0
OsO[fpll t=512.78s] nco_freq_hz=-2690070.1 mean|x|=0.02991 rms_x=0.03764 max|x|=0.2703 in_rms=111.5 out_rms=4.8
[eq-long t=512.38s] fs=19248 fs_err_rms=0.5384 |taps|=1.377 mu=5e-05 frz=0 hub=0.000 clmp=0
[mer-probe long] dd_err_rms=0.4892 dd_mer=20.19
[fpll t=513.04s] nco_freq_hz=-2690068.4 mean|x|=0.03054 rms_x=0.04296 max|x|=1.1617 in_rms=111.5 out_rms=4.8
[eq-long t=512.60s] fs=19256 fs_err_rms=0.5388 |taps|=1.375 mu=5e-05 frz=0 hub=0.000 clmp=0
[fpll t=513.29s] nco_freq_hz=-2690065.4 mean|x|=0.02999 rms_x=0.03769 max|x|=0.2294 in_rms=111.3 out_rms=4.8
[eq-long t=512.87s] fs=19264 fs_err_rms=0.5278 |taps|=1.377 mu=5e-05 frz=0 hub=0.000 clmp=0
[fpll t=513.50s] nco_freq_hz=-2690070.5 mean|x|=0.03011 rms_x=0.03785 max|x|=0.2646 in_rms=111.4 out_rms=4.8
[eq-long t=513.08s] fs=19272 fs_err_rms=0.5343 |taps|=1.374 mu=5e-05 frz=0 hub=0.000 clmp=0
[mer-probe long] dd_err_rms=0.4910 dd_mer=20.16
[eq-long t=513.27s] fs=19280 fs_err_rms=0.5302 |taps|=1.376 mu=5e-05 frz=0 hub=0.000 clmp=0
[fpll t=513.78s] nco_freq_hz=-2690065.4 mean|x|=0.02991 rms_x=0.03760 max|x|=0.2338 in_rms=111.9 out_rms=4.8
[eq-long t=513.49s] fs=19288 fs_err_rms=0.5258 |taps|=1.375 mu=5e-05 frz=0 hub=0.000 clmp=0
[fpll t=514.03s] nco_freq_hz=-2690066.9 mean|x|=0.02988 rms_x=0.03754 max|x|=0.2642 in_rms=112.1 out_rms=4.8
[mer-probe long] dd_err_rms=0.4896 dd_mer=20.18
[eq-long t=513.70s] fs=19296 fs_err_rms=0.5229 |taps|=1.375 mu=5e-05 frz=0 hub=0.000 clmp=0
[fpll t=514.28s] nco_freq_hz=-2690069.3 mean|x|=0.03007 rms_x=0.03779 max|x|=0.2697 in_rms=112.1 out_rms=4.8
[eq-long t=513.93s] fs=19304 fs_err_rms=0.5252 |taps|=1.376 mu=5e-05 frz=0 hub=0.000 clmp=0
[fpll t=514.52s] nco_freq_hz=-2690067.5 mean|x|=0.02992 rms_x=0.03765 max|x|=0.2972 in_rms=112.2 out_rms=4.8
[eq-long t=514.14s] fs=19312 fs_err_rms=0.5232 |taps|=1.374 mu=5e-05 frz=0 hub=0.000 clmp=0
[mer-probe long] dd_err_rms=0.4898 dd_mer=20.18
[fpll t=514.79s] nco_freq_hz=-2690068.0 mean|x|=0.03016 rms_x=0.03795 max|x|=0.2374 in_rms=112.1 out_rms=4.8
[eq-long t=514.39s] fs=19320 fs_err_rms=0.5329 |taps|=1.374 mu=5e-05 frz=0 hub=0.000 clmp=0
[eq-long t=514.64s] fs=19328 fs_err_rms=0.5223 |taps|=1.375 mu=5e-05 frz=0 hub=0.000 clmp=0
[fpll t=515.08s] nco_freq_hz=-2690068.3 mean|x|=0.03016 rms_x=0.03795 max|x|=0.2489 in_rms=111.9 out_rms=4.8
[mer-probe long] dd_err_rms=0.4902 dd_mer=20.17
[eq-long t=514.84s] fs=19336 fs_err_rms=0.5313 |taps|=1.376 mu=5e-05 frz=0 hub=0.000 clmp=0
[fpll t=515.32s] nco_freq_hz=-2690068.6 mean|x|=0.02985 rms_x=0.03758 max|x|=0.4120 in_rms=111.8 out_rms=4.8
[eq-long t=515.02s] fs=19344 fs_err_rms=0.5234 |taps|=1.371 mu=5e-05 frz=0 hub=0.000 clmp=0
[fpll t=515.52s] nco_freq_hz=-2690068.4 mean|x|=0.03013 rms_x=0.03786 max|x|=0.2869 in_rms=111.7 out_rms=4.8
[mer-probe long] dd_err_rms=0.4899 dd_mer=20.18
[eq-long t=515.19s] fs=19352 fs_err_rms=0.5223 |taps|=1.375 mu=5e-05 frz=0 hub=0.000 clmp=0
[fpll t=515.71s] nco_freq_hz=-2690068.7 mean|x|=0.02998 rms_x=0.03767 max|x|=0.2717 in_rms=111.7 out_rms=4.8
[eq-long t=515.35s] fs=19360 fs_err_rms=0.5212 |taps|=1.371 mu=5e-05 frz=0 hub=0.000 clmp=0
[fpll t=515.91s] nco_freq_hz=-2690067.6 mean|x|=0.02983 rms_x=0.03751 max|x|=0.2828 in_rms=111.4 out_rms=4.8
[eq-long t=515.58s] fs=19368 fs_err_rms=0.5208 |taps|=1.373 mu=5e-05 frz=0 hub=0.000 clmp=0
[mer-probe long] dd_err_rms=0.4895 dd_mer=20.18
[fpll t=516.15s] nco_freq_hz=-2690067.2 mean|x|=0.02980 rms_x=0.03750 max|x|=0.2879 in_rms=111.2 out_rms=4.8
[eq-long t=515.79s] fs=19376 fs_err_rms=0.5246 |taps|=1.374 mu=5e-05 frz=0 hub=0.000 clmp=0
[fpll t=516.43s] nco_freq_hz=-2690066.3 mean|x|=0.02983 rms_x=0.03754 max|x|=0.3058 in_rms=111.8 out_rms=4.8
[eq-long t=516.02s] fs=19384 fs_err_rms=0.5183 |taps|=1.374 mu=5e-05 frz=0 hub=0.000 clmp=0
[mer-probe long] dd_err_rms=0.4895 dd_mer=20.18
[eq-long t=516.23s] fs=19392 fs_err_rms=0.5235 |taps|=1.372 mu=5e-05 frz=0 hub=0.000 clmp=0
[fpll t=516.68s] nco_freq_hz=-2690065.8 mean|x|=0.02986 rms_x=0.03755 max|x|=0.2772 in_rms=111.9 out_rms=4.8
[eq-long t=516.47s] fs=19400 fs_err_rms=0.5268 |taps|=1.374 mu=5e-05 frz=0 hub=0.000 clmp=0
[fpll t=516.93s] nco_freq_hz=-2690069.2 mean|x|=0.02988 rms_x=0.03759 max|x|=0.2823 in_rms=111.9 out_rms=4.8
[eq-long t=516.67s] fs=19408 fs_err_rms=0.5318 |taps|=1.373 mu=5e-05 frz=0 hub=0.000 clmp=0
[mer-probe long] dd_err_rms=0.4900 dd_mer=20.18
[fpll t=517.19s] nco_freq_hz=-2690067.8 mean|x|=0.02982 rms_x=0.03748 max|x|=0.2517 in_rms=112.2 out_rms=4.8
[eq-long t=516.88s] fs=19416 fs_err_rms=0.5250 |taps|=1.374 mu=5e-05 frz=0 hub=0.000 clmp=0
[fpll t=517.44s] nco_freq_hz=-2690067.3 mean|x|=0.02973 rms_x=0.03739 max|x|=0.3129 in_rms=112.1 out_rms=4.8
[eq-long t=517.11s] fs=19424 fs_err_rms=0.5198 |taps|=1.373 mu=5e-05 frz=0 hub=0.000 clmp=0
[mer-probe long] dd_err_rms=0.4904 dd_mer=20.17
[fpll t=517.70s] nco_freq_hz=-2690070.1 mean|x|=0.02984 rms_x=0.03751 max|x|=0.2231 in_rms=111.9 out_rms=4.8
[eq-long t=517.35s] fs=19432 fs_err_rms=0.5320 |taps|=1.373 mu=5e-05 frz=0 hub=0.000 clmp=0
[fpll t=517.95s] nco_freq_hz=-2690067.7 mean|x|=0.02983 rms_x=0.03750 max|x|=0.2706 in_rms=112.3 out_rms=4.8
[eq-long t=517.56s] fs=19440 fs_err_rms=0.5315 |taps|=1.377 mu=5e-05 frz=0 hub=0.000 clmp=0
[fpll t=518.21s] nco_freq_hz=-2690068.4 mean|x|=0.02977 rms_x=0.03742 max|x|=0.2467 in_rms=112.4 out_rms=4.8
[mer-probe long] dd_err_rms=0.4895 dd_mer=20.19
[eq-long t=517.80s] fs=19448 fs_err_rms=0.5250 |taps|=1.370 mu=5e-05 frz=0 hub=0.000 clmp=0
[fpll t=518.45s] nco_freq_hz=-2690063.5 mean|x|=0.02996 rms_x=0.03765 max|x|=0.2680 in_rms=112.3 out_rms=4.8
[eq-long t=518.01s] fs=19456 fs_err_rms=0.5306 |taps|=1.370 mu=5e-05 frz=0 hub=0.000 clmp=0
[eq-long t=518.22s] fs=19464 fs_err_rms=0.5409 |taps|=1.369 mu=5e-05 frz=0 hub=0.000 clmp=0
[fpll t=518.71s] nco_freq_hz=-2690067.4 mean|x|=0.02993 rms_x=0.03765 max|x|=0.2622 in_rms=112.1 out_rms=4.8
[mer-probe long] dd_err_rms=0.4896 dd_mer=20.18
[eq-long t=518.45s] fs=19472 fs_err_rms=0.5480 |taps|=1.370 mu=5e-05 frz=0 hub=0.000 clmp=0
[fpll t=518.95s] nco_freq_hz=-2690070.5 mean|x|=0.02971 rms_x=0.03733 max|x|=0.2494 in_rms=111.6 out_rms=4.8
[eq-long t=518.66s] fs=19480 fs_err_rms=0.5147 |taps|=1.375 mu=5e-05 frz=0 hub=0.000 clmp=0
[fpll t=519.20s] nco_freq_hz=-2690070.5 mean|x|=0.02978 rms_x=0.03742 max|x|=0.2398 in_rms=111.7 out_rms=4.8
[mer-probe long] dd_err_rms=0.4896 dd_mer=20.18
[eq-long t=518.83s] fs=19488 fs_err_rms=0.5126 |taps|=1.373 mu=5e-05 frz=0 hub=0.000 clmp=0
[fpll t=519.40s] nco_freq_hz=-2690068.4 mean|x|=0.02986 rms_x=0.03755 max|x|=0.2804 in_rms=111.6 out_rms=4.8
[eq-long t=519.02s] fs=19496 fs_err_rms=0.5182 |taps|=1.373 mu=5e-05 frz=0 hub=0.000 clmp=0
[fpll t=519.59s] nco_freq_hz=-2690067.0 mean|x|=0.02984 rms_x=0.03751 max|x|=0.3033 in_rms=111.6 out_rms=4.8
[eq-long t=519.18s] fs=19504 fs_err_rms=0.5600 |taps|=1.375 mu=5e-05 frz=0 hub=0.000 clmp=0
[mer-probe long] dd_err_rms=0.4902 dd_mer=20.17
[fpll t=519.79s] nco_freq_hz=-2690068.9 mean|x|=0.02987 rms_x=0.03756 max|x|=0.2396 in_rms=111.7 out_rms=4.8
[eq-long t=519.38s] fs=19512 fs_err_rms=0.5229 |taps|=1.373 mu=5e-05 frz=0 hub=0.000 clmp=0
[fpll t=520.03s] nco_freq_hz=-2690069.2 mean|x|=0.03000 rms_x=0.03773 max|x|=0.2949 in_rms=112.0 out_rms=4.8
[eq-long t=519.60s] fs=19520 fs_err_rms=0.5528 |taps|=1.371 mu=5e-05 frz=0 hub=0.000 clmp=0
[mer-probe long] dd_err_rms=0.4907 dd_mer=20.16
[eq-long t=519.79s] fs=19528 fs_err_rms=0.5308 |taps|=1.371 mu=5e-05 frz=0 hub=0.000 clmp=0
[fpll t=520.29s] nco_freq_hz=-2690070.0 mean|x|=0.03001 rms_x=0.03770 max|x|=0.2542 in_rms=112.4 out_rms=4.8
[eq-long t=520.04s] fs=19536 fs_err_rms=0.5478 |taps|=1.369 mu=5e-05 frz=0 hub=0.000 clmp=0
[fpll t=520.53s] nco_freq_hz=-2690071.5 mean|x|=0.03008 rms_x=0.03784 max|x|=0.2492 in_rms=112.6 out_rms=4.8
[eq-long t=520.26s] fs=19544 fs_err_rms=0.5477 |taps|=1.373 mu=5e-05 frz=0 hub=0.000 clmp=0
[mer-probe long] dd_err_rms=0.4885 dd_mer=20.20
[fpll t=520.77s] nco_freq_hz=-2690069.1 mean|x|=0.02995 rms_x=0.03766 max|x|=0.3074 in_rms=112.2 out_rms=4.8
[eq-long t=520.48s] fs=19552 fs_err_rms=0.5496 |taps|=1.375 mu=5e-05 frz=0 hub=0.000 clmp=0
[fpll t=521.03s] nco_freq_hz=-2690066.7 mean|x|=0.02982 rms_x=0.03751 max|x|=0.2490 in_rms=112.2 out_rms=4.8
[eq-long t=520.69s] fs=19560 fs_err_rms=0.5844 |taps|=1.376 mu=5e-05 frz=0 hub=0.000 clmp=0
[mer-probe long] dd_err_rms=0.4898 dd_mer=20.18
[fpll t=521.28s] nco_freq_hz=-2690067.6 mean|x|=0.02995 rms_x=0.03766 max|x|=0.2935 in_rms=112.2 out_rms=4.8
[eq-long t=520.92s] fs=19568 fs_err_rms=0.5348 |taps|=1.374 mu=5e-05 frz=0 hub=0.000 clmp=0
[fpll t=521.51s] nco_freq_hz=-2690067.5 mean|x|=0.02978 rms_x=0.03743 max|x|=0.2643 in_rms=111.8 out_rms=4.8
[eq-long t=521.24s] fs=19576 fs_err_rms=0.5348 |taps|=1.373 mu=5e-05 frz=0 hub=0.000 clmp=0
[mer-probe long] dd_err_rms=0.4893 dd_mer=20.19
[fpll t=521.92s] nco_freq_hz=-2690068.3 mean|x|=0.02963 rms_x=0.03723 max|x|=0.2563 in_rms=111.9 out_rms=4.8
[eq-long t=521.49s] fs=19584 fs_err_rms=0.5350 |taps|=1.373 mu=5e-05 frz=0 hub=0.000 clmp=0
[eq-long t=521.72s] fs=19592 fs_err_rms=0.5382 |taps|=1.377 mu=5e-05 frz=0 hub=0.000 clmp=0
[fpll t=522.18s] nco_freq_hz=-2690068.7 mean|x|=0.02979 rms_x=0.03745 max|x|=0.2470 in_rms=111.5 out_rms=4.8
OsO[eq-long t=521.96s] fs=19600 fs_err_rms=0.5422 |taps|=1.373 mu=5e-05 frz=0 hub=0.000 clmp=0
[fpll t=522.45s] nco_freq_hz=-2690066.1 mean|x|=0.02980 rms_x=0.03748 max|x|=0.2886 in_rms=111.3 out_rms=4.8
[mer-probe long] dd_err_rms=0.4903 dd_mer=20.17
[eq-long t=522.18s] fs=19608 fs_err_rms=0.5371 |taps|=1.374 mu=5e-05 frz=0 hub=0.000 clmp=0
[fpll t=522.70s] nco_freq_hz=-2689934.5 mean|x|=0.03085 rms_x=0.04750 max|x|=1.5703 in_rms=111.3 out_rms=4.8
[eq-long t=522.41s] fs=19616 fs_err_rms=0.5296 |taps|=1.376 mu=5e-05 frz=0 hub=0.000 clmp=0
[fpll t=522.96s] nco_freq_hz=-2690064.4 mean|x|=0.02975 rms_x=0.03745 max|x|=0.2232 in_rms=111.5 out_rms=4.8
[mer-probe long] dd_err_rms=0.4934 dd_mer=20.12
[eq-long t=522.64s] fs=19624 fs_err_rms=0.5235 |taps|=1.374 mu=5e-05 frz=0 hub=0.000 clmp=0
[fpll t=523.21s] nco_freq_hz=-2690067.3 mean|x|=0.02978 rms_x=0.03747 max|x|=0.2534 in_rms=111.5 out_rms=4.8
[eq-long t=522.86s] fs=19632 fs_err_rms=0.5357 |taps|=1.376 mu=5e-05 frz=0 hub=0.000 clmp=0
[fpll t=523.47s] nco_freq_hz=-2690068.1 mean|x|=0.02974 rms_x=0.03739 max|x|=0.2296 in_rms=111.9 out_rms=4.8
[eq-long t=523.08s] fs=19640 fs_err_rms=0.5286 |taps|=1.377 mu=5e-05 frz=0 hub=0.000 clmp=0
[mer-probe long] dd_err_rms=0.4897 dd_mer=20.18
[fpll t=523.72s] nco_freq_hz=-2690069.8 mean|x|=0.02974 rms_x=0.03739 max|x|=0.3615 in_rms=112.0 out_rms=4.8
[eq-long t=523.31s] fs=19648 fs_err_rms=0.5312 |taps|=1.377 mu=5e-05 frz=0 hub=0.000 clmp=0
[eq-long t=523.54s] fs=19656 fs_err_rms=0.5343 |taps|=1.377 mu=5e-05 frz=0 hub=0.000 clmp=0
[fpll t=523.98s] nco_freq_hz=-2690068.1 mean|x|=0.02971 rms_x=0.03735 max|x|=0.2727 in_rms=112.1 out_rms=4.8
[mer-probe long] dd_err_rms=0.4895 dd_mer=20.18
[eq-long t=523.71s] fs=19664 fs_err_rms=0.5355 |taps|=1.373 mu=5e-05 frz=0 hub=0.000 clmp=0
[fpll t=524.19s] nco_freq_hz=-2690071.9 mean|x|=0.02980 rms_x=0.03744 max|x|=0.1997 in_rms=112.2 out_rms=4.8
[eq-long t=523.89s] fs=19672 fs_err_rms=0.5451 |taps|=1.373 mu=5e-05 frz=0 hub=0.000 clmp=0
[fpll t=524.39s] nco_freq_hz=-2690068.4 mean|x|=0.02979 rms_x=0.03751 max|x|=0.2737 in_rms=112.2 out_rms=4.8
[mer-probe long] dd_err_rms=0.4886 dd_mer=20.20
[eq-long t=524.06s] fs=19680 fs_err_rms=0.5293 |taps|=1.374 mu=5e-05 frz=0 hub=0.000 clmp=0
[fpll t=524.58s] nco_freq_hz=-2690067.7 mean|x|=0.02979 rms_x=0.03743 max|x|=0.2466 in_rms=112.0 out_rms=4.8
[eq-long t=524.22s] fs=19688 fs_err_rms=0.5267 |taps|=1.372 mu=5e-05 frz=0 hub=0.000 clmp=0
[fpll t=524.77s] nco_freq_hz=-2690069.9 mean|x|=0.02971 rms_x=0.03732 max|x|=0.2581 in_rms=111.9 out_rms=4.8
[eq-long t=524.39s] fs=19696 fs_err_rms=0.5324 |taps|=1.372 mu=5e-05 frz=0 hub=0.000 clmp=0
[mer-probe long] dd_err_rms=0.4891 dd_mer=20.19
[fpll t=524.98s] nco_freq_hz=-2690070.2 mean|x|=0.02962 rms_x=0.03722 max|x|=0.2296 in_rms=111.8 out_rms=4.8
[eq-long t=524.59s] fs=19704 fs_err_rms=0.5278 |taps|=1.371 mu=5e-05 frz=0 hub=0.000 clmp=0
[fpll t=525.24s] nco_freq_hz=-2690065.9 mean|x|=0.02990 rms_x=0.03759 max|x|=0.3087 in_rms=111.9 out_rms=4.8
[eq-long t=524.84s] fs=19712 fs_err_rms=0.5209 |taps|=1.374 mu=5e-05 frz=0 hub=0.000 clmp=0
[mer-probe long] dd_err_rms=0.4900 dd_mer=20.18
[eq-long t=525.02s] fs=19720 fs_err_rms=0.5568 |taps|=1.370 mu=5e-05 frz=0 hub=0.000 clmp=0
[fpll t=525.47s] nco_freq_hz=-2690067.7 mean|x|=0.02988 rms_x=0.03761 max|x|=0.2773 in_rms=112.0 out_rms=4.8
[eq-long t=525.18s] fs=19728 fs_err_rms=0.5375 |taps|=1.368 mu=5e-05 frz=0 hub=0.000 clmp=0
[fpll t=525.66s] nco_freq_hz=-2690065.5 mean|x|=0.02983 rms_x=0.03752 max|x|=0.2754 in_rms=111.8 out_rms=4.8
[eq-long t=525.37s] fs=19736 fs_err_rms=0.5181 |taps|=1.371 mu=5e-05 frz=0 hub=0.000 clmp=0
[mer-probe long] dd_err_rms=0.4892 dd_mer=20.19
[fpll t=525.86s] nco_freq_hz=-2690071.4 mean|x|=0.03002 rms_x=0.03774 max|x|=0.2649 in_rms=112.0 out_rms=4.8
[eq-long t=525.54s] fs=19744 fs_err_rms=0.5308 |taps|=1.370 mu=5e-05 frz=0 hub=0.000 clmp=0
[fpll t=526.06s] nco_freq_hz=-2690067.6 mean|x|=0.03001 rms_x=0.03775 max|x|=0.2751 in_rms=112.1 out_rms=4.8
[eq-long t=525.70s] fs=19752 fs_err_rms=0.5228 |taps|=1.371 mu=5e-05 frz=0 hub=0.000 clmp=0
[fpll t=526.26s] nco_freq_hz=-2690069.4 mean|x|=0.02997 rms_x=0.03770 max|x|=0.3238 in_rms=112.7 out_rms=4.8
[mer-probe long] dd_err_rms=0.4889 dd_mer=20.19
[eq-long t=525.91s] fs=19760 fs_err_rms=0.5138 |taps|=1.372 mu=5e-05 frz=0 hub=0.000 clmp=0
[fpll t=526.51s] nco_freq_hz=-2690069.3 mean|x|=0.03001 rms_x=0.03773 max|x|=0.2527 in_rms=113.5 out_rms=4.8
[eq-long t=526.13s] fs=19768 fs_err_rms=0.5203 |taps|=1.372 mu=5e-05 frz=0 hub=0.000 clmp=0
[fpll t=526.80s] nco_freq_hz=-2690068.5 mean|x|=0.02996 rms_x=0.03769 max|x|=0.2958 in_rms=113.4 out_rms=4.8
[mer-probe long] dd_err_rms=0.4890 dd_mer=20.19
[eq-long t=526.39s] fs=19776 fs_err_rms=0.5273 |taps|=1.368 mu=5e-05 frz=0 hub=0.000 clmp=0
[eq-long t=526.62s] fs=19784 fs_err_rms=0.5234 |taps|=1.375 mu=5e-05 frz=0 hub=0.000 clmp=0
[fpll t=527.07s] nco_freq_hz=-2690068.1 mean|x|=0.02987 rms_x=0.03754 max|x|=0.2259 in_rms=113.5 out_rms=4.8
[eq-long t=526.84s] fs=19792 fs_err_rms=0.5302 |taps|=1.372 mu=5e-05 frz=0 hub=0.000 clmp=0
[fpll t=527.33s] nco_freq_hz=-2690068.4 mean|x|=0.02993 rms_x=0.03763 max|x|=0.2358 in_rms=113.9 out_rms=4.8
[mer-probe long] dd_err_rms=0.4907 dd_mer=20.16
[eq-long t=527.07s] fs=19800 fs_err_rms=0.5199 |taps|=1.372 mu=5e-05 frz=0 hub=0.000 clmp=0
[fpll t=527.58s] nco_freq_hz=-2690066.5 mean|x|=0.02992 rms_x=0.03763 max|x|=0.3009 in_rms=113.6 out_rms=4.8
[eq-long t=527.30s] fs=19808 fs_err_rms=0.5201 |taps|=1.373 mu=5e-05 frz=0 hub=0.000 clmp=0
[fpll t=527.85s] nco_freq_hz=-2690067.4 mean|x|=0.02979 rms_x=0.03742 max|x|=0.2435 in_rms=113.6 out_rms=4.8
[mer-probe long] dd_err_rms=0.4886 dd_mer=20.20
[eq-long t=527.52s] fs=19816 fs_err_rms=0.5272 |taps|=1.375 mu=5e-05 frz=0 hub=0.000 clmp=0
[fpll t=528.12s] nco_freq_hz=-2690068.8 mean|x|=0.02970 rms_x=0.03734 max|x|=0.2460 in_rms=113.3 out_rms=4.8
[eq-long t=527.77s] fs=19824 fs_err_rms=0.5209 |taps|=1.372 mu=5e-05 frz=0 hub=0.000 clmp=0
[fpll t=528.38s] nco_freq_hz=-2690067.2 mean|x|=0.02978 rms_x=0.03746 max|x|=0.2531 in_rms=112.9 out_rms=4.8
[eq-long t=527.98s] fs=19832 fs_err_rms=0.5302 |taps|=1.371 mu=5e-05 frz=0 hub=0.000 clmp=0
[mer-probe long] dd_err_rms=0.4897 dd_mer=20.18
[fpll t=528.62s] nco_freq_hz=-2690067.8 mean|x|=0.02951 rms_x=0.03709 max|x|=0.3553 in_rms=112.7 out_rms=4.8
[eq-long t=528.21s] fs=19840 fs_err_rms=0.5333 |taps|=1.370 mu=5e-05 frz=0 hub=0.000 clmp=0
[eq-long t=528.43s] fs=19848 fs_err_rms=0.5366 |taps|=1.371 mu=5e-05 frz=0 hub=0.000 clmp=0
[fpll t=528.88s] nco_freq_hz=-2690069.6 mean|x|=0.02976 rms_x=0.03742 max|x|=0.2558 in_rms=112.5 out_rms=4.8
[mer-probe long] dd_err_rms=0.4904 dd_mer=20.17
[eq-long t=528.66s] fs=19856 fs_err_rms=0.5301 |taps|=1.373 mu=5e-05 frz=0 hub=0.000 clmp=0
[fpll t=529.15s] nco_freq_hz=-2690066.6 mean|x|=0.02976 rms_x=0.03742 max|x|=0.2580 in_rms=112.7 out_rms=4.8
[eq-long t=528.89s] fs=19864 fs_err_rms=0.5327 |taps|=1.372 mu=5e-05 frz=0 hub=0.000 clmp=0
[fpll t=529.40s] nco_freq_hz=-2690069.8 mean|x|=0.02953 rms_x=0.03713 max|x|=0.2648 in_rms=113.1 out_rms=4.8
[eq-long t=529.12s] fs=19872 fs_err_rms=0.5161 |taps|=1.369 mu=5e-05 frz=0 hub=0.000 clmp=0
[mer-probe long] dd_err_rms=0.4893 dd_mer=20.19
[fpll t=529.63s] nco_freq_hz=-2690067.9 mean|x|=0.02972 rms_x=0.03737 max|x|=0.2827 in_rms=113.1 out_rms=4.8
[eq-long t=529.29s] fs=19880 fs_err_rms=0.5341 |taps|=1.371 mu=5e-05 frz=0 hub=0.000 clmp=0
[fpll t=529.89s] nco_freq_hz=-2690069.7 mean|x|=0.02972 rms_x=0.03740 max|x|=0.2708 in_rms=113.2 out_rms=4.8
[eq-long t=529.54s] fs=19888 fs_err_rms=0.5537 |taps|=1.372 mu=5e-05 frz=0 hub=0.000 clmp=0
[mer-probe long] dd_err_rms=0.4896 dd_mer=20.18
[fpll t=530.12s] nco_freq_hz=-2690069.6 mean|x|=0.02973 rms_x=0.03734 max|x|=0.2698 in_rms=113.4 out_rms=4.8
[eq-long t=529.73s] fs=19896 fs_err_rms=0.5388 |taps|=1.370 mu=5e-05 frz=0 hub=0.000 clmp=0
[fpll t=530.38s] nco_freq_hz=-2690067.6 mean|x|=0.02963 rms_x=0.03725 max|x|=0.2298 in_rms=113.1 out_rms=4.8
[eq-long t=529.97s] fs=19904 fs_err_rms=0.5275 |taps|=1.369 mu=5e-05 frz=0 hub=0.000 clmp=0
[mer-probe long] dd_err_rms=0.4902 dd_mer=20.17
[fpll t=530.62s] nco_freq_hz=-2690065.9 mean|x|=0.02971 rms_x=0.03737 max|x|=0.3674 in_rms=113.5 out_rms=4.8
[eq-long t=530.17s] fs=19912 fs_err_rms=0.5353 |taps|=1.372 mu=5e-05 frz=0 hub=0.000 clmp=0
[eq-long t=530.39s] fs=19920 fs_err_rms=0.5183 |taps|=1.371 mu=5e-05 frz=0 hub=0.000 clmp=0
[fpll t=530.89s] nco_freq_hz=-2690068.0 mean|x|=0.02986 rms_x=0.03755 max|x|=0.2815 in_rms=113.6 out_rms=4.8
[eq-long t=530.63s] fs=19928 fs_err_rms=0.5307 |taps|=1.371 mu=5e-05 frz=0 hub=0.000 clmp=0
[fpll t=531.11s] nco_freq_hz=-2690066.6 mean|x|=0.02972 rms_x=0.03740 max|x|=0.2737 in_rms=113.5 out_rms=4.8
[mer-probe long] dd_err_rms=0.4894 dd_mer=20.19
[eq-long t=530.82s] fs=19936 fs_err_rms=0.5383 |taps|=1.368 mu=5e-05 frz=0 hub=0.000 clmp=0
[fpll t=531.38s] nco_freq_hz=-2690071.6 mean|x|=0.02987 rms_x=0.03759 max|x|=0.3159 in_rms=113.8 out_rms=4.8
[eq-long t=531.05s] fs=19944 fs_err_rms=0.5306 |taps|=1.370 mu=5e-05 frz=0 hub=0.000 clmp=0
[fpll t=531.62s] nco_freq_hz=-2690066.1 mean|x|=0.02964 rms_x=0.03729 max|x|=0.2384 in_rms=113.3 out_rms=4.8
[mer-probe long] dd_err_rms=0.4895 dd_mer=20.18
[eq-long t=531.28s] fs=19952 fs_err_rms=0.5394 |taps|=1.369 mu=5e-05 frz=0 hub=0.000 clmp=0
[fpll t=531.86s] nco_freq_hz=-2690069.9 mean|x|=0.02981 rms_x=0.03745 max|x|=0.2318 in_rms=113.2 out_rms=4.8
[eq-long t=531.47s] fs=19960 fs_err_rms=0.5416 |taps|=1.365 mu=5e-05 frz=0 hub=0.000 clmp=0
[fpll t=532.12s] nco_freq_hz=-2690063.8 mean|x|=0.02975 rms_x=0.03738 max|x|=0.2528 in_rms=113.5 out_rms=4.8
[eq-long t=531.69s] fs=19968 fs_err_rms=0.5336 |taps|=1.370 mu=5e-05 frz=0 hub=0.000 clmp=0
[mer-probe long] dd_err_rms=0.4891 dd_mer=20.19
[eq-long t=531.91s] fs=19976 fs_err_rms=0.5286 |taps|=1.366 mu=5e-05 frz=0 hub=0.000 clmp=0
[fpll t=532.36s] nco_freq_hz=-2690069.3 mean|x|=0.02976 rms_x=0.03743 max|x|=0.2653 in_rms=113.5 out_rms=4.8
[eq-long t=532.13s] fs=19984 fs_err_rms=0.5271 |taps|=1.369 mu=5e-05 frz=0 hub=0.000 clmp=0
[fpll t=532.61s] nco_freq_hz=-2690069.6 mean|x|=0.02979 rms_x=0.03748 max|x|=0.2493 in_rms=113.4 out_rms=4.8
[mer-probe long] dd_err_rms=0.4905 dd_mer=20.17
[eq-long t=532.36s] fs=19992 fs_err_rms=0.5271 |taps|=1.370 mu=5e-05 frz=0 hub=0.000 clmp=0
[fpll t=532.85s] nco_freq_hz=-2690068.7 mean|x|=0.02959 rms_x=0.03718 max|x|=0.2825 in_rms=113.8 out_rms=4.8
[eq-long t=532.56s] fs=20000 fs_err_rms=0.5293 |taps|=1.369 mu=5e-05 frz=0 hub=0.000 clmp=0
[fpll t=533.09s] nco_freq_hz=-2690066.7 mean|x|=0.02977 rms_x=0.03745 max|x|=0.2400 in_rms=113.7 out_rms=4.8
[mer-probe long] dd_err_rms=0.4902 dd_mer=20.17
[eq-long t=532.77s] fs=20008 fs_err_rms=0.5194 |taps|=1.367 mu=5e-05 frz=0 hub=0.000 clmp=0
[fpll t=533.35s] nco_freq_hz=-2690066.0 mean|x|=0.02958 rms_x=0.03720 max|x|=0.2198 in_rms=114.2 out_rms=4.8
[eq-long t=532.99s] fs=20016 fs_err_rms=0.5281 |taps|=1.370 mu=5e-05 frz=0 hub=0.000 clmp=0
[fpll t=533.60s] nco_freq_hz=-2690071.7 mean|x|=0.02975 rms_x=0.03742 max|x|=0.3382 in_rms=114.4 out_rms=4.8
[eq-long t=533.21s] fs=20024 fs_err_rms=0.5333 |taps|=1.368 mu=5e-05 frz=0 hub=0.000 clmp=0
[mer-probe long] dd_err_rms=0.4903 dd_mer=20.17
[fpll t=533.85s] nco_freq_hz=-2690070.5 mean|x|=0.02962 rms_x=0.03724 max|x|=0.3166 in_rms=114.5 out_rms=4.8
[eq-long t=533.42s] fs=20032 fs_err_rms=0.5502 |taps|=1.366 mu=5e-05 frz=0 hub=0.000 clmp=0
OsO[eq-long t=533.66s] fs=20040 fs_err_rms=0.5388 |taps|=1.364 mu=5e-05 frz=0 hub=0.000 clmp=0
[fpll t=534.10s] nco_freq_hz=-2690066.7 mean|x|=0.02953 rms_x=0.03714 max|x|=0.2318 in_rms=114.9 out_rms=4.8
[mer-probe long] dd_err_rms=0.4893 dd_mer=20.19
[eq-long t=533.87s] fs=20048 fs_err_rms=0.5306 |taps|=1.367 mu=5e-05 frz=0 hub=0.000 clmp=0
[fpll t=534.34s] nco_freq_hz=-2690065.0 mean|x|=0.03046 rms_x=0.04336 max|x|=1.2183 in_rms=114.6 out_rms=4.8
[eq-long t=534.08s] fs=20056 fs_err_rms=0.5376 |taps|=1.367 mu=5e-05 frz=0 hub=0.000 clmp=0
[fpll t=534.58s] nco_freq_hz=-2690066.7 mean|x|=0.02985 rms_x=0.03758 max|x|=0.2617 in_rms=112.6 out_rms=4.8
[eq-long t=534.31s] fs=20064 fs_err_rms=0.5415 |taps|=1.365 mu=5e-05 frz=0 hub=0.000 clmp=0
[mer-probe long] dd_err_rms=0.4980 dd_mer=20.03
[fpll t=534.83s] nco_freq_hz=-2690064.4 mean|x|=0.02987 rms_x=0.03757 max|x|=0.2291 in_rms=112.9 out_rms=4.8
[eq-long t=534.51s] fs=20072 fs_err_rms=0.5404 |taps|=1.367 mu=5e-05 frz=0 hub=0.000 clmp=0
[fpll t=535.06s] nco_freq_hz=-2690069.2 mean|x|=0.02969 rms_x=0.03735 max|x|=0.2523 in_rms=114.1 out_rms=4.8
[eq-long t=534.68s] fs=20080 fs_err_rms=0.5479 |taps|=1.367 mu=5e-05 frz=0 hub=0.000 clmp=0
[mer-probe long] dd_err_rms=0.4902 dd_mer=20.17
[fpll t=535.25s] nco_freq_hz=-2690067.3 mean|x|=0.02970 rms_x=0.03735 max|x|=0.2668 in_rms=112.3 out_rms=4.8
[eq-long t=534.85s] fs=20088 fs_err_rms=0.5488 |taps|=1.364 mu=5e-05 frz=0 hub=0.000 clmp=0
[fpll t=535.45s] nco_freq_hz=-2690071.2 mean|x|=0.02946 rms_x=0.03703 max|x|=0.3170 in_rms=112.6 out_rms=4.8
[eq-long t=535.03s] fs=20096 fs_err_rms=0.5362 |taps|=1.368 mu=5e-05 frz=0 hub=0.000 clmp=0
[mer-probe long] dd_err_rms=0.4887 dd_mer=20.20
[eq-long t=535.19s] fs=20104 fs_err_rms=0.5438 |taps|=1.367 mu=5e-05 frz=0 hub=0.000 clmp=0
[fpll t=535.65s] nco_freq_hz=-2690066.7 mean|x|=0.02966 rms_x=0.03728 max|x|=0.2601 in_rms=115.6 out_rms=4.8
[eq-long t=535.38s] fs=20112 fs_err_rms=0.5352 |taps|=1.369 mu=5e-05 frz=0 hub=0.000 clmp=0
[fpll t=535.84s] nco_freq_hz=-2690070.4 mean|x|=0.02981 rms_x=0.03747 max|x|=0.2342 in_rms=103.8 out_rms=4.8
[eq-long t=535.58s] fs=20120 fs_err_rms=0.5304 |taps|=1.364 mu=5e-05 frz=0 hub=0.000 clmp=0
[fpll t=536.09s] nco_freq_hz=-2690069.4 mean|x|=0.02969 rms_x=0.03734 max|x|=0.2585 in_rms=103.3 out_rms=4.8
[mer-probe long] dd_err_rms=0.4883 dd_mer=20.21
[eq-long t=535.81s] fs=20128 fs_err_rms=0.5360 |taps|=1.370 mu=5e-05 frz=0 hub=0.000 clmp=0
[fpll t=536.36s] nco_freq_hz=-2690071.1 mean|x|=0.02976 rms_x=0.03742 max|x|=0.2244 in_rms=102.3 out_rms=4.8
[eq-long t=536.07s] fs=20136 fs_err_rms=0.5501 |taps|=1.369 mu=5e-05 frz=0 hub=0.000 clmp=0
[fpll t=536.63s] nco_freq_hz=-2690070.0 mean|x|=0.02962 rms_x=0.03729 max|x|=0.2799 in_rms=101.1 out_rms=4.8
[mer-probe long] dd_err_rms=0.4886 dd_mer=20.20
[eq-long t=536.26s] fs=20144 fs_err_rms=0.5571 |taps|=1.365 mu=5e-05 frz=0 hub=0.000 clmp=0
[fpll t=536.83s] nco_freq_hz=-2690067.1 mean|x|=0.02956 rms_x=0.03717 max|x|=0.2377 in_rms=100.8 out_rms=4.8
[eq-long t=536.44s] fs=20152 fs_err_rms=0.5367 |taps|=1.368 mu=5e-05 frz=0 hub=0.000 clmp=0
[fpll t=537.04s] nco_freq_hz=-2690067.3 mean|x|=0.02975 rms_x=0.03740 max|x|=0.2191 in_rms=101.6 out_rms=4.8
[eq-long t=536.62s] fs=20160 fs_err_rms=0.5288 |taps|=1.367 mu=5e-05 frz=0 hub=0.000 clmp=0
[mer-probe long] dd_err_rms=0.4891 dd_mer=20.19
[eq-long t=536.78s] fs=20168 fs_err_rms=0.5428 |taps|=1.366 mu=5e-05 frz=0 hub=0.000 clmp=0
[fpll t=537.23s] nco_freq_hz=-2690072.2 mean|x|=0.02982 rms_x=0.03752 max|x|=0.2470 in_rms=100.9 out_rms=4.8
[eq-long t=536.96s] fs=20176 fs_err_rms=0.5364 |taps|=1.368 mu=5e-05 frz=0 hub=0.000 clmp=0
[fpll t=537.44s] nco_freq_hz=-2690069.0 mean|x|=0.02955 rms_x=0.03712 max|x|=0.2477 in_rms=101.1 out_rms=4.8
[mer-probe long] dd_err_rms=0.4889 dd_mer=20.20
[eq-long t=537.17s] fs=20184 fs_err_rms=0.5519 |taps|=1.371 mu=5e-05 frz=0 hub=0.000 clmp=0
[fpll t=537.67s] nco_freq_hz=-2690064.7 mean|x|=0.02947 rms_x=0.03706 max|x|=0.2275 in_rms=101.3 out_rms=4.8
[eq-long t=537.34s] fs=20192 fs_err_rms=0.5606 |taps|=1.368 mu=5e-05 frz=0 hub=0.000 clmp=0
[fpll t=537.88s] nco_freq_hz=-2690068.1 mean|x|=0.02957 rms_x=0.03719 max|x|=0.2549 in_rms=101.5 out_rms=4.8
[eq-long t=537.53s] fs=20200 fs_err_rms=0.5562 |taps|=1.369 mu=5e-05 frz=0 hub=0.000 clmp=0
[mer-probe long] dd_err_rms=0.4895 dd_mer=20.18
[fpll t=538.07s] nco_freq_hz=-2690066.1 mean|x|=0.02944 rms_x=0.03701 max|x|=0.2761 in_rms=101.4 out_rms=4.8
[eq-long t=537.69s] fs=20208 fs_err_rms=0.5366 |taps|=1.369 mu=5e-05 frz=0 hub=0.000 clmp=0
[fpll t=538.26s] nco_freq_hz=-2690069.4 mean|x|=0.02948 rms_x=0.03704 max|x|=0.2471 in_rms=102.0 out_rms=4.8
[eq-long t=537.85s] fs=20216 fs_err_rms=0.5482 |taps|=1.368 mu=5e-05 frz=0 hub=0.000 clmp=0
[mer-probe long] dd_err_rms=0.4887 dd_mer=20.20
[fpll t=538.46s] nco_freq_hz=-2690065.9 mean|x|=0.02956 rms_x=0.03716 max|x|=0.2162 in_rms=102.1 out_rms=4.8
[eq-long t=538.04s] fs=20224 fs_err_rms=0.5615 |taps|=1.363 mu=5e-05 frz=0 hub=0.000 clmp=0
[eq-long t=538.21s] fs=20232 fs_err_rms=0.5433 |taps|=1.367 mu=5e-05 frz=0 hub=0.000 clmp=0
[fpll t=538.65s] nco_freq_hz=-2690065.1 mean|x|=0.02938 rms_x=0.03693 max|x|=0.2395 in_rms=102.5 out_rms=4.8
[mer-probe long] dd_err_rms=0.4897 dd_mer=20.18
[eq-long t=538.46s] fs=20240 fs_err_rms=0.5470 |taps|=1.366 mu=5e-05 frz=0 hub=0.000 clmp=0
[fpll t=538.94s] nco_freq_hz=-2690066.3 mean|x|=0.02934 rms_x=0.03691 max|x|=0.3252 in_rms=102.8 out_rms=4.8
[eq-long t=538.71s] fs=20248 fs_err_rms=0.5410 |taps|=1.369 mu=5e-05 frz=0 hub=0.000 clmp=0
[fpll t=539.20s] nco_freq_hz=-2690068.2 mean|x|=0.02937 rms_x=0.03691 max|x|=0.2239 in_rms=103.1 out_rms=4.8
[eq-long t=538.94s] fs=20256 fs_err_rms=0.5471 |taps|=1.369 mu=5e-05 frz=0 hub=0.000 clmp=0
[mer-probe long] dd_err_rms=0.4901 dd_mer=20.17
[fpll t=539.49s] nco_freq_hz=-2690068.8 mean|x|=0.02932 rms_x=0.03686 max|x|=0.2305 in_rms=102.7 out_rms=4.8
[eq-long t=539.17s] fs=20264 fs_err_rms=0.5324 |taps|=1.367 mu=5e-05 frz=0 hub=0.000 clmp=0
[fpll t=539.72s] nco_freq_hz=-2690068.7 mean|x|=0.02921 rms_x=0.03669 max|x|=0.2243 in_rms=102.6 out_rms=4.8
[eq-long t=539.38s] fs=20272 fs_err_rms=0.5418 |taps|=1.371 mu=5e-05 frz=0 hub=0.000 clmp=0
[mer-probe long] dd_err_rms=0.4888 dd_mer=20.20
[fpll t=540.02s] nco_freq_hz=-2690065.9 mean|x|=0.02959 rms_x=0.03721 max|x|=0.2761 in_rms=102.5 out_rms=4.8
[eq-long t=539.64s] fs=20280 fs_err_rms=0.5210 |taps|=1.367 mu=5e-05 frz=0 hub=0.000 clmp=0
[fpll t=540.30s] nco_freq_hz=-2690070.8 mean|x|=0.02937 rms_x=0.03695 max|x|=0.2612 in_rms=102.1 out_rms=4.8
[eq-long t=539.89s] fs=20288 fs_err_rms=0.5381 |taps|=1.369 mu=5e-05 frz=0 hub=0.000 clmp=0
[eq-long t=540.12s] fs=20296 fs_err_rms=0.5768 |taps|=1.369 mu=5e-05 frz=0 hub=0.000 clmp=0
[fpll t=540.56s] nco_freq_hz=-2690071.1 mean|x|=0.02936 rms_x=0.03693 max|x|=0.2685 in_rms=101.7 out_rms=4.8
[mer-probe long] dd_err_rms=0.4890 dd_mer=20.19
[eq-long t=540.33s] fs=20304 fs_err_rms=0.5476 |taps|=1.371 mu=5e-05 frz=0 hub=0.000 clmp=0
[fpll t=540.84s] nco_freq_hz=-2690066.0 mean|x|=0.02944 rms_x=0.03704 max|x|=0.2640 in_rms=101.4 out_rms=4.8
[eq-long t=540.58s] fs=20312 fs_err_rms=0.5423 |taps|=1.372 mu=5e-05 frz=0 hub=0.000 clmp=0
[fpll t=541.07s] nco_freq_hz=-2690062.3 mean|x|=0.02946 rms_x=0.03702 max|x|=0.2779 in_rms=101.5 out_rms=4.8
[mer-probe long] dd_err_rms=0.4891 dd_mer=20.19
[eq-long t=540.79s] fs=20320 fs_err_rms=0.5437 |taps|=1.370 mu=5e-05 frz=0 hub=0.000 clmp=0
[fpll t=541.34s] nco_freq_hz=-2690065.5 mean|x|=0.02924 rms_x=0.03672 max|x|=0.2390 in_rms=101.8 out_rms=4.8
[eq-long t=541.01s] fs=20328 fs_err_rms=0.5471 |taps|=1.372 mu=5e-05 frz=0 hub=0.000 clmp=0
[fpll t=541.61s] nco_freq_hz=-2690069.3 mean|x|=0.02946 rms_x=0.03702 max|x|=0.2145 in_rms=101.7 out_rms=4.8
[mer-probe long] dd_err_rms=0.4882 dd_mer=20.21
[eq-long t=541.26s] fs=20336 fs_err_rms=0.5514 |taps|=1.367 mu=5e-05 frz=0 hub=0.000 clmp=0
[fpll t=541.87s] nco_freq_hz=-2690064.5 mean|x|=0.02960 rms_x=0.03721 max|x|=0.2122 in_rms=101.9 out_rms=4.8
[eq-long t=541.49s] fs=20344 fs_err_rms=0.5595 |taps|=1.370 mu=5e-05 frz=0 hub=0.000 clmp=0
[fpll t=542.13s] nco_freq_hz=-2690066.9 mean|x|=0.02942 rms_x=0.03698 max|x|=0.2465 in_rms=102.1 out_rms=4.8
[eq-long t=541.73s] fs=20352 fs_err_rms=0.5270 |taps|=1.367 mu=5e-05 frz=0 hub=0.000 clmp=0
[mer-probe long] dd_err_rms=0.4892 dd_mer=20.19
[fpll t=542.37s] nco_freq_hz=-2690066.5 mean|x|=0.02951 rms_x=0.03711 max|x|=0.2671 in_rms=102.1 out_rms=4.8
[eq-long t=541.94s] fs=20360 fs_err_rms=0.5465 |taps|=1.370 mu=5e-05 frz=0 hub=0.000 clmp=0
[eq-long t=542.16s] fs=20368 fs_err_rms=0.5474 |taps|=1.365 mu=5e-05 frz=0 hub=0.000 clmp=0
[fpll t=542.64s] nco_freq_hz=-2690069.8 mean|x|=0.02939 rms_x=0.03692 max|x|=0.2331 in_rms=102.2 out_rms=4.8
[mer-probe long] dd_err_rms=0.4888 dd_mer=20.20
[eq-long t=542.39s] fs=20376 fs_err_rms=0.5543 |taps|=1.367 mu=5e-05 frz=0 hub=0.000 clmp=0
[fpll t=542.90s] nco_freq_hz=-2690066.3 mean|x|=0.02950 rms_x=0.03708 max|x|=0.3667 in_rms=102.4 out_rms=4.8
[eq-long t=542.60s] fs=20384 fs_err_rms=0.5402 |taps|=1.369 mu=5e-05 frz=0 hub=0.000 clmp=0
[fpll t=543.14s] nco_freq_hz=-2690067.8 mean|x|=0.02955 rms_x=0.03713 max|x|=0.4291 in_rms=102.6 out_rms=4.8
[eq-long t=542.81s] fs=20392 fs_err_rms=0.5641 |taps|=1.368 mu=5e-05 frz=0 hub=0.000 clmp=0
[mer-probe long] dd_err_rms=0.4901 dd_mer=20.17
[fpll t=543.40s] nco_freq_hz=-2690068.7 mean|x|=0.02959 rms_x=0.03718 max|x|=0.2512 in_rms=102.6 out_rms=4.8
[eq-long t=543.06s] fs=20400 fs_err_rms=0.5488 |taps|=1.364 mu=5e-05 frz=0 hub=0.000 clmp=0
[fpll t=543.67s] nco_freq_hz=-2690066.1 mean|x|=0.02941 rms_x=0.03696 max|x|=0.2245 in_rms=102.6 out_rms=4.8
[eq-long t=543.27s] fs=20408 fs_err_rms=0.5327 |taps|=1.367 mu=5e-05 frz=0 hub=0.000 clmp=0
[mer-probe long] dd_err_rms=0.4885 dd_mer=20.20
[fpll t=543.88s] nco_freq_hz=-2690067.4 mean|x|=0.02953 rms_x=0.03711 max|x|=0.2594 in_rms=102.4 out_rms=4.8
[eq-long t=543.45s] fs=20416 fs_err_rms=0.5410 |taps|=1.365 mu=5e-05 frz=0 hub=0.000 clmp=0
[eq-long t=543.63s] fs=20424 fs_err_rms=0.5565 |taps|=1.368 mu=5e-05 frz=0 hub=0.000 clmp=0
[fpll t=544.08s] nco_freq_hz=-2690065.5 mean|x|=0.02933 rms_x=0.03684 max|x|=0.2449 in_rms=102.5 out_rms=4.8
[eq-long t=543.79s] fs=20432 fs_err_rms=0.5445 |taps|=1.369 mu=5e-05 frz=0 hub=0.000 clmp=0
[mer-probe long] dd_err_rms=0.4884 dd_mer=20.20
[fpll t=544.27s] nco_freq_hz=-2690064.3 mean|x|=0.02929 rms_x=0.03683 max|x|=0.2244 in_rms=102.2 out_rms=4.8
[eq-long t=543.96s] fs=20440 fs_err_rms=0.5478 |taps|=1.367 mu=5e-05 frz=0 hub=0.000 clmp=0
[fpll t=544.45s] nco_freq_hz=-2690066.7 mean|x|=0.02955 rms_x=0.03712 max|x|=0.2466 in_rms=102.1 out_rms=4.8
[eq-long t=544.12s] fs=20448 fs_err_rms=0.5437 |taps|=1.367 mu=5e-05 frz=0 hub=0.000 clmp=0
[mer-probe long] dd_err_rms=0.4892 dd_mer=20.19
[fpll t=544.66s] nco_freq_hz=-2690070.7 mean|x|=0.02952 rms_x=0.03710 max|x|=0.2656 in_rms=102.2 out_rms=4.8
[eq-long t=544.34s] fs=20456 fs_err_rms=0.5607 |taps|=1.362 mu=5e-05 frz=0 hub=0.000 clmp=0
[fpll t=544.91s] nco_freq_hz=-2690064.1 mean|x|=0.02947 rms_x=0.03702 max|x|=0.2275 in_rms=102.4 out_rms=4.8
[eq-long t=544.55s] fs=20464 fs_err_rms=0.5435 |taps|=1.366 mu=5e-05 frz=0 hub=0.000 clmp=0
[fpll t=545.18s] nco_freq_hz=-2690067.5 mean|x|=0.02960 rms_x=0.03721 max|x|=0.2285 in_rms=102.6 out_rms=4.8
[mer-probe long] dd_err_rms=0.4883 dd_mer=20.21
[eq-long t=544.79s] fs=20472 fs_err_rms=0.5464 |taps|=1.367 mu=5e-05 frz=0 hub=0.000 clmp=0
[fpll t=545.41s] nco_freq_hz=-2690065.7 mean|x|=0.02965 rms_x=0.03728 max|x|=0.2821 in_rms=102.5 out_rms=4.8
[eq-long t=545.01s] fs=20480 fs_err_rms=0.5572 |taps|=1.366 mu=5e-05 frz=0 hub=0.000 clmp=0
[fpll t=545.67s] nco_freq_hz=-2690069.6 mean|x|=0.02950 rms_x=0.03706 max|x|=0.2280 in_rms=102.6 out_rms=4.8
[eq-long t=545.23s] fs=20488 fs_err_rms=0.5449 |taps|=1.367 mu=5e-05 frz=0 hub=0.000 clmp=0
[mer-probe long] dd_err_rms=0.4887 dd_mer=20.20
[eq-long t=545.44s] fs=20496 fs_err_rms=0.5296 |taps|=1.369 mu=5e-05 frz=0 hub=0.000 clmp=0
[fpll t=545.93s] nco_freq_hz=-2690072.1 mean|x|=0.02963 rms_x=0.03724 max|x|=0.2441 in_rms=102.6 out_rms=4.8
[eq-long t=545.68s] fs=20504 fs_err_rms=0.5368 |taps|=1.369 mu=5e-05 frz=0 hub=0.000 clmp=0
[fpll t=546.17s] nco_freq_hz=-2690069.0 mean|x|=0.02955 rms_x=0.03710 max|x|=0.2182 in_rms=102.5 out_rms=4.8
[mer-probe long] dd_err_rms=0.4896 dd_mer=20.18
[eq-long t=545.89s] fs=20512 fs_err_rms=0.5528 |taps|=1.366 mu=5e-05 frz=0 hub=0.000 clmp=0
[fpll t=546.42s] nco_freq_hz=-2690070.6 mean|x|=0.02949 rms_x=0.03705 max|x|=0.2755 in_rms=102.5 out_rms=4.8
[eq-long t=546.11s] fs=20520 fs_err_rms=0.5429 |taps|=1.368 mu=5e-05 frz=0 hub=0.000 clmp=0
[fpll t=546.69s] nco_freq_hz=-2690069.2 mean|x|=0.02947 rms_x=0.03702 max|x|=0.2383 in_rms=102.9 out_rms=4.8
[eq-long t=546.34s] fs=20528 fs_err_rms=0.5565 |taps|=1.371 mu=5e-05 frz=0 hub=0.000 clmp=0
[mer-probe long] dd_err_rms=0.4894 dd_mer=20.19
[fpll t=546.95s] nco_freq_hz=-2690071.3 mean|x|=0.02943 rms_x=0.03696 max|x|=0.2118 in_rms=102.9 out_rms=4.8
[eq-long t=546.56s] fs=20536 fs_err_rms=0.5431 |taps|=1.367 mu=5e-05 frz=0 hub=0.000 clmp=0
[fpll t=547.20s] nco_freq_hz=-2690069.7 mean|x|=0.02945 rms_x=0.03702 max|x|=0.2464 in_rms=102.9 out_rms=4.8
[eq-long t=546.80s] fs=20544 fs_err_rms=0.5520 |taps|=1.369 mu=5e-05 frz=0 hub=0.000 clmp=0
[mer-probe long] dd_err_rms=0.4889 dd_mer=20.19
[fpll t=547.44s] nco_freq_hz=-2690067.0 mean|x|=0.02963 rms_x=0.03726 max|x|=0.2846 in_rms=102.5 out_rms=4.8
[eq-long t=547.01s] fs=20552 fs_err_rms=0.5344 |taps|=1.370 mu=5e-05 frz=0 hub=0.000 clmp=0
[eq-long t=547.25s] fs=20560 fs_err_rms=0.5350 |taps|=1.371 mu=5e-05 frz=0 hub=0.000 clmp=0
[fpll t=547.69s] nco_freq_hz=-2690069.3 mean|x|=0.02965 rms_x=0.03726 max|x|=0.2334 in_rms=102.2 out_rms=4.8
[mer-probe long] dd_err_rms=0.4896 dd_mer=20.18
[eq-long t=547.48s] fs=20568 fs_err_rms=0.5394 |taps|=1.367 mu=5e-05 frz=0 hub=0.000 clmp=0
[fpll t=547.93s] nco_freq_hz=-2690067.1 mean|x|=0.02978 rms_x=0.03746 max|x|=0.2704 in_rms=102.3 out_rms=4.8
[eq-long t=547.70s] fs=20576 fs_err_rms=0.5499 |taps|=1.369 mu=5e-05 frz=0 hub=0.000 clmp=0
[fpll t=548.15s] nco_freq_hz=-2690068.7 mean|x|=0.02959 rms_x=0.03720 max|x|=0.2669 in_rms=102.3 out_rms=4.8
[eq-long t=547.92s] fs=20584 fs_err_rms=0.5439 |taps|=1.372 mu=5e-05 frz=0 hub=0.000 clmp=0
[fpll t=548.38s] nco_freq_hz=-2690066.8 mean|x|=0.02946 rms_x=0.03702 max|x|=0.2592 in_rms=102.0 out_rms=4.8
[mer-probe long] dd_err_rms=0.4893 dd_mer=20.19
OsO[eq-long t=548.09s] fs=20592 fs_err_rms=0.5529 |taps|=1.369 mu=5e-05 frz=0 hub=0.000 clmp=0
[fpll t=548.65s] nco_freq_hz=-2690068.5 mean|x|=0.02957 rms_x=0.03714 max|x|=0.2403 in_rms=102.1 out_rms=4.8
[eq-long t=548.36s] fs=20600 fs_err_rms=0.5315 |taps|=1.372 mu=5e-05 frz=0 hub=0.000 clmp=0
[mer-probe long] dd_err_rms=0.4899 dd_mer=20.18
[eq-long] MOD12 GUARD: phase 6 confirmed x2 — dropping 6 segments
[eq-long t=548.59s] fs=20608 fs_err_rms=0.5541 |taps|=1.370 mu=5e-05 frz=0 hub=0.000 clmp=0
[fpll t=549.03s] nco_freq_hz=-2690066.8 mean|x|=0.02981 rms_x=0.03762 max|x|=0.2961 in_rms=102.0 out_rms=4.8
[eq-long t=548.83s] fs=20616 fs_err_rms=0.5562 |taps|=1.374 mu=5e-05 frz=0 hub=0.000 clmp=0
[fpll t=549.30s] nco_freq_hz=-2690070.9 mean|x|=0.02974 rms_x=0.03737 max|x|=0.2754 in_rms=101.7 out_rms=4.8
[eq-long t=549.06s] fs=20624 fs_err_rms=0.5594 |taps|=1.374 mu=5e-05 frz=0 hub=0.000 clmp=0
[mer-probe long] dd_err_rms=0.4943 dd_mer=20.10
[fpll t=549.55s] nco_freq_hz=-2690067.0 mean|x|=0.02993 rms_x=0.03763 max|x|=0.2452 in_rms=101.8 out_rms=4.8
[eq-long t=549.28s] fs=20632 fs_err_rms=0.5483 |taps|=1.372 mu=5e-05 frz=0 hub=0.000 clmp=0
[fpll t=549.80s] nco_freq_hz=-2690065.1 mean|x|=0.02975 rms_x=0.03741 max|x|=0.2933 in_rms=101.8 out_rms=4.8
[eq-long t=549.50s] fs=20640 fs_err_rms=0.5445 |taps|=1.374 mu=5e-05 frz=0 hub=0.000 clmp=0
[fpll t=550.06s] nco_freq_hz=-2690067.6 mean|x|=0.02991 rms_x=0.03762 max|x|=0.2616 in_rms=101.5 out_rms=4.8
[mer-probe long] dd_err_rms=0.4897 dd_mer=20.18
[eq-long t=549.72s] fs=20648 fs_err_rms=0.5486 |taps|=1.374 mu=5e-05 frz=0 hub=0.000 clmp=0
[fpll t=550.31s] nco_freq_hz=-2690064.4 mean|x|=0.02971 rms_x=0.03736 max|x|=0.2724 in_rms=101.5 out_rms=4.8
[eq-long t=549.95s] fs=20656 fs_err_rms=0.5450 |taps|=1.372 mu=5e-05 frz=0 hub=0.000 clmp=0
[fpll t=550.54s] nco_freq_hz=-2690068.9 mean|x|=0.02978 rms_x=0.03744 max|x|=0.2541 in_rms=101.5 out_rms=4.8
[mer-probe long] dd_err_rms=0.4896 dd_mer=20.18
[eq-long t=550.15s] fs=20664 fs_err_rms=0.5527 |taps|=1.371 mu=5e-05 frz=0 hub=0.000 clmp=0
[fpll t=550.82s] nco_freq_hz=-2690068.1 mean|x|=0.03002 rms_x=0.03774 max|x|=0.2794 in_rms=101.5 out_rms=4.8
[eq-long t=550.42s] fs=20672 fs_err_rms=0.5461 |taps|=1.376 mu=5e-05 frz=0 hub=0.000 clmp=0
[eq-long t=550.63s] fs=20680 fs_err_rms=0.5301 |taps|=1.372 mu=5e-05 frz=0 hub=0.000 clmp=0
[fpll t=551.09s] nco_freq_hz=-2690068.6 mean|x|=0.02984 rms_x=0.03747 max|x|=0.2657 in_rms=101.7 out_rms=4.8
[mer-probe long] dd_err_rms=0.4902 dd_mer=20.17
[eq-long t=550.81s] fs=20688 fs_err_rms=0.5345 |taps|=1.373 mu=5e-05 frz=0 hub=0.000 clmp=0
[fpll t=551.29s] nco_freq_hz=-2690065.2 mean|x|=0.02980 rms_x=0.03743 max|x|=0.2697 in_rms=101.9 out_rms=4.8
[eq-long t=550.98s] fs=20696 fs_err_rms=0.5476 |taps|=1.379 mu=5e-05 frz=0 hub=0.000 clmp=0
[fpll t=551.50s] nco_freq_hz=-2690066.8 mean|x|=0.02990 rms_x=0.03755 max|x|=0.2219 in_rms=102.0 out_rms=4.8
[mer-probe long] dd_err_rms=0.4904 dd_mer=20.17
[eq-long t=551.17s] fs=20704 fs_err_rms=0.5408 |taps|=1.376 mu=5e-05 frz=0 hub=0.000 clmp=0
[fpll t=551.71s] nco_freq_hz=-2690070.2 mean|x|=0.02974 rms_x=0.03739 max|x|=0.3078 in_rms=102.3 out_rms=4.8
[eq-long t=551.36s] fs=20712 fs_err_rms=0.5428 |taps|=1.376 mu=5e-05 frz=0 hub=0.000 clmp=0
[fpll t=551.92s] nco_freq_hz=-2690068.7 mean|x|=0.02988 rms_x=0.03754 max|x|=0.2870 in_rms=102.4 out_rms=4.8
[eq-long t=551.55s] fs=20720 fs_err_rms=0.5440 |taps|=1.380 mu=5e-05 frz=0 hub=0.000 clmp=0
[mer-probe long] dd_err_rms=0.4910 dd_mer=20.16
[fpll t=552.12s] nco_freq_hz=-2690065.9 mean|x|=0.03003 rms_x=0.03776 max|x|=0.2222 in_rms=102.6 out_rms=4.8
[eq-long t=551.71s] fs=20728 fs_err_rms=0.5643 |taps|=1.375 mu=5e-05 frz=0 hub=0.000 clmp=0
[fpll t=552.32s] nco_freq_hz=-2690067.4 mean|x|=0.02989 rms_x=0.03759 max|x|=0.2491 in_rms=102.5 out_rms=4.8
[eq-long t=551.88s] fs=20736 fs_err_rms=0.5433 |taps|=1.376 mu=5e-05 frz=0 hub=0.000 clmp=0
[mer-probe long] dd_err_rms=0.4902 dd_mer=20.17
[fpll t=552.55s] nco_freq_hz=-2690068.9 mean|x|=0.02983 rms_x=0.03748 max|x|=0.2371 in_rms=102.1 out_rms=4.8
[eq-long t=552.11s] fs=20744 fs_err_rms=0.5381 |taps|=1.376 mu=5e-05 frz=0 hub=0.000 clmp=0
[eq-long t=552.35s] fs=20752 fs_err_rms=0.5480 |taps|=1.374 mu=5e-05 frz=0 hub=0.000 clmp=0
[fpll t=552.84s] nco_freq_hz=-2690068.8 mean|x|=0.02979 rms_x=0.03745 max|x|=0.2546 in_rms=102.2 out_rms=4.8
[eq-long t=552.57s] fs=20760 fs_err_rms=0.5427 |taps|=1.380 mu=5e-05 frz=0 hub=0.000 clmp=0
[mer-probe long] dd_err_rms=0.4901 dd_mer=20.17
[fpll t=553.11s] nco_freq_hz=-2690069.2 mean|x|=0.02979 rms_x=0.03740 max|x|=0.2992 in_rms=102.2 out_rms=4.8
[eq-long t=552.83s] fs=20768 fs_err_rms=0.5384 |taps|=1.375 mu=5e-05 frz=0 hub=0.000 clmp=0
[fpll t=553.36s] nco_freq_hz=-2690070.0 mean|x|=0.02967 rms_x=0.03728 max|x|=0.2985 in_rms=102.0 out_rms=4.8
[eq-long t=553.05s] fs=20776 fs_err_rms=0.5402 |taps|=1.374 mu=5e-05 frz=0 hub=0.000 clmp=0
[mer-probe long] dd_err_rms=0.4886 dd_mer=20.20
[fpll t=553.65s] nco_freq_hz=-2690067.7 mean|x|=0.02988 rms_x=0.03756 max|x|=0.2690 in_rms=102.2 out_rms=4.8
[eq-long t=553.30s] fs=20784 fs_err_rms=0.5489 |taps|=1.379 mu=5e-05 frz=0 hub=0.000 clmp=0
[fpll t=553.92s] nco_freq_hz=-2690065.4 mean|x|=0.02971 rms_x=0.03737 max|x|=0.3838 in_rms=101.8 out_rms=4.8
[eq-long t=553.52s] fs=20792 fs_err_rms=0.5500 |taps|=1.374 mu=5e-05 frz=0 hub=0.000 clmp=0
[fpll t=554.15s] nco_freq_hz=-2690068.0 mean|x|=0.02967 rms_x=0.03729 max|x|=0.2635 in_rms=101.7 out_rms=4.8
[mer-probe long] dd_err_rms=0.4902 dd_mer=20.17
[eq-long t=553.74s] fs=20800 fs_err_rms=0.5498 |taps|=1.377 mu=5e-05 frz=0 hub=0.000 clmp=0
[eq-long t=553.98s] fs=20808 fs_err_rms=0.5413 |taps|=1.375 mu=5e-05 frz=0 hub=0.000 clmp=0
[fpll t=554.42s] nco_freq_hz=-2690063.5 mean|x|=0.02979 rms_x=0.03746 max|x|=0.2302 in_rms=101.6 out_rms=4.8
[eq-long t=554.19s] fs=20816 fs_err_rms=0.5497 |taps|=1.375 mu=5e-05 frz=0 hub=0.000 clmp=0
[mer-probe long] dd_err_rms=0.4900 dd_mer=20.18
[fpll t=554.70s] nco_freq_hz=-2690066.5 mean|x|=0.02994 rms_x=0.03764 max|x|=0.2440 in_rms=101.5 out_rms=4.8
[eq-long t=554.41s] fs=20824 fs_err_rms=0.5457 |taps|=1.374 mu=5e-05 frz=0 hub=0.000 clmp=0
[fpll t=554.96s] nco_freq_hz=-2690068.8 mean|x|=0.02974 rms_x=0.03740 max|x|=0.2438 in_rms=101.6 out_rms=4.8
[eq-long t=554.66s] fs=20832 fs_err_rms=0.5528 |taps|=1.376 mu=5e-05 frz=0 hub=0.000 clmp=0
[fpll t=555.23s] nco_freq_hz=-2690063.3 mean|x|=0.03005 rms_x=0.03780 max|x|=0.2683 in_rms=101.5 out_rms=4.8
[mer-probe long] dd_err_rms=0.4895 dd_mer=20.19
[eq-long t=554.90s] fs=20840 fs_err_rms=0.5467 |taps|=1.376 mu=5e-05 frz=0 hub=0.000 clmp=0
[fpll t=555.46s] nco_freq_hz=-2690065.7 mean|x|=0.02998 rms_x=0.03772 max|x|=0.2614 in_rms=101.7 out_rms=4.8
[eq-long t=555.11s] fs=20848 fs_err_rms=0.5497 |taps|=1.375 mu=5e-05 frz=0 hub=0.000 clmp=0
[fpll t=555.68s] nco_freq_hz=-2690067.4 mean|x|=0.03000 rms_x=0.03773 max|x|=0.2609 in_rms=101.7 out_rms=4.8
[eq-long t=555.31s] fs=20856 fs_err_rms=0.5411 |taps|=1.375 mu=5e-05 frz=0 hub=0.000 clmp=0
[mer-probe long] dd_err_rms=0.4914 dd_mer=20.15
[fpll t=555.99s] nco_freq_hz=-2690066.8 mean|x|=0.02985 rms_x=0.03753 max|x|=0.2903 in_rms=101.5 out_rms=4.8
[eq-long t=555.56s] fs=20864 fs_err_rms=0.5581 |taps|=1.381 mu=5e-05 frz=0 hub=0.000 clmp=0
[eq-long t=555.77s] fs=20872 fs_err_rms=0.5422 |taps|=1.378 mu=5e-05 frz=0 hub=0.000 clmp=0
[fpll t=556.23s] nco_freq_hz=-2690066.0 mean|x|=0.03005 rms_x=0.03779 max|x|=0.2363 in_rms=101.7 out_rms=4.8
[mer-probe long] dd_err_rms=0.4917 dd_mer=20.15
[eq-long t=555.96s] fs=20880 fs_err_rms=0.5353 |taps|=1.377 mu=5e-05 frz=0 hub=0.000 clmp=0
[fpll t=556.44s] nco_freq_hz=-2690066.8 mean|x|=0.02984 rms_x=0.03751 max|x|=0.2241 in_rms=101.3 out_rms=4.8
[eq-long t=556.13s] fs=20888 fs_err_rms=0.5515 |taps|=1.378 mu=5e-05 frz=0 hub=0.000 clmp=0
[fpll t=556.64s] nco_freq_hz=-2690068.6 mean|x|=0.03021 rms_x=0.03800 max|x|=0.2507 in_rms=101.1 out_rms=4.8
[mer-probe long] dd_err_rms=0.4912 dd_mer=20.15
[eq-long t=556.30s] fs=20896 fs_err_rms=0.5545 |taps|=1.379 mu=5e-05 frz=0 hub=0.000 clmp=0
[fpll t=556.85s] nco_freq_hz=-2690070.3 mean|x|=0.03025 rms_x=0.03803 max|x|=0.3541 in_rms=101.0 out_rms=4.8
[eq-long t=556.48s] fs=20904 fs_err_rms=0.5360 |taps|=1.377 mu=5e-05 frz=0 hub=0.000 clmp=0
[fpll t=557.03s] nco_freq_hz=-2690070.1 mean|x|=0.03018 rms_x=0.03793 max|x|=0.2538 in_rms=100.9 out_rms=4.8
[eq-long t=556.64s] fs=20912 fs_err_rms=0.5492 |taps|=1.380 mu=5e-05 frz=0 hub=0.000 clmp=0
[mer-probe long] dd_err_rms=0.4902 dd_mer=20.17
[fpll t=557.23s] nco_freq_hz=-2690065.0 mean|x|=0.03006 rms_x=0.03780 max|x|=0.2490 in_rms=100.7 out_rms=4.8
[eq-long t=556.82s] fs=20920 fs_err_rms=0.5597 |taps|=1.379 mu=5e-05 frz=0 hub=0.000 clmp=0
[eq-long t=556.98s] fs=20928 fs_err_rms=0.5427 |taps|=1.379 mu=5e-05 frz=0 hub=0.000 clmp=0
[fpll t=557.43s] nco_freq_hz=-2690066.7 mean|x|=0.03024 rms_x=0.03797 max|x|=0.2823 in_rms=100.7 out_rms=4.8
[mer-probe long] dd_err_rms=0.4885 dd_mer=20.20
[eq-long t=557.17s] fs=20936 fs_err_rms=0.5449 |taps|=1.378 mu=5e-05 frz=0 hub=0.000 clmp=0
[fpll t=557.62s] nco_freq_hz=-2690071.3 mean|x|=0.02998 rms_x=0.03770 max|x|=0.2380 in_rms=100.5 out_rms=4.8
[eq-long t=557.32s] fs=20944 fs_err_rms=0.5380 |taps|=1.376 mu=5e-05 frz=0 hub=0.000 clmp=0
[fpll t=557.80s] nco_freq_hz=-2690066.0 mean|x|=0.03023 rms_x=0.03804 max|x|=0.2347 in_rms=100.4 out_rms=4.8
[eq-long t=557.48s] fs=20952 fs_err_rms=0.5406 |taps|=1.376 mu=5e-05 frz=0 hub=0.000 clmp=0
[mer-probe long] dd_err_rms=0.4904 dd_mer=20.17
[fpll t=557.98s] nco_freq_hz=-2690066.0 mean|x|=0.02990 rms_x=0.03756 max|x|=0.3040 in_rms=100.7 out_rms=4.8
[eq-long t=557.64s] fs=20960 fs_err_rms=0.5360 |taps|=1.375 mu=5e-05 frz=0 hub=0.000 clmp=0
[fpll t=558.16s] nco_freq_hz=-2690067.5 mean|x|=0.03015 rms_x=0.03788 max|x|=0.2515 in_rms=100.8 out_rms=4.8
[eq-long t=557.80s] fs=20968 fs_err_rms=0.5354 |taps|=1.375 mu=5e-05 frz=0 hub=0.000 clmp=0
[mer-probe long] dd_err_rms=0.4883 dd_mer=20.21
[fpll t=558.36s] nco_freq_hz=-2690066.7 mean|x|=0.03006 rms_x=0.03781 max|x|=0.3023 in_rms=100.9 out_rms=4.8
[eq-long t=557.96s] fs=20976 fs_err_rms=0.5687 |taps|=1.378 mu=5e-05 frz=0 hub=0.000 clmp=0
[fpll t=558.55s] nco_freq_hz=-2690069.6 mean|x|=0.03019 rms_x=0.03797 max|x|=0.2404 in_rms=101.0 out_rms=4.8
[eq-long t=558.14s] fs=20984 fs_err_rms=0.5441 |taps|=1.379 mu=5e-05 frz=0 hub=0.000 clmp=0
[fpll t=558.74s] nco_freq_hz=-2690068.7 mean|x|=0.02989 rms_x=0.03760 max|x|=0.2226 in_rms=101.1 out_rms=4.8
[eq-long t=558.30s] fs=20992 fs_err_rms=0.5359 |taps|=1.377 mu=5e-05 frz=0 hub=0.000 clmp=0
[mer-probe long] dd_err_rms=0.4909 dd_mer=20.16
[eq-long t=558.48s] fs=21000 fs_err_rms=0.5588 |taps|=1.378 mu=5e-05 frz=0 hub=0.000 clmp=0
[fpll t=558.95s] nco_freq_hz=-2690069.0 mean|x|=0.02998 rms_x=0.03768 max|x|=0.2293 in_rms=100.9 out_rms=4.8
[eq-long t=558.66s] fs=21008 fs_err_rms=0.5560 |taps|=1.376 mu=5e-05 frz=0 hub=0.000 clmp=0
[fpll t=559.14s] nco_freq_hz=-2690063.7 mean|x|=0.03002 rms_x=0.03777 max|x|=0.2728 in_rms=100.9 out_rms=4.8
[mer-probe long] dd_err_rms=0.4891 dd_mer=20.19
[eq-long t=558.83s] fs=21016 fs_err_rms=0.5458 |taps|=1.373 mu=5e-05 frz=0 hub=0.000 clmp=0
[fpll t=559.35s] nco_freq_hz=-2690068.0 mean|x|=0.02989 rms_x=0.03757 max|x|=0.2727 in_rms=100.6 out_rms=4.8
[eq-long t=559.02s] fs=21024 fs_err_rms=0.5366 |taps|=1.380 mu=5e-05 frz=0 hub=0.000 clmp=0
[fpll t=559.56s] nco_freq_hz=-2690070.8 mean|x|=0.02990 rms_x=0.03760 max|x|=0.2856 in_rms=100.3 out_rms=4.8
[mer-probe long] dd_err_rms=0.4904 dd_mer=20.17
[eq-long t=559.19s] fs=21032 fs_err_rms=0.5405 |taps|=1.378 mu=5e-05 frz=0 hub=0.000 clmp=0
[fpll t=559.76s] nco_freq_hz=-2690063.1 mean|x|=0.03010 rms_x=0.03787 max|x|=0.2709 in_rms=100.3 out_rms=4.8
[eq-long t=559.36s] fs=21040 fs_err_rms=0.5582 |taps|=1.376 mu=5e-05 frz=0 hub=0.000 clmp=0
[fpll t=559.95s] nco_freq_hz=-2690070.6 mean|x|=0.02987 rms_x=0.03752 max|x|=0.2176 in_rms=100.5 out_rms=4.8
[eq-long t=559.54s] fs=21048 fs_err_rms=0.5431 |taps|=1.378 mu=5e-05 frz=0 hub=0.000 clmp=0
[mer-probe long] dd_err_rms=0.4896 dd_mer=20.18
[eq-long t=559.70s] fs=21056 fs_err_rms=0.5421 |taps|=1.383 mu=5e-05 frz=0 hub=0.000 clmp=0
[fpll t=560.15s] nco_freq_hz=-2690066.0 mean|x|=0.03005 rms_x=0.03779 max|x|=0.2423 in_rms=100.4 out_rms=4.8
[eq-long t=559.87s] fs=21064 fs_err_rms=0.5425 |taps|=1.377 mu=5e-05 frz=0 hub=0.000 clmp=0
[fpll t=560.34s] nco_freq_hz=-2690066.7 mean|x|=0.02996 rms_x=0.03766 max|x|=0.2337 in_rms=100.6 out_rms=4.8
[mer-probe long] dd_err_rms=0.4902 dd_mer=20.17
[eq-long t=560.06s] fs=21072 fs_err_rms=0.5449 |taps|=1.378 mu=5e-05 frz=0 hub=0.000 clmp=0
[fpll t=560.54s] nco_freq_hz=-2690067.0 mean|x|=0.02999 rms_x=0.03771 max|x|=0.3005 in_rms=100.6 out_rms=4.8
[eq-long t=560.22s] fs=21080 fs_err_rms=0.5581 |taps|=1.379 mu=5e-05 frz=0 hub=0.000 clmp=0
[fpll t=560.73s] nco_freq_hz=-2690069.9 mean|x|=0.02995 rms_x=0.03768 max|x|=0.2340 in_rms=100.6 out_rms=4.8
[eq-long t=560.39s] fs=21088 fs_err_rms=0.5462 |taps|=1.380 mu=5e-05 frz=0 hub=0.000 clmp=0
[mer-probe long] dd_err_rms=0.4907 dd_mer=20.16
[fpll t=560.93s] nco_freq_hz=-2690068.2 mean|x|=0.03004 rms_x=0.03780 max|x|=0.3422 in_rms=100.7 out_rms=4.8
[eq-long t=560.56s] fs=21096 fs_err_rms=0.5543 |taps|=1.379 mu=5e-05 frz=0 hub=0.000 clmp=0
[fpll t=561.13s] nco_freq_hz=-2690065.8 mean|x|=0.03003 rms_x=0.03775 max|x|=0.2578 in_rms=100.8 out_rms=4.8
[eq-long t=560.74s] fs=21104 fs_err_rms=0.5697 |taps|=1.375 mu=5e-05 frz=0 hub=0.000 clmp=0
[mer-probe long] dd_err_rms=0.4909 dd_mer=20.16
[fpll t=561.34s] nco_freq_hz=-2690071.5 mean|x|=0.02997 rms_x=0.03771 max|x|=0.2666 in_rms=101.2 out_rms=4.8
[eq-long t=560.93s] fs=21112 fs_err_rms=0.5683 |taps|=1.378 mu=5e-05 frz=0 hub=0.000 clmp=0
[fpll t=561.53s] nco_freq_hz=-2690067.5 mean|x|=0.02979 rms_x=0.03744 max|x|=0.2754 in_rms=101.3 out_rms=4.8
[eq-long t=561.10s] fs=21120 fs_err_rms=0.5304 |taps|=1.381 mu=5e-05 frz=0 hub=0.000 clmp=0
[mer-probe long] dd_err_rms=0.4899 dd_mer=20.18
[eq-long t=561.27s] fs=21128 fs_err_rms=0.5315 |taps|=1.380 mu=5e-05 frz=0 hub=0.000 clmp=0
[fpll t=561.73s] nco_freq_hz=-2690067.3 mean|x|=0.02975 rms_x=0.03739 max|x|=0.2814 in_rms=101.2 out_rms=4.8
[eq-long t=561.44s] fs=21136 fs_err_rms=0.5478 |taps|=1.376 mu=5e-05 frz=0 hub=0.000 clmp=0
[fpll t=561.93s] nco_freq_hz=-2690067.6 mean|x|=0.02980 rms_x=0.03747 max|x|=0.2419 in_rms=101.3 out_rms=4.8
[eq-long t=561.62s] fs=21144 fs_err_rms=0.5435 |taps|=1.377 mu=5e-05 frz=0 hub=0.000 clmp=0
[mer-probe long] dd_err_rms=0.4904 dd_mer=20.17
[fpll t=562.13s] nco_freq_hz=-2690068.9 mean|x|=0.03000 rms_x=0.03773 max|x|=0.2637 in_rms=101.4 out_rms=4.8
[eq-long t=561.80s] fs=21152 fs_err_rms=0.5468 |taps|=1.375 mu=5e-05 frz=0 hub=0.000 clmp=0
[fpll t=562.34s] nco_freq_hz=-2690066.2 mean|x|=0.02988 rms_x=0.03755 max|x|=0.2552 in_rms=101.3 out_rms=4.8
[eq-long t=561.97s] fs=21160 fs_err_rms=0.5447 |taps|=1.377 mu=5e-05 frz=0 hub=0.000 clmp=0
[mer-probe long] dd_err_rms=0.4903 dd_mer=20.17
[fpll t=562.54s] nco_freq_hz=-2690065.6 mean|x|=0.02981 rms_x=0.03748 max|x|=0.2766 in_rms=100.8 out_rms=4.8
[eq-long t=562.15s] fs=21168 fs_err_rms=0.5440 |taps|=1.379 mu=5e-05 frz=0 hub=0.000 clmp=0
[fpll t=562.73s] nco_freq_hz=-2690067.2 mean|x|=0.02979 rms_x=0.03748 max|x|=0.2650 in_rms=100.3 out_rms=4.8
[eq-long t=562.32s] fs=21176 fs_err_rms=0.5455 |taps|=1.382 mu=5e-05 frz=0 hub=0.000 clmp=0
[eq-long t=562.47s] fs=21184 fs_err_rms=0.5709 |taps|=1.380 mu=5e-05 frz=0 hub=0.000 clmp=0
[fpll t=562.92s] nco_freq_hz=-2690066.7 mean|x|=0.02985 rms_x=0.03752 max|x|=0.2665 in_rms=103.9 out_rms=4.8
[mer-probe long] dd_err_rms=0.4914 dd_mer=20.15
[eq-long t=562.65s] fs=21192 fs_err_rms=0.5455 |taps|=1.380 mu=5e-05 frz=0 hub=0.000 clmp=0
[fpll t=563.12s] nco_freq_hz=-2690068.3 mean|x|=0.02976 rms_x=0.03740 max|x|=0.3276 in_rms=112.3 out_rms=4.8
[eq-long t=562.85s] fs=21200 fs_err_rms=0.5563 |taps|=1.381 mu=5e-05 frz=0 hub=0.000 clmp=0
[fpll t=563.34s] nco_freq_hz=-2690068.8 mean|x|=0.02983 rms_x=0.03752 max|x|=0.2306 in_rms=112.5 out_rms=4.8
[mer-probe long] dd_err_rms=0.4908 dd_mer=20.16
[eq-long t=563.03s] fs=21208 fs_err_rms=0.5435 |taps|=1.379 mu=5e-05 frz=0 hub=0.000 clmp=0
[fpll t=563.53s] nco_freq_hz=-2690068.6 mean|x|=0.02992 rms_x=0.03768 max|x|=0.2847 in_rms=112.6 out_rms=4.8
[eq-long t=563.20s] fs=21216 fs_err_rms=0.5329 |taps|=1.383 mu=5e-05 frz=0 hub=0.000 clmp=0
[fpll t=563.72s] nco_freq_hz=-2690066.3 mean|x|=0.02969 rms_x=0.03729 max|x|=0.2280 in_rms=113.0 out_rms=4.8
[mer-probe long] dd_err_rms=0.4912 dd_mer=20.15
[eq-long t=563.37s] fs=21224 fs_err_rms=0.5524 |taps|=1.382 mu=5e-05 frz=0 hub=0.000 clmp=0
[fpll t=563.94s] nco_freq_hz=-2690065.8 mean|x|=0.02986 rms_x=0.03755 max|x|=0.2839 in_rms=113.1 out_rms=4.8
[eq-long t=563.54s] fs=21232 fs_err_rms=0.5360 |taps|=1.381 mu=5e-05 frz=0 hub=0.000 clmp=0
[fpll t=564.12s] nco_freq_hz=-2690067.4 mean|x|=0.02974 rms_x=0.03738 max|x|=0.2727 in_rms=113.1 out_rms=4.8
[eq-long t=563.71s] fs=21240 fs_err_rms=0.5406 |taps|=1.378 mu=5e-05 frz=0 hub=0.000 clmp=0
[mer-probe long] dd_err_rms=0.4898 dd_mer=20.18
[fpll t=564.31s] nco_freq_hz=-2690068.7 mean|x|=0.02960 rms_x=0.03720 max|x|=0.2425 in_rms=113.0 out_rms=4.8
[eq-long t=563.87s] fs=21248 fs_err_rms=0.5410 |taps|=1.377 mu=5e-05 frz=0 hub=0.000 clmp=0
[eq-long t=564.05s] fs=21256 fs_err_rms=0.5343 |taps|=1.385 mu=5e-05 frz=0 hub=0.000 clmp=0
[fpll t=564.51s] nco_freq_hz=-2690068.3 mean|x|=0.02985 rms_x=0.03753 max|x|=0.2343 in_rms=113.0 out_rms=4.8
[mer-probe long] dd_err_rms=0.4907 dd_mer=20.16
[eq-long t=564.22s] fs=21264 fs_err_rms=0.5436 |taps|=1.381 mu=5e-05 frz=0 hub=0.000 clmp=0
[fpll t=564.71s] nco_freq_hz=-2690067.9 mean|x|=0.02968 rms_x=0.03732 max|x|=0.3316 in_rms=112.8 out_rms=4.8
[eq-long t=564.39s] fs=21272 fs_err_rms=0.5433 |taps|=1.383 mu=5e-05 frz=0 hub=0.000 clmp=0
[fpll t=564.91s] nco_freq_hz=-2690069.0 mean|x|=0.02962 rms_x=0.03723 max|x|=0.2593 in_rms=112.7 out_rms=4.8
[eq-long t=564.57s] fs=21280 fs_err_rms=0.5620 |taps|=1.381 mu=5e-05 frz=0 hub=0.000 clmp=0
[mer-probe long] dd_err_rms=0.4924 dd_mer=20.13
[fpll t=565.10s] nco_freq_hz=-2690069.6 mean|x|=0.02986 rms_x=0.03751 max|x|=0.2313 in_rms=112.6 out_rms=4.8
[eq-long t=564.73s] fs=21288 fs_err_rms=0.5523 |taps|=1.380 mu=5e-05 frz=0 hub=0.000 clmp=0
[fpll t=565.30s] nco_freq_hz=-2690066.7 mean|x|=0.03003 rms_x=0.03777 max|x|=0.2740 in_rms=112.8 out_rms=4.8
[eq-long t=564.90s] fs=21296 fs_err_rms=0.5560 |taps|=1.380 mu=5e-05 frz=0 hub=0.000 clmp=0
[mer-probe long] dd_err_rms=0.4912 dd_mer=20.15
[fpll t=565.52s] nco_freq_hz=-2690067.5 mean|x|=0.02986 rms_x=0.03751 max|x|=0.2769 in_rms=112.6 out_rms=4.8
[eq-long t=565.15s] fs=21304 fs_err_rms=0.5527 |taps|=1.377 mu=5e-05 frz=0 hub=0.000 clmp=0
[fpll t=565.72s] nco_freq_hz=-2690066.5 mean|x|=0.03007 rms_x=0.03779 max|x|=0.2751 in_rms=112.6 out_rms=4.8
[eq-long t=565.31s] fs=21312 fs_err_rms=0.5522 |taps|=1.379 mu=5e-05 frz=0 hub=0.000 clmp=0
[eq-long t=565.46s] fs=21320 fs_err_rms=0.5418 |taps|=1.380 mu=5e-05 frz=0 hub=0.000 clmp=0
[mer-probe long] dd_err_rms=0.4911 dd_mer=20.16
[fpll t=565.93s] nco_freq_hz=-2690066.7 mean|x|=0.02992 rms_x=0.03764 max|x|=0.2725 in_rms=112.6 out_rms=4.8
[eq-long t=565.63s] fs=21328 fs_err_rms=0.5471 |taps|=1.381 mu=5e-05 frz=0 hub=0.000 clmp=0
[fpll t=566.13s] nco_freq_hz=-2690068.9 mean|x|=0.02982 rms_x=0.03750 max|x|=0.2326 in_rms=112.7 out_rms=4.8
[eq-long t=565.80s] fs=21336 fs_err_rms=0.5397 |taps|=1.378 mu=5e-05 frz=0 hub=0.000 clmp=0
[fpll t=566.32s] nco_freq_hz=-2690067.4 mean|x|=0.02996 rms_x=0.03766 max|x|=0.2336 in_rms=112.7 out_rms=4.8
[mer-probe long] dd_err_rms=0.4903 dd_mer=20.17
[eq-long t=565.96s] fs=21344 fs_err_rms=0.5545 |taps|=1.376 mu=5e-05 frz=0 hub=0.000 clmp=0
[fpll t=566.49s] nco_freq_hz=-2690064.1 mean|x|=0.02981 rms_x=0.03745 max|x|=0.2712 in_rms=112.7 out_rms=4.8
[eq-long t=566.14s] fs=21352 fs_err_rms=0.5490 |taps|=1.375 mu=5e-05 frz=0 hub=0.000 clmp=0
[fpll t=566.69s] nco_freq_hz=-2690062.8 mean|x|=0.02973 rms_x=0.03736 max|x|=0.2451 in_rms=112.9 out_rms=4.8
[mer-probe long] dd_err_rms=0.4904 dd_mer=20.17
[eq-long t=566.33s] fs=21360 fs_err_rms=0.5346 |taps|=1.382 mu=5e-05 frz=0 hub=0.000 clmp=0
[fpll t=566.88s] nco_freq_hz=-2690067.0 mean|x|=0.02984 rms_x=0.03750 max|x|=0.2401 in_rms=112.9 out_rms=4.8
[eq-long t=566.52s] fs=21368 fs_err_rms=0.5564 |taps|=1.379 mu=5e-05 frz=0 hub=0.000 clmp=0
[fpll t=567.07s] nco_freq_hz=-2690068.1 mean|x|=0.02929 rms_x=0.03677 max|x|=0.2971 in_rms=113.3 out_rms=4.8
[eq-long t=566.71s] fs=21376 fs_err_rms=0.5441 |taps|=1.377 mu=5e-05 frz=0 hub=0.000 clmp=0
[mer-probe long] dd_err_rms=0.4895 dd_mer=20.18
[fpll t=567.27s] nco_freq_hz=-2690069.4 mean|x|=0.02965 rms_x=0.03724 max|x|=0.2415 in_rms=113.2 out_rms=4.8
[eq-long t=566.91s] fs=21384 fs_err_rms=0.5365 |taps|=1.380 mu=5e-05 frz=0 hub=0.000 clmp=0
[fpll t=567.47s] nco_freq_hz=-2690066.1 mean|x|=0.02973 rms_x=0.03737 max|x|=0.2681 in_rms=113.2 out_rms=4.8
[eq-long t=567.11s] fs=21392 fs_err_rms=0.5621 |taps|=1.379 mu=5e-05 frz=0 hub=0.000 clmp=0
[fpll t=567.67s] nco_freq_hz=-2690069.2 mean|x|=0.02950 rms_x=0.03710 max|x|=0.2325 in_rms=113.1 out_rms=4.8
[mer-probe long] dd_err_rms=0.4894 dd_mer=20.19
[eq-long t=567.31s] fs=21400 fs_err_rms=0.5462 |taps|=1.378 mu=5e-05 frz=0 hub=0.000 clmp=0
[fpll t=567.88s] nco_freq_hz=-2690069.3 mean|x|=0.02950 rms_x=0.03709 max|x|=0.2761 in_rms=112.6 out_rms=4.8
[eq-long t=567.61s] fs=21408 fs_err_rms=0.5436 |taps|=1.377 mu=5e-05 frz=0 hub=0.000 clmp=0
[fpll t=568.11s] nco_freq_hz=-2690068.9 mean|x|=0.02943 rms_x=0.03697 max|x|=0.2598 in_rms=112.2 out_rms=4.8
[eq-long t=567.79s] fs=21416 fs_err_rms=0.5727 |taps|=1.379 mu=5e-05 frz=0 hub=0.000 clmp=0
[mer-probe long] dd_err_rms=0.4900 dd_mer=20.18
[fpll t=568.30s] nco_freq_hz=-2690072.4 mean|x|=0.02954 rms_x=0.03713 max|x|=0.3378 in_rms=111.9 out_rms=4.8
[eq-long t=567.95s] fs=21424 fs_err_rms=0.5432 |taps|=1.375 mu=5e-05 frz=0 hub=0.000 clmp=0
[fpll t=568.51s] nco_freq_hz=-2690066.8 mean|x|=0.02959 rms_x=0.03721 max|x|=0.2570 in_rms=111.8 out_rms=4.8
[eq-long t=568.13s] fs=21432 fs_err_rms=0.5370 |taps|=1.377 mu=5e-05 frz=0 hub=0.000 clmp=0
[mer-probe long] dd_err_rms=0.4895 dd_mer=20.18
[fpll t=568.70s] nco_freq_hz=-2690069.6 mean|x|=0.02948 rms_x=0.03706 max|x|=0.2836 in_rms=112.0 out_rms=4.8
[eq-long t=568.28s] fs=21440 fs_err_rms=0.5378 |taps|=1.377 mu=5e-05 frz=0 hub=0.000 clmp=0
[fpll t=568.89s] nco_freq_hz=-2690067.1 mean|x|=0.02955 rms_x=0.03714 max|x|=0.2562 in_rms=111.7 out_rms=4.8
[eq-long t=568.54s] fs=21448 fs_err_rms=0.5420 |taps|=1.377 mu=5e-05 frz=0 hub=0.000 clmp=0
2026-07-13 23:00:05,798 [sdr_agent.tv_live] INFO: Stopping live TV flowgraph...
2026-07-13 23:00:05,817 [sdr_agent.tv_live] INFO: Stopping live TV flowgraph...
[sync_soft FINAL] segs_emitted=6723942 segs_held=0 segs_aligned=6721239 (99.96%) relocks=2525
[fs_check] accepted=21448 rejected_early=26 rejected_late=0 coasted=0 validate=ON tol=[280,2147483647]
