[tv_replay] iq=Z:\src\magic-tv-decoder\lab\marginal_iq\rf34_ctrl.cs16 480000000 bytes 60000000 samples ~7.5s @8MS/s

2026-07-29 20:36:19,722 [tv_replay] INFO: input: CS16 interleaved int16 (scale 32767) Z:\src\magic-tv-decoder\lab\marginal_iq\rf34_ctrl.cs16

2026-07-29 20:36:19,722 [tv_replay] INFO: SPS=1.5 output_rate=16143357

[fpll_tight] FOLD active: dc_blocker(D=32) + agc(rate=1e-06 ref=4) in-loop
[fpll_tight] rate=16143357 alpha=0.00100 beta=2.500e-07 afc_tau_us=25.0
[sync_soft] rate=16143357 alpha=0.4000 lock=4.00 unlock=2.00 sticky=0.95 timing_scale=1.00 emit_unlocked=1 debug=1 adaptive=0 acq=[3.00/1.50] steady=[4.00/2.00] after=313
[eq-wl] build 2026-07-29 v3 (adaptive conjugate shrinkage, ntaps=128, shrink=off)
[atsc_deinterleaver] init — tag-forwarding clone (gr-atscplus)
[rs_erasure] loaded histogram from /tmp/atscplus_rs_erasure_hist.bin hist_count=0
[rs_erasure] init max_erasures=14 decay_period=500 hist_count=0
[wl_front] FUSED v1 (2026-07-27) rate=16143357 interp=129x8 alpha=0.4000 lock=4.00 unlock=2.00 sticky=0.95 timing_scale=1.00 emit_unlocked=1 adaptive=0 fs_validate=ON fs_tol=[280,2147483647]
2026-07-29 20:36:19,769 [tv_replay] INFO: WIDELY-LINEAR equalizer wired (FUSED front end)

[atsc_deinterleaver] init — tag-forwarding clone (gr-atscplus)
2026-07-29 20:36:19,776 [tv_replay] INFO: SOVA: reliability plane wired (replay)

[sync_soft FINAL] segs_emitted=0 segs_held=0 segs_aligned=0 (0.00%) relocks=0
[fs_check] accepted=0 rejected_early=0 rejected_late=0 coasted=0 validate=ON tol=[280,2147483647]
[tv_replay] start

pagesize :debug: Setting pagesize to 4096 B
buffer_double_mapped :warning: allocate_buffer: tried to allocate   26 items of size 3328. Due to alignment requirements   256 were allocated.  If this isn't OK, consider padding   your structure to a power-of-two bytes.   On this platform, our allocation granularity is 65536 bytes.
buffer_double_mapped :warning: allocate_buffer: tried to allocate   316 items of size 207. Due to alignment requirements   65536 were allocated.  If this isn't OK, consider padding   your structure to a power-of-two bytes.   On this platform, our allocation granularity is 65536 bytes.
buffer_double_mapped :warning: allocate_buffer: tried to allocate   316 items of size 207. Due to alignment requirements   65536 were allocated.  If this isn't OK, consider padding   your structure to a power-of-two bytes.   On this platform, our allocation granularity is 65536 bytes.
buffer_double_mapped :warning: allocate_buffer: tried to allocate   316 items of size 207. Due to alignment requirements   65536 were allocated.  If this isn't OK, consider padding   your structure to a power-of-two bytes.   On this platform, our allocation granularity is 65536 bytes.
buffer_double_mapped :warning: allocate_buffer: tried to allocate   348 items of size 188. Due to alignment requirements   16384 were allocated.  If this isn't OK, consider padding   your structure to a power-of-two bytes.   On this platform, our allocation granularity is 65536 bytes.
buffer_double_mapped :warning: allocate_buffer: tried to allocate   348 items of size 188. Due to alignment requirements   16384 were allocated.  If this isn't OK, consider padding   your structure to a power-of-two bytes.   On this platform, our allocation granularity is 65536 bytes.
buffer_double_mapped :warning: allocate_buffer: tried to allocate   19 items of size 3328. Due to alignment requirements   256 were allocated.  If this isn't OK, consider padding   your structure to a power-of-two bytes.   On this platform, our allocation granularity is 65536 bytes.
buffer_double_mapped :warning: allocate_buffer: tried to allocate   19 items of size 3328. Due to alignment requirements   256 were allocated.  If this isn't OK, consider padding   your structure to a power-of-two bytes.   On this platform, our allocation granularity is 65536 bytes.
buffer_double_mapped :warning: allocate_buffer: tried to allocate   316 items of size 207. Due to alignment requirements   65536 were allocated.  If this isn't OK, consider padding   your structure to a power-of-two bytes.   On this platform, our allocation granularity is 65536 bytes.
buffer_double_mapped :warning: allocate_buffer: tried to allocate   348 items of size 188. Due to alignment requirements   16384 were allocated.  If this isn't OK, consider padding   your structure to a power-of-two bytes.   On this platform, our allocation granularity is 65536 bytes.
buffer_double_mapped :warning: allocate_buffer: tried to allocate   348 items of size 188. Due to alignment requirements   16384 were allocated.  If this isn't OK, consider padding   your structure to a power-of-two bytes.   On this platform, our allocation granularity is 65536 bytes.
top_block_impl :debug: Using default scheduler "TPB"
[wl_front] seg=256 peak=-nan rms=-nan snr_ratio=0.00 locked=0 best_idx=0 emitted=256 aligned=0 (0.00%)
[wl_front] seg=512 peak=-nan rms=-nan snr_ratio=0.00 locked=0 best_idx=0 emitted=512 aligned=0 (0.00%)
[wl_front] seg=768 peak=-nan rms=-nan snr_ratio=0.00 locked=0 best_idx=0 emitted=768 aligned=0 (0.00%)
[wl_front] seg=1024 peak=-nan rms=-nan snr_ratio=0.00 locked=0 best_idx=0 emitted=1024 aligned=0 (0.00%)
[wl_front] seg=1280 peak=-nan rms=-nan snr_ratio=0.00 locked=0 best_idx=0 emitted=1280 aligned=0 (0.00%)
[wl_front] seg=1536 peak=-nan rms=-nan snr_ratio=0.00 locked=0 best_idx=0 emitted=1536 aligned=0 (0.00%)
[wl_front] seg=1792 peak=-nan rms=-nan snr_ratio=0.00 locked=0 best_idx=0 emitted=1792 aligned=0 (0.00%)
[wl_front] seg=2048 peak=-nan rms=-nan snr_ratio=0.00 locked=0 best_idx=0 emitted=2048 aligned=0 (0.00%)
[wl_front] seg=2304 peak=-nan rms=-nan snr_ratio=0.00 locked=0 best_idx=0 emitted=2304 aligned=0 (0.00%)
[fpll t=  0.23s] nco_freq_hz=-2690072.3 mean|x|=0.03837 rms_x=0.04993 max|x|=1.5400 in_rms=656.4 out_rms=12.5
[wl_front] seg=2560 peak=-nan rms=-nan snr_ratio=0.00 locked=0 best_idx=0 emitted=2560 aligned=0 (0.00%)
[wl_front] seg=2816 peak=-nan rms=-nan snr_ratio=0.00 locked=0 best_idx=0 emitted=2816 aligned=0 (0.00%)
[wl_front] seg=3072 peak=-nan rms=-nan snr_ratio=0.00 locked=0 best_idx=0 emitted=3072 aligned=0 (0.00%)
[wl_front] seg=3328 peak=-nan rms=-nan snr_ratio=0.00 locked=0 best_idx=0 emitted=3328 aligned=0 (0.00%)
[wl_front] seg=3584 peak=-nan rms=-nan snr_ratio=0.00 locked=0 best_idx=0 emitted=3584 aligned=0 (0.00%)
[wl_front] seg=3840 peak=-nan rms=-nan snr_ratio=0.00 locked=0 best_idx=0 emitted=3840 aligned=0 (0.00%)
[wl_front] seg=4096 peak=-nan rms=-nan snr_ratio=0.00 locked=0 best_idx=0 emitted=4096 aligned=0 (0.00%)
[wl_front] seg=4352 peak=-nan rms=-nan snr_ratio=0.00 locked=0 best_idx=0 emitted=4352 aligned=0 (0.00%)
[wl_front] seg=4608 peak=-nan rms=-nan snr_ratio=0.00 locked=0 best_idx=0 emitted=4608 aligned=0 (0.00%)
[wl_front] seg=4864 peak=-nan rms=-nan snr_ratio=0.00 locked=0 best_idx=0 emitted=4864 aligned=0 (0.00%)
[fpll t=  0.41s] nco_freq_hz=-2690076.7 mean|x|=0.03781 rms_x=0.04773 max|x|=0.3812 in_rms=658.8 out_rms=4.8
[wl_front] seg=5120 peak=-nan rms=-nan snr_ratio=0.00 locked=0 best_idx=0 emitted=5120 aligned=0 (0.00%)
[wl_front] seg=5376 peak=-nan rms=-nan snr_ratio=0.00 locked=0 best_idx=0 emitted=5376 aligned=0 (0.00%)
[wl_front] seg=5632 peak=-nan rms=-nan snr_ratio=0.00 locked=0 best_idx=0 emitted=5632 aligned=0 (0.00%)
[wl_front] seg=5888 peak=-nan rms=-nan snr_ratio=0.00 locked=0 best_idx=0 emitted=5888 aligned=0 (0.00%)
[wl_front] seg=6144 peak=-nan rms=-nan snr_ratio=0.00 locked=0 best_idx=0 emitted=6144 aligned=0 (0.00%)
[wl_front] seg=6400 peak=-nan rms=-nan snr_ratio=0.00 locked=0 best_idx=0 emitted=6400 aligned=0 (0.00%)
[wl_front] seg=6656 peak=-nan rms=-nan snr_ratio=0.00 locked=0 best_idx=0 emitted=6656 aligned=0 (0.00%)
[wl_front] seg=6912 peak=-nan rms=-nan snr_ratio=0.00 locked=0 best_idx=0 emitted=6912 aligned=0 (0.00%)
[wl_front] seg=7168 peak=-nan rms=-nan snr_ratio=0.00 locked=0 best_idx=0 emitted=7168 aligned=0 (0.00%)
[wl_front] seg=7424 peak=-nan rms=-nan snr_ratio=0.00 locked=0 best_idx=0 emitted=7424 aligned=0 (0.00%)
[fpll t=  0.59s] nco_freq_hz=-2690072.9 mean|x|=0.03771 rms_x=0.04761 max|x|=0.3086 in_rms=658.5 out_rms=4.8
[wl_front] seg=7680 peak=-nan rms=-nan snr_ratio=0.00 locked=0 best_idx=0 emitted=7680 aligned=0 (0.00%)
[wl_front] seg=7936 peak=-nan rms=-nan snr_ratio=0.00 locked=0 best_idx=0 emitted=7936 aligned=0 (0.00%)
[wl_front] seg=8192 peak=-nan rms=-nan snr_ratio=0.00 locked=0 best_idx=0 emitted=8192 aligned=0 (0.00%)
[wl_front] seg=8448 peak=-nan rms=-nan snr_ratio=0.00 locked=0 best_idx=0 emitted=8448 aligned=0 (0.00%)
[wl_front] seg=8704 peak=-nan rms=-nan snr_ratio=0.00 locked=0 best_idx=0 emitted=8704 aligned=0 (0.00%)
[wl_front] seg=8960 peak=-nan rms=-nan snr_ratio=0.00 locked=0 best_idx=0 emitted=8960 aligned=0 (0.00%)
[wl_front] seg=9216 peak=-nan rms=-nan snr_ratio=0.00 locked=0 best_idx=0 emitted=9216 aligned=0 (0.00%)
[wl_front] seg=9472 peak=-nan rms=-nan snr_ratio=0.00 locked=0 best_idx=0 emitted=9472 aligned=0 (0.00%)
[wl_front] seg=9728 peak=-nan rms=-nan snr_ratio=0.00 locked=0 best_idx=0 emitted=9728 aligned=0 (0.00%)
[wl_front] seg=9984 peak=-nan rms=-nan snr_ratio=0.00 locked=0 best_idx=0 emitted=9984 aligned=0 (0.00%)
[fpll t=  0.76s] nco_freq_hz=-2690075.5 mean|x|=0.03771 rms_x=0.04759 max|x|=0.3038 in_rms=659.0 out_rms=4.8
[wl_front] seg=10240 peak=-nan rms=-nan snr_ratio=0.00 locked=0 best_idx=0 emitted=10240 aligned=0 (0.00%)
[wl_front] seg=10496 peak=-nan rms=-nan snr_ratio=0.00 locked=0 best_idx=0 emitted=10496 aligned=0 (0.00%)
[wl_front] seg=10752 peak=-nan rms=-nan snr_ratio=0.00 locked=0 best_idx=0 emitted=10752 aligned=0 (0.00%)
[wl_front] seg=11008 peak=-nan rms=-nan snr_ratio=0.00 locked=0 best_idx=0 emitted=11008 aligned=0 (0.00%)
[wl_front] seg=11264 peak=-nan rms=-nan snr_ratio=0.00 locked=0 best_idx=0 emitted=11264 aligned=0 (0.00%)
[wl_front] seg=11520 peak=-nan rms=-nan snr_ratio=0.00 locked=0 best_idx=0 emitted=11520 aligned=0 (0.00%)
[wl_front] seg=11776 peak=-nan rms=-nan snr_ratio=0.00 locked=0 best_idx=0 emitted=11776 aligned=0 (0.00%)
[wl_front] seg=12032 peak=-nan rms=-nan snr_ratio=0.00 locked=0 best_idx=0 emitted=12032 aligned=0 (0.00%)
[wl_front] seg=12288 peak=-nan rms=-nan snr_ratio=0.00 locked=0 best_idx=0 emitted=12288 aligned=0 (0.00%)
[wl_front] seg=12544 peak=-nan rms=-nan snr_ratio=0.00 locked=0 best_idx=0 emitted=12544 aligned=0 (0.00%)
[fpll t=  0.93s] nco_freq_hz=-2690072.9 mean|x|=0.03762 rms_x=0.04745 max|x|=0.3402 in_rms=657.6 out_rms=4.8
[wl_front] seg=12800 peak=-nan rms=-nan snr_ratio=0.00 locked=0 best_idx=0 emitted=12800 aligned=0 (0.00%)
[wl_front] seg=13056 peak=-nan rms=-nan snr_ratio=0.00 locked=0 best_idx=0 emitted=13056 aligned=0 (0.00%)
[wl_front] seg=13312 peak=-nan rms=-nan snr_ratio=0.00 locked=0 best_idx=0 emitted=13312 aligned=0 (0.00%)
[wl_front] seg=13568 peak=-nan rms=-nan snr_ratio=0.00 locked=0 best_idx=0 emitted=13568 aligned=0 (0.00%)
[wl_front] seg=13824 peak=-nan rms=-nan snr_ratio=0.00 locked=0 best_idx=0 emitted=13824 aligned=0 (0.00%)
[wl_front] seg=14080 peak=-nan rms=-nan snr_ratio=0.00 locked=0 best_idx=0 emitted=14080 aligned=0 (0.00%)
[wl_front] seg=14336 peak=-nan rms=-nan snr_ratio=0.00 locked=0 best_idx=0 emitted=14336 aligned=0 (0.00%)
[wl_front] seg=14592 peak=-nan rms=-nan snr_ratio=0.00 locked=0 best_idx=0 emitted=14592 aligned=0 (0.00%)
[wl_front] seg=14848 peak=-nan rms=-nan snr_ratio=0.00 locked=0 best_idx=0 emitted=14848 aligned=0 (0.00%)
[wl_front] seg=15104 peak=-nan rms=-nan snr_ratio=0.00 locked=0 best_idx=0 emitted=15104 aligned=0 (0.00%)
[fpll t=  1.11s] nco_freq_hz=-2690069.2 mean|x|=0.03770 rms_x=0.04761 max|x|=0.3202 in_rms=658.1 out_rms=4.8
[wl_front] seg=15360 peak=-nan rms=-nan snr_ratio=0.00 locked=0 best_idx=0 emitted=15360 aligned=0 (0.00%)
[wl_front] seg=15616 peak=-nan rms=-nan snr_ratio=0.00 locked=0 best_idx=0 emitted=15616 aligned=0 (0.00%)
[wl_front] seg=15872 peak=-nan rms=-nan snr_ratio=0.00 locked=0 best_idx=0 emitted=15872 aligned=0 (0.00%)
[wl_front] seg=16128 peak=-nan rms=-nan snr_ratio=0.00 locked=0 best_idx=0 emitted=16128 aligned=0 (0.00%)
[wl_front] seg=16384 peak=-nan rms=-nan snr_ratio=0.00 locked=0 best_idx=0 emitted=16384 aligned=0 (0.00%)
[wl_front] seg=16640 peak=-nan rms=-nan snr_ratio=0.00 locked=0 best_idx=0 emitted=16640 aligned=0 (0.00%)
[wl_front] seg=16896 peak=-nan rms=-nan snr_ratio=0.00 locked=0 best_idx=0 emitted=16896 aligned=0 (0.00%)
[wl_front] seg=17152 peak=-nan rms=-nan snr_ratio=0.00 locked=0 best_idx=0 emitted=17152 aligned=0 (0.00%)
[wl_front] seg=17408 peak=-nan rms=-nan snr_ratio=0.00 locked=0 best_idx=0 emitted=17408 aligned=0 (0.00%)
[wl_front] seg=17664 peak=-nan rms=-nan snr_ratio=0.00 locked=0 best_idx=0 emitted=17664 aligned=0 (0.00%)
[fpll t=  1.28s] nco_freq_hz=-2690063.0 mean|x|=0.03768 rms_x=0.04758 max|x|=0.3458 in_rms=659.4 out_rms=4.8
[wl_front] seg=17920 peak=-nan rms=-nan snr_ratio=0.00 locked=0 best_idx=0 emitted=17920 aligned=0 (0.00%)
[wl_front] seg=18176 peak=-nan rms=-nan snr_ratio=0.00 locked=0 best_idx=0 emitted=18176 aligned=0 (0.00%)
[wl_front] seg=18432 peak=-nan rms=-nan snr_ratio=0.00 locked=0 best_idx=0 emitted=18432 aligned=0 (0.00%)
[wl_front] seg=18688 peak=-nan rms=-nan snr_ratio=0.00 locked=0 best_idx=0 emitted=18688 aligned=0 (0.00%)
[wl_front] seg=18944 peak=-nan rms=-nan snr_ratio=0.00 locked=0 best_idx=0 emitted=18944 aligned=0 (0.00%)
[wl_front] seg=19200 peak=-nan rms=-nan snr_ratio=0.00 locked=0 best_idx=0 emitted=19200 aligned=0 (0.00%)
[wl_front] seg=19456 peak=-nan rms=-nan snr_ratio=0.00 locked=0 best_idx=0 emitted=19456 aligned=0 (0.00%)
[wl_front] seg=19712 peak=-nan rms=-nan snr_ratio=0.00 locked=0 best_idx=0 emitted=19712 aligned=0 (0.00%)
[wl_front] seg=19968 peak=-nan rms=-nan snr_ratio=0.00 locked=0 best_idx=0 emitted=19968 aligned=0 (0.00%)
[fpll t=  1.45s] nco_freq_hz=-2690072.6 mean|x|=0.03750 rms_x=0.04732 max|x|=0.3503 in_rms=657.8 out_rms=4.8
[wl_front] seg=20224 peak=-nan rms=-nan snr_ratio=0.00 locked=0 best_idx=0 emitted=20224 aligned=0 (0.00%)
[wl_front] seg=20480 peak=-nan rms=-nan snr_ratio=0.00 locked=0 best_idx=0 emitted=20480 aligned=0 (0.00%)
[wl_front] seg=20736 peak=-nan rms=-nan snr_ratio=0.00 locked=0 best_idx=0 emitted=20736 aligned=0 (0.00%)
[wl_front] seg=20992 peak=-nan rms=-nan snr_ratio=0.00 locked=0 best_idx=0 emitted=20992 aligned=0 (0.00%)
[wl_front] seg=21248 peak=-nan rms=-nan snr_ratio=0.00 locked=0 best_idx=0 emitted=21248 aligned=0 (0.00%)
[wl_front] seg=21504 peak=-nan rms=-nan snr_ratio=0.00 locked=0 best_idx=0 emitted=21504 aligned=0 (0.00%)
[wl_front] seg=21760 peak=-nan rms=-nan snr_ratio=0.00 locked=0 best_idx=0 emitted=21760 aligned=0 (0.00%)
[wl_front] seg=22016 peak=-nan rms=-nan snr_ratio=0.00 locked=0 best_idx=0 emitted=22016 aligned=0 (0.00%)
[wl_front] seg=22272 peak=-nan rms=-nan snr_ratio=0.00 locked=0 best_idx=0 emitted=22272 aligned=0 (0.00%)
[wl_front] seg=22528 peak=-nan rms=-nan snr_ratio=0.00 locked=0 best_idx=0 emitted=22528 aligned=0 (0.00%)
[fpll t=  1.63s] nco_freq_hz=-2690070.7 mean|x|=0.03761 rms_x=0.04748 max|x|=0.3411 in_rms=657.6 out_rms=4.8
[wl_front] seg=22784 peak=-nan rms=-nan snr_ratio=0.00 locked=0 best_idx=0 emitted=22784 aligned=0 (0.00%)
[wl_front] seg=23040 peak=-nan rms=-nan snr_ratio=0.00 locked=0 best_idx=0 emitted=23040 aligned=0 (0.00%)
[wl_front] seg=23296 peak=-nan rms=-nan snr_ratio=0.00 locked=0 best_idx=0 emitted=23296 aligned=0 (0.00%)
[wl_front] seg=23552 peak=-nan rms=-nan snr_ratio=0.00 locked=0 best_idx=0 emitted=23552 aligned=0 (0.00%)
[wl_front] seg=23808 peak=-nan rms=-nan snr_ratio=0.00 locked=0 best_idx=0 emitted=23808 aligned=0 (0.00%)
[wl_front] seg=24064 peak=-nan rms=-nan snr_ratio=0.00 locked=0 best_idx=0 emitted=24064 aligned=0 (0.00%)
[wl_front] seg=24320 peak=-nan rms=-nan snr_ratio=0.00 locked=0 best_idx=0 emitted=24320 aligned=0 (0.00%)
[wl_front] seg=24576 peak=-nan rms=-nan snr_ratio=0.00 locked=0 best_idx=0 emitted=24576 aligned=0 (0.00%)
[wl_front] seg=24832 peak=-nan rms=-nan snr_ratio=0.00 locked=0 best_idx=0 emitted=24832 aligned=0 (0.00%)
[wl_front] seg=25088 peak=-nan rms=-nan snr_ratio=0.00 locked=0 best_idx=0 emitted=25088 aligned=0 (0.00%)
[fpll t=  1.80s] nco_freq_hz=-2690063.7 mean|x|=0.03784 rms_x=0.04777 max|x|=0.5323 in_rms=658.3 out_rms=4.8
[wl_front] seg=25344 peak=-nan rms=-nan snr_ratio=0.00 locked=0 best_idx=0 emitted=25344 aligned=0 (0.00%)
[wl_front] seg=25600 peak=-nan rms=-nan snr_ratio=0.00 locked=0 best_idx=0 emitted=25600 aligned=0 (0.00%)
[wl_front] seg=25856 peak=-nan rms=-nan snr_ratio=0.00 locked=0 best_idx=0 emitted=25856 aligned=0 (0.00%)
[wl_front] seg=26112 peak=-nan rms=-nan snr_ratio=0.00 locked=0 best_idx=0 emitted=26112 aligned=0 (0.00%)
[wl_front] seg=26368 peak=-nan rms=-nan snr_ratio=0.00 locked=0 best_idx=0 emitted=26368 aligned=0 (0.00%)
[wl_front] seg=26624 peak=-nan rms=-nan snr_ratio=0.00 locked=0 best_idx=0 emitted=26624 aligned=0 (0.00%)
[wl_front] seg=26880 peak=-nan rms=-nan snr_ratio=0.00 locked=0 best_idx=0 emitted=26880 aligned=0 (0.00%)
[wl_front] seg=27136 peak=-nan rms=-nan snr_ratio=0.00 locked=0 best_idx=0 emitted=27136 aligned=0 (0.00%)
[wl_front] seg=27392 peak=-nan rms=-nan snr_ratio=0.00 locked=0 best_idx=0 emitted=27392 aligned=0 (0.00%)
[wl_front] seg=27648 peak=-nan rms=-nan snr_ratio=0.00 locked=0 best_idx=0 emitted=27648 aligned=0 (0.00%)
[fpll t=  1.97s] nco_freq_hz=-2690066.6 mean|x|=0.03741 rms_x=0.04720 max|x|=0.3043 in_rms=658.9 out_rms=4.8
[wl_front] seg=27904 peak=-nan rms=-nan snr_ratio=0.00 locked=0 best_idx=0 emitted=27904 aligned=0 (0.00%)
[wl_front] seg=28160 peak=-nan rms=-nan snr_ratio=0.00 locked=0 best_idx=0 emitted=28160 aligned=0 (0.00%)
[wl_front] seg=28416 peak=-nan rms=-nan snr_ratio=0.00 locked=0 best_idx=0 emitted=28416 aligned=0 (0.00%)
[wl_front] seg=28672 peak=-nan rms=-nan snr_ratio=0.00 locked=0 best_idx=0 emitted=28672 aligned=0 (0.00%)
[wl_front] seg=28928 peak=-nan rms=-nan snr_ratio=0.00 locked=0 best_idx=0 emitted=28928 aligned=0 (0.00%)
[wl_front] seg=29184 peak=-nan rms=-nan snr_ratio=0.00 locked=0 best_idx=0 emitted=29184 aligned=0 (0.00%)
[wl_front] seg=29440 peak=-nan rms=-nan snr_ratio=0.00 locked=0 best_idx=0 emitted=29440 aligned=0 (0.00%)
[wl_front] seg=29696 peak=-nan rms=-nan snr_ratio=0.00 locked=0 best_idx=0 emitted=29696 aligned=0 (0.00%)
[wl_front] seg=29952 peak=-nan rms=-nan snr_ratio=0.00 locked=0 best_idx=0 emitted=29952 aligned=0 (0.00%)
[wl_front] seg=30208 peak=-nan rms=-nan snr_ratio=0.00 locked=0 best_idx=0 emitted=30208 aligned=0 (0.00%)
[fpll t=  2.14s] nco_freq_hz=-2690068.9 mean|x|=0.03777 rms_x=0.04769 max|x|=0.4016 in_rms=657.8 out_rms=4.8
[wl_front] seg=30464 peak=-nan rms=-nan snr_ratio=0.00 locked=0 best_idx=0 emitted=30464 aligned=0 (0.00%)
[wl_front] seg=30720 peak=-nan rms=-nan snr_ratio=0.00 locked=0 best_idx=0 emitted=30720 aligned=0 (0.00%)
[wl_front] seg=30976 peak=-nan rms=-nan snr_ratio=0.00 locked=0 best_idx=0 emitted=30976 aligned=0 (0.00%)
[wl_front] seg=31232 peak=-nan rms=-nan snr_ratio=0.00 locked=0 best_idx=0 emitted=31232 aligned=0 (0.00%)
[wl_front] seg=31488 peak=-nan rms=-nan snr_ratio=0.00 locked=0 best_idx=0 emitted=31488 aligned=0 (0.00%)
[wl_front] seg=31744 peak=-nan rms=-nan snr_ratio=0.00 locked=0 best_idx=0 emitted=31744 aligned=0 (0.00%)
[wl_front] seg=32000 peak=-nan rms=-nan snr_ratio=0.00 locked=0 best_idx=0 emitted=32000 aligned=0 (0.00%)
[wl_front] seg=32256 peak=-nan rms=-nan snr_ratio=0.00 locked=0 best_idx=0 emitted=32256 aligned=0 (0.00%)
[wl_front] seg=32512 peak=-nan rms=-nan snr_ratio=0.00 locked=0 best_idx=0 emitted=32512 aligned=0 (0.00%)
[wl_front] seg=32768 peak=-nan rms=-nan snr_ratio=0.00 locked=0 best_idx=0 emitted=32768 aligned=0 (0.00%)
[fpll t=  2.31s] nco_freq_hz=-2690068.9 mean|x|=0.03779 rms_x=0.04773 max|x|=0.3175 in_rms=658.6 out_rms=4.8
[wl_front] seg=33024 peak=-nan rms=-nan snr_ratio=0.00 locked=0 best_idx=0 emitted=33024 aligned=0 (0.00%)
[wl_front] seg=33280 peak=-nan rms=-nan snr_ratio=0.00 locked=0 best_idx=0 emitted=33280 aligned=0 (0.00%)
[wl_front] seg=33536 peak=-nan rms=-nan snr_ratio=0.00 locked=0 best_idx=0 emitted=33536 aligned=0 (0.00%)
[wl_front] seg=33792 peak=-nan rms=-nan snr_ratio=0.00 locked=0 best_idx=0 emitted=33792 aligned=0 (0.00%)
[wl_front] seg=34048 peak=-nan rms=-nan snr_ratio=0.00 locked=0 best_idx=0 emitted=34048 aligned=0 (0.00%)
[wl_front] seg=34304 peak=-nan rms=-nan snr_ratio=0.00 locked=0 best_idx=0 emitted=34304 aligned=0 (0.00%)
[wl_front] seg=34560 peak=-nan rms=-nan snr_ratio=0.00 locked=0 best_idx=0 emitted=34560 aligned=0 (0.00%)
[wl_front] seg=34816 peak=-nan rms=-nan snr_ratio=0.00 locked=0 best_idx=0 emitted=34816 aligned=0 (0.00%)
[wl_front] seg=35072 peak=-nan rms=-nan snr_ratio=0.00 locked=0 best_idx=0 emitted=35072 aligned=0 (0.00%)
[wl_front] seg=35328 peak=-nan rms=-nan snr_ratio=0.00 locked=0 best_idx=0 emitted=35328 aligned=0 (0.00%)
[fpll t=  2.49s] nco_freq_hz=-2690071.9 mean|x|=0.03747 rms_x=0.04737 max|x|=0.4056 in_rms=657.8 out_rms=4.8
[wl_front] seg=35584 peak=-nan rms=-nan snr_ratio=0.00 locked=0 best_idx=0 emitted=35584 aligned=0 (0.00%)
[wl_front] seg=35840 peak=-nan rms=-nan snr_ratio=0.00 locked=0 best_idx=0 emitted=35840 aligned=0 (0.00%)
[wl_front] seg=36096 peak=-nan rms=-nan snr_ratio=0.00 locked=0 best_idx=0 emitted=36096 aligned=0 (0.00%)
[wl_front] seg=36352 peak=-nan rms=-nan snr_ratio=0.00 locked=0 best_idx=0 emitted=36352 aligned=0 (0.00%)
[wl_front] seg=36608 peak=-nan rms=-nan snr_ratio=0.00 locked=0 best_idx=0 emitted=36608 aligned=0 (0.00%)
[wl_front] seg=36864 peak=-nan rms=-nan snr_ratio=0.00 locked=0 best_idx=0 emitted=36864 aligned=0 (0.00%)
[wl_front] seg=37120 peak=-nan rms=-nan snr_ratio=0.00 locked=0 best_idx=0 emitted=37120 aligned=0 (0.00%)
[wl_front] seg=37376 peak=-nan rms=-nan snr_ratio=0.00 locked=0 best_idx=0 emitted=37376 aligned=0 (0.00%)
[wl_front] seg=37632 peak=-nan rms=-nan snr_ratio=0.00 locked=0 best_idx=0 emitted=37632 aligned=0 (0.00%)
[fpll t=  2.66s] nco_freq_hz=-2690074.7 mean|x|=0.03793 rms_x=0.04787 max|x|=0.3287 in_rms=657.1 out_rms=4.8
[wl_front] seg=37888 peak=-nan rms=-nan snr_ratio=0.00 locked=0 best_idx=0 emitted=37888 aligned=0 (0.00%)
[wl_front] seg=38144 peak=-nan rms=-nan snr_ratio=0.00 locked=0 best_idx=0 emitted=38144 aligned=0 (0.00%)
[wl_front] seg=38400 peak=-nan rms=-nan snr_ratio=0.00 locked=0 best_idx=0 emitted=38400 aligned=0 (0.00%)
[wl_front] seg=38656 peak=-nan rms=-nan snr_ratio=0.00 locked=0 best_idx=0 emitted=38656 aligned=0 (0.00%)
[wl_front] seg=38912 peak=-nan rms=-nan snr_ratio=0.00 locked=0 best_idx=0 emitted=38912 aligned=0 (0.00%)
[wl_front] seg=39168 peak=-nan rms=-nan snr_ratio=0.00 locked=0 best_idx=0 emitted=39168 aligned=0 (0.00%)
[wl_front] seg=39424 peak=-nan rms=-nan snr_ratio=0.00 locked=0 best_idx=0 emitted=39424 aligned=0 (0.00%)
[wl_front] seg=39680 peak=-nan rms=-nan snr_ratio=0.00 locked=0 best_idx=0 emitted=39680 aligned=0 (0.00%)
[wl_front] seg=39936 peak=-nan rms=-nan snr_ratio=0.00 locked=0 best_idx=0 emitted=39936 aligned=0 (0.00%)
[wl_front] seg=40192 peak=-nan rms=-nan snr_ratio=0.00 locked=0 best_idx=0 emitted=40192 aligned=0 (0.00%)
[fpll t=  2.83s] nco_freq_hz=-2690071.0 mean|x|=0.03750 rms_x=0.04734 max|x|=0.3168 in_rms=656.7 out_rms=4.8
[wl_front] seg=40448 peak=-nan rms=-nan snr_ratio=0.00 locked=0 best_idx=0 emitted=40448 aligned=0 (0.00%)
[wl_front] seg=40704 peak=-nan rms=-nan snr_ratio=0.00 locked=0 best_idx=0 emitted=40704 aligned=0 (0.00%)
[wl_front] seg=40960 peak=-nan rms=-nan snr_ratio=0.00 locked=0 best_idx=0 emitted=40960 aligned=0 (0.00%)
[wl_front] seg=41216 peak=-nan rms=-nan snr_ratio=0.00 locked=0 best_idx=0 emitted=41216 aligned=0 (0.00%)
[wl_front] seg=41472 peak=-nan rms=-nan snr_ratio=0.00 locked=0 best_idx=0 emitted=41472 aligned=0 (0.00%)
[wl_front] seg=41728 peak=-nan rms=-nan snr_ratio=0.00 locked=0 best_idx=0 emitted=41728 aligned=0 (0.00%)
[wl_front] seg=41984 peak=-nan rms=-nan snr_ratio=0.00 locked=0 best_idx=0 emitted=41984 aligned=0 (0.00%)
[wl_front] seg=42240 peak=-nan rms=-nan snr_ratio=0.00 locked=0 best_idx=0 emitted=42240 aligned=0 (0.00%)
[wl_front] seg=42496 peak=-nan rms=-nan snr_ratio=0.00 locked=0 best_idx=0 emitted=42496 aligned=0 (0.00%)
[wl_front] seg=42752 peak=-nan rms=-nan snr_ratio=0.00 locked=0 best_idx=0 emitted=42752 aligned=0 (0.00%)
[fpll t=  3.00s] nco_freq_hz=-2690067.9 mean|x|=0.03770 rms_x=0.04758 max|x|=0.3298 in_rms=657.3 out_rms=4.8
[wl_front] seg=43008 peak=-nan rms=-nan snr_ratio=0.00 locked=0 best_idx=0 emitted=43008 aligned=0 (0.00%)
[wl_front] seg=43264 peak=-nan rms=-nan snr_ratio=0.00 locked=0 best_idx=0 emitted=43264 aligned=0 (0.00%)
[wl_front] seg=43520 peak=-nan rms=-nan snr_ratio=0.00 locked=0 best_idx=0 emitted=43520 aligned=0 (0.00%)
[wl_front] seg=43776 peak=-nan rms=-nan snr_ratio=0.00 locked=0 best_idx=0 emitted=43776 aligned=0 (0.00%)
[wl_front] seg=44032 peak=-nan rms=-nan snr_ratio=0.00 locked=0 best_idx=0 emitted=44032 aligned=0 (0.00%)
[wl_front] seg=44288 peak=-nan rms=-nan snr_ratio=0.00 locked=0 best_idx=0 emitted=44288 aligned=0 (0.00%)
[wl_front] seg=44544 peak=-nan rms=-nan snr_ratio=0.00 locked=0 best_idx=0 emitted=44544 aligned=0 (0.00%)
[wl_front] seg=44800 peak=-nan rms=-nan snr_ratio=0.00 locked=0 best_idx=0 emitted=44800 aligned=0 (0.00%)
[wl_front] seg=45056 peak=-nan rms=-nan snr_ratio=0.00 locked=0 best_idx=0 emitted=45056 aligned=0 (0.00%)
[wl_front] seg=45312 peak=-nan rms=-nan snr_ratio=0.00 locked=0 best_idx=0 emitted=45312 aligned=0 (0.00%)
[fpll t=  3.18s] nco_freq_hz=-2690072.2 mean|x|=0.03767 rms_x=0.04756 max|x|=0.3086 in_rms=658.3 out_rms=4.8
[wl_front] seg=45568 peak=-nan rms=-nan snr_ratio=0.00 locked=0 best_idx=0 emitted=45568 aligned=0 (0.00%)
[wl_front] seg=45824 peak=-nan rms=-nan snr_ratio=0.00 locked=0 best_idx=0 emitted=45824 aligned=0 (0.00%)
[wl_front] seg=46080 peak=-nan rms=-nan snr_ratio=0.00 locked=0 best_idx=0 emitted=46080 aligned=0 (0.00%)
[wl_front] seg=46336 peak=-nan rms=-nan snr_ratio=0.00 locked=0 best_idx=0 emitted=46336 aligned=0 (0.00%)
[wl_front] seg=46592 peak=-nan rms=-nan snr_ratio=0.00 locked=0 best_idx=0 emitted=46592 aligned=0 (0.00%)
[wl_front] seg=46848 peak=-nan rms=-nan snr_ratio=0.00 locked=0 best_idx=0 emitted=46848 aligned=0 (0.00%)
[wl_front] seg=47104 peak=-nan rms=-nan snr_ratio=0.00 locked=0 best_idx=0 emitted=47104 aligned=0 (0.00%)
[wl_front] seg=47360 peak=-nan rms=-nan snr_ratio=0.00 locked=0 best_idx=0 emitted=47360 aligned=0 (0.00%)
[wl_front] seg=47616 peak=-nan rms=-nan snr_ratio=0.00 locked=0 best_idx=0 emitted=47616 aligned=0 (0.00%)
[wl_front] seg=47872 peak=-nan rms=-nan snr_ratio=0.00 locked=0 best_idx=0 emitted=47872 aligned=0 (0.00%)
[fpll t=  3.35s] nco_freq_hz=-2690076.1 mean|x|=0.03798 rms_x=0.04793 max|x|=0.3364 in_rms=657.7 out_rms=4.8
[wl_front] seg=48128 peak=-nan rms=-nan snr_ratio=0.00 locked=0 best_idx=0 emitted=48128 aligned=0 (0.00%)
[wl_front] seg=48384 peak=-nan rms=-nan snr_ratio=0.00 locked=0 best_idx=0 emitted=48384 aligned=0 (0.00%)
[wl_front] seg=48640 peak=-nan rms=-nan snr_ratio=0.00 locked=0 best_idx=0 emitted=48640 aligned=0 (0.00%)
[wl_front] seg=48896 peak=-nan rms=-nan snr_ratio=0.00 locked=0 best_idx=0 emitted=48896 aligned=0 (0.00%)
[wl_front] seg=49152 peak=-nan rms=-nan snr_ratio=0.00 locked=0 best_idx=0 emitted=49152 aligned=0 (0.00%)
[wl_front] seg=49408 peak=-nan rms=-nan snr_ratio=0.00 locked=0 best_idx=0 emitted=49408 aligned=0 (0.00%)
[wl_front] seg=49664 peak=-nan rms=-nan snr_ratio=0.00 locked=0 best_idx=0 emitted=49664 aligned=0 (0.00%)
[wl_front] seg=49920 peak=-nan rms=-nan snr_ratio=0.00 locked=0 best_idx=0 emitted=49920 aligned=0 (0.00%)
[wl_front] seg=50176 peak=-nan rms=-nan snr_ratio=0.00 locked=0 best_idx=0 emitted=50176 aligned=0 (0.00%)
[wl_front] seg=50432 peak=-nan rms=-nan snr_ratio=0.00 locked=0 best_idx=0 emitted=50432 aligned=0 (0.00%)
[fpll t=  3.52s] nco_freq_hz=-2690066.8 mean|x|=0.03754 rms_x=0.04742 max|x|=0.3113 in_rms=658.4 out_rms=4.8
[wl_front] seg=50688 peak=-nan rms=-nan snr_ratio=0.00 locked=0 best_idx=0 emitted=50688 aligned=0 (0.00%)
[wl_front] seg=50944 peak=-nan rms=-nan snr_ratio=0.00 locked=0 best_idx=0 emitted=50944 aligned=0 (0.00%)
[wl_front] seg=51200 peak=-nan rms=-nan snr_ratio=0.00 locked=0 best_idx=0 emitted=51200 aligned=0 (0.00%)
[wl_front] seg=51456 peak=-nan rms=-nan snr_ratio=0.00 locked=0 best_idx=0 emitted=51456 aligned=0 (0.00%)
[wl_front] seg=51712 peak=-nan rms=-nan snr_ratio=0.00 locked=0 best_idx=0 emitted=51712 aligned=0 (0.00%)
[wl_front] seg=51968 peak=-nan rms=-nan snr_ratio=0.00 locked=0 best_idx=0 emitted=51968 aligned=0 (0.00%)
[wl_front] seg=52224 peak=-nan rms=-nan snr_ratio=0.00 locked=0 best_idx=0 emitted=52224 aligned=0 (0.00%)
[wl_front] seg=52480 peak=-nan rms=-nan snr_ratio=0.00 locked=0 best_idx=0 emitted=52480 aligned=0 (0.00%)
[wl_front] seg=52736 peak=-nan rms=-nan snr_ratio=0.00 locked=0 best_idx=0 emitted=52736 aligned=0 (0.00%)
[wl_front] seg=52992 peak=-nan rms=-nan snr_ratio=0.00 locked=0 best_idx=0 emitted=52992 aligned=0 (0.00%)
[fpll t=  3.69s] nco_freq_hz=-2690067.7 mean|x|=0.03758 rms_x=0.04746 max|x|=0.4591 in_rms=656.7 out_rms=4.8
[wl_front] seg=53248 peak=-nan rms=-nan snr_ratio=0.00 locked=0 best_idx=0 emitted=53248 aligned=0 (0.00%)
[wl_front] seg=53504 peak=-nan rms=-nan snr_ratio=0.00 locked=0 best_idx=0 emitted=53504 aligned=0 (0.00%)
[wl_front] seg=53760 peak=-nan rms=-nan snr_ratio=0.00 locked=0 best_idx=0 emitted=53760 aligned=0 (0.00%)
[wl_front] seg=54016 peak=-nan rms=-nan snr_ratio=0.00 locked=0 best_idx=0 emitted=54016 aligned=0 (0.00%)
[wl_front] seg=54272 peak=-nan rms=-nan snr_ratio=0.00 locked=0 best_idx=0 emitted=54272 aligned=0 (0.00%)
[wl_front] seg=54528 peak=-nan rms=-nan snr_ratio=0.00 locked=0 best_idx=0 emitted=54528 aligned=0 (0.00%)
[wl_front] seg=54784 peak=-nan rms=-nan snr_ratio=0.00 locked=0 best_idx=0 emitted=54784 aligned=0 (0.00%)
[wl_front] seg=55040 peak=-nan rms=-nan snr_ratio=0.00 locked=0 best_idx=0 emitted=55040 aligned=0 (0.00%)
[wl_front] seg=55296 peak=-nan rms=-nan snr_ratio=0.00 locked=0 best_idx=0 emitted=55296 aligned=0 (0.00%)
[fpll t=  3.87s] nco_freq_hz=-2690069.0 mean|x|=0.03773 rms_x=0.04760 max|x|=0.3640 in_rms=657.7 out_rms=4.8
[wl_front] seg=55552 peak=-nan rms=-nan snr_ratio=0.00 locked=0 best_idx=0 emitted=55552 aligned=0 (0.00%)
[wl_front] seg=55808 peak=-nan rms=-nan snr_ratio=0.00 locked=0 best_idx=0 emitted=55808 aligned=0 (0.00%)
[wl_front] seg=56064 peak=-nan rms=-nan snr_ratio=0.00 locked=0 best_idx=0 emitted=56064 aligned=0 (0.00%)
[wl_front] seg=56320 peak=-nan rms=-nan snr_ratio=0.00 locked=0 best_idx=0 emitted=56320 aligned=0 (0.00%)
[wl_front] seg=56576 peak=-nan rms=-nan snr_ratio=0.00 locked=0 best_idx=0 emitted=56576 aligned=0 (0.00%)
[wl_front] seg=56832 peak=-nan rms=-nan snr_ratio=0.00 locked=0 best_idx=0 emitted=56832 aligned=0 (0.00%)
[wl_front] seg=57088 peak=-nan rms=-nan snr_ratio=0.00 locked=0 best_idx=0 emitted=57088 aligned=0 (0.00%)
[wl_front] seg=57344 peak=-nan rms=-nan snr_ratio=0.00 locked=0 best_idx=0 emitted=57344 aligned=0 (0.00%)
[wl_front] seg=57600 peak=-nan rms=-nan snr_ratio=0.00 locked=0 best_idx=0 emitted=57600 aligned=0 (0.00%)
[wl_front] seg=57856 peak=-nan rms=-nan snr_ratio=0.00 locked=0 best_idx=0 emitted=57856 aligned=0 (0.00%)
[fpll t=  4.04s] nco_freq_hz=-2690068.3 mean|x|=0.03772 rms_x=0.04765 max|x|=0.5574 in_rms=658.6 out_rms=4.8
[wl_front] seg=58112 peak=-nan rms=-nan snr_ratio=0.00 locked=0 best_idx=0 emitted=58112 aligned=0 (0.00%)
[wl_front] seg=58368 peak=-nan rms=-nan snr_ratio=0.00 locked=0 best_idx=0 emitted=58368 aligned=0 (0.00%)
[wl_front] seg=58624 peak=-nan rms=-nan snr_ratio=0.00 locked=0 best_idx=0 emitted=58624 aligned=0 (0.00%)
[wl_front] seg=58880 peak=-nan rms=-nan snr_ratio=0.00 locked=0 best_idx=0 emitted=58880 aligned=0 (0.00%)
[wl_front] seg=59136 peak=-nan rms=-nan snr_ratio=0.00 locked=0 best_idx=0 emitted=59136 aligned=0 (0.00%)
[wl_front] seg=59392 peak=-nan rms=-nan snr_ratio=0.00 locked=0 best_idx=0 emitted=59392 aligned=0 (0.00%)
[wl_front] seg=59648 peak=-nan rms=-nan snr_ratio=0.00 locked=0 best_idx=0 emitted=59648 aligned=0 (0.00%)
[wl_front] seg=59904 peak=-nan rms=-nan snr_ratio=0.00 locked=0 best_idx=0 emitted=59904 aligned=0 (0.00%)
[wl_front] seg=60160 peak=-nan rms=-nan snr_ratio=0.00 locked=0 best_idx=0 emitted=60160 aligned=0 (0.00%)
[wl_front] seg=60416 peak=-nan rms=-nan snr_ratio=0.00 locked=0 best_idx=0 emitted=60416 aligned=0 (0.00%)
[fpll t=  4.21s] nco_freq_hz=-2690072.9 mean|x|=0.03732 rms_x=0.04704 max|x|=0.2822 in_rms=659.2 out_rms=4.8
[wl_front] seg=60672 peak=-nan rms=-nan snr_ratio=0.00 locked=0 best_idx=0 emitted=60672 aligned=0 (0.00%)
[wl_front] seg=60928 peak=-nan rms=-nan snr_ratio=0.00 locked=0 best_idx=0 emitted=60928 aligned=0 (0.00%)
[wl_front] seg=61184 peak=-nan rms=-nan snr_ratio=0.00 locked=0 best_idx=0 emitted=61184 aligned=0 (0.00%)
[wl_front] seg=61440 peak=-nan rms=-nan snr_ratio=0.00 locked=0 best_idx=0 emitted=61440 aligned=0 (0.00%)
[wl_front] seg=61696 peak=-nan rms=-nan snr_ratio=0.00 locked=0 best_idx=0 emitted=61696 aligned=0 (0.00%)
[wl_front] seg=61952 peak=-nan rms=-nan snr_ratio=0.00 locked=0 best_idx=0 emitted=61952 aligned=0 (0.00%)
[wl_front] seg=62208 peak=-nan rms=-nan snr_ratio=0.00 locked=0 best_idx=0 emitted=62208 aligned=0 (0.00%)
[wl_front] seg=62464 peak=-nan rms=-nan snr_ratio=0.00 locked=0 best_idx=0 emitted=62464 aligned=0 (0.00%)
[wl_front] seg=62720 peak=-nan rms=-nan snr_ratio=0.00 locked=0 best_idx=0 emitted=62720 aligned=0 (0.00%)
[wl_front] seg=62976 peak=-nan rms=-nan snr_ratio=0.00 locked=0 best_idx=0 emitted=62976 aligned=0 (0.00%)
[fpll t=  4.39s] nco_freq_hz=-2690061.8 mean|x|=0.03765 rms_x=0.04754 max|x|=0.3596 in_rms=657.8 out_rms=4.8
[wl_front] seg=63232 peak=-nan rms=-nan snr_ratio=0.00 locked=0 best_idx=0 emitted=63232 aligned=0 (0.00%)
[wl_front] seg=63488 peak=-nan rms=-nan snr_ratio=0.00 locked=0 best_idx=0 emitted=63488 aligned=0 (0.00%)
[wl_front] seg=63744 peak=-nan rms=-nan snr_ratio=0.00 locked=0 best_idx=0 emitted=63744 aligned=0 (0.00%)
[wl_front] seg=64000 peak=-nan rms=-nan snr_ratio=0.00 locked=0 best_idx=0 emitted=64000 aligned=0 (0.00%)
[wl_front] seg=64256 peak=-nan rms=-nan snr_ratio=0.00 locked=0 best_idx=0 emitted=64256 aligned=0 (0.00%)
[wl_front] seg=64512 peak=-nan rms=-nan snr_ratio=0.00 locked=0 best_idx=0 emitted=64512 aligned=0 (0.00%)
[wl_front] seg=64768 peak=-nan rms=-nan snr_ratio=0.00 locked=0 best_idx=0 emitted=64768 aligned=0 (0.00%)
[wl_front] seg=65024 peak=-nan rms=-nan snr_ratio=0.00 locked=0 best_idx=0 emitted=65024 aligned=0 (0.00%)
[wl_front] seg=65280 peak=-nan rms=-nan snr_ratio=0.00 locked=0 best_idx=0 emitted=65280 aligned=0 (0.00%)
[wl_front] seg=65536 peak=-nan rms=-nan snr_ratio=0.00 locked=0 best_idx=0 emitted=65536 aligned=0 (0.00%)
[fpll t=  4.56s] nco_freq_hz=-2690077.5 mean|x|=0.03756 rms_x=0.04735 max|x|=0.3357 in_rms=658.6 out_rms=4.8
[wl_front] seg=65792 peak=-nan rms=-nan snr_ratio=0.00 locked=0 best_idx=0 emitted=65792 aligned=0 (0.00%)
[wl_front] seg=66048 peak=-nan rms=-nan snr_ratio=0.00 locked=0 best_idx=0 emitted=66048 aligned=0 (0.00%)
[wl_front] seg=66304 peak=-nan rms=-nan snr_ratio=0.00 locked=0 best_idx=0 emitted=66304 aligned=0 (0.00%)
[wl_front] seg=66560 peak=-nan rms=-nan snr_ratio=0.00 locked=0 best_idx=0 emitted=66560 aligned=0 (0.00%)
[wl_front] seg=66816 peak=-nan rms=-nan snr_ratio=0.00 locked=0 best_idx=0 emitted=66816 aligned=0 (0.00%)
[wl_front] seg=67072 peak=-nan rms=-nan snr_ratio=0.00 locked=0 best_idx=0 emitted=67072 aligned=0 (0.00%)
[wl_front] seg=67328 peak=-nan rms=-nan snr_ratio=0.00 locked=0 best_idx=0 emitted=67328 aligned=0 (0.00%)
[wl_front] seg=67584 peak=-nan rms=-nan snr_ratio=0.00 locked=0 best_idx=0 emitted=67584 aligned=0 (0.00%)
[wl_front] seg=67840 peak=-nan rms=-nan snr_ratio=0.00 locked=0 best_idx=0 emitted=67840 aligned=0 (0.00%)
[wl_front] seg=68096 peak=-nan rms=-nan snr_ratio=0.00 locked=0 best_idx=0 emitted=68096 aligned=0 (0.00%)
[fpll t=  4.73s] nco_freq_hz=-2690070.1 mean|x|=0.03752 rms_x=0.04739 max|x|=0.3642 in_rms=658.6 out_rms=4.8
[wl_front] seg=68352 peak=-nan rms=-nan snr_ratio=0.00 locked=0 best_idx=0 emitted=68352 aligned=0 (0.00%)
[wl_front] seg=68608 peak=-nan rms=-nan snr_ratio=0.00 locked=0 best_idx=0 emitted=68608 aligned=0 (0.00%)
[wl_front] seg=68864 peak=-nan rms=-nan snr_ratio=0.00 locked=0 best_idx=0 emitted=68864 aligned=0 (0.00%)
[wl_front] seg=69120 peak=-nan rms=-nan snr_ratio=0.00 locked=0 best_idx=0 emitted=69120 aligned=0 (0.00%)
[wl_front] seg=69376 peak=-nan rms=-nan snr_ratio=0.00 locked=0 best_idx=0 emitted=69376 aligned=0 (0.00%)
[wl_front] seg=69632 peak=-nan rms=-nan snr_ratio=0.00 locked=0 best_idx=0 emitted=69632 aligned=0 (0.00%)
[wl_front] seg=69888 peak=-nan rms=-nan snr_ratio=0.00 locked=0 best_idx=0 emitted=69888 aligned=0 (0.00%)
[wl_front] seg=70144 peak=-nan rms=-nan snr_ratio=0.00 locked=0 best_idx=0 emitted=70144 aligned=0 (0.00%)
[wl_front] seg=70400 peak=-nan rms=-nan snr_ratio=0.00 locked=0 best_idx=0 emitted=70400 aligned=0 (0.00%)
[wl_front] seg=70656 peak=-nan rms=-nan snr_ratio=0.00 locked=0 best_idx=0 emitted=70656 aligned=0 (0.00%)
[fpll t=  4.90s] nco_freq_hz=-2690071.1 mean|x|=0.03756 rms_x=0.04739 max|x|=0.2974 in_rms=658.0 out_rms=4.8
[wl_front] seg=70912 peak=-nan rms=-nan snr_ratio=0.00 locked=0 best_idx=0 emitted=70912 aligned=0 (0.00%)
[wl_front] seg=71168 peak=-nan rms=-nan snr_ratio=0.00 locked=0 best_idx=0 emitted=71168 aligned=0 (0.00%)
[wl_front] seg=71424 peak=-nan rms=-nan snr_ratio=0.00 locked=0 best_idx=0 emitted=71424 aligned=0 (0.00%)
[wl_front] seg=71680 peak=-nan rms=-nan snr_ratio=0.00 locked=0 best_idx=0 emitted=71680 aligned=0 (0.00%)
[wl_front] seg=71936 peak=-nan rms=-nan snr_ratio=0.00 locked=0 best_idx=0 emitted=71936 aligned=0 (0.00%)
[wl_front] seg=72192 peak=-nan rms=-nan snr_ratio=0.00 locked=0 best_idx=0 emitted=72192 aligned=0 (0.00%)
[wl_front] seg=72448 peak=-nan rms=-nan snr_ratio=0.00 locked=0 best_idx=0 emitted=72448 aligned=0 (0.00%)
[wl_front] seg=72704 peak=-nan rms=-nan snr_ratio=0.00 locked=0 best_idx=0 emitted=72704 aligned=0 (0.00%)
[wl_front] seg=72960 peak=-nan rms=-nan snr_ratio=0.00 locked=0 best_idx=0 emitted=72960 aligned=0 (0.00%)
[fpll t=  5.08s] nco_freq_hz=-2690070.4 mean|x|=0.03764 rms_x=0.04757 max|x|=0.3165 in_rms=657.9 out_rms=4.8
[wl_front] seg=73216 peak=-nan rms=-nan snr_ratio=0.00 locked=0 best_idx=0 emitted=73216 aligned=0 (0.00%)
[wl_front] seg=73472 peak=-nan rms=-nan snr_ratio=0.00 locked=0 best_idx=0 emitted=73472 aligned=0 (0.00%)
[wl_front] seg=73728 peak=-nan rms=-nan snr_ratio=0.00 locked=0 best_idx=0 emitted=73728 aligned=0 (0.00%)
[wl_front] seg=73984 peak=-nan rms=-nan snr_ratio=0.00 locked=0 best_idx=0 emitted=73984 aligned=0 (0.00%)
[wl_front] seg=74240 peak=-nan rms=-nan snr_ratio=0.00 locked=0 best_idx=0 emitted=74240 aligned=0 (0.00%)
[wl_front] seg=74496 peak=-nan rms=-nan snr_ratio=0.00 locked=0 best_idx=0 emitted=74496 aligned=0 (0.00%)
[wl_front] seg=74752 peak=-nan rms=-nan snr_ratio=0.00 locked=0 best_idx=0 emitted=74752 aligned=0 (0.00%)
[wl_front] seg=75008 peak=-nan rms=-nan snr_ratio=0.00 locked=0 best_idx=0 emitted=75008 aligned=0 (0.00%)
[wl_front] seg=75264 peak=-nan rms=-nan snr_ratio=0.00 locked=0 best_idx=0 emitted=75264 aligned=0 (0.00%)
[wl_front] seg=75520 peak=-nan rms=-nan snr_ratio=0.00 locked=0 best_idx=0 emitted=75520 aligned=0 (0.00%)
[fpll t=  5.25s] nco_freq_hz=-2690074.0 mean|x|=0.03800 rms_x=0.04800 max|x|=0.4590 in_rms=658.1 out_rms=4.8
[wl_front] seg=75776 peak=-nan rms=-nan snr_ratio=0.00 locked=0 best_idx=0 emitted=75776 aligned=0 (0.00%)
[wl_front] seg=76032 peak=-nan rms=-nan snr_ratio=0.00 locked=0 best_idx=0 emitted=76032 aligned=0 (0.00%)
[wl_front] seg=76288 peak=-nan rms=-nan snr_ratio=0.00 locked=0 best_idx=0 emitted=76288 aligned=0 (0.00%)
[wl_front] seg=76544 peak=-nan rms=-nan snr_ratio=0.00 locked=0 best_idx=0 emitted=76544 aligned=0 (0.00%)
[wl_front] seg=76800 peak=-nan rms=-nan snr_ratio=0.00 locked=0 best_idx=0 emitted=76800 aligned=0 (0.00%)
[wl_front] seg=77056 peak=-nan rms=-nan snr_ratio=0.00 locked=0 best_idx=0 emitted=77056 aligned=0 (0.00%)
[wl_front] seg=77312 peak=-nan rms=-nan snr_ratio=0.00 locked=0 best_idx=0 emitted=77312 aligned=0 (0.00%)
[wl_front] seg=77568 peak=-nan rms=-nan snr_ratio=0.00 locked=0 best_idx=0 emitted=77568 aligned=0 (0.00%)
[wl_front] seg=77824 peak=-nan rms=-nan snr_ratio=0.00 locked=0 best_idx=0 emitted=77824 aligned=0 (0.00%)
[wl_front] seg=78080 peak=-nan rms=-nan snr_ratio=0.00 locked=0 best_idx=0 emitted=78080 aligned=0 (0.00%)
[fpll t=  5.42s] nco_freq_hz=-2690076.8 mean|x|=0.03747 rms_x=0.04727 max|x|=0.2956 in_rms=657.2 out_rms=4.8
[wl_front] seg=78336 peak=-nan rms=-nan snr_ratio=0.00 locked=0 best_idx=0 emitted=78336 aligned=0 (0.00%)
[wl_front] seg=78592 peak=-nan rms=-nan snr_ratio=0.00 locked=0 best_idx=0 emitted=78592 aligned=0 (0.00%)
[wl_front] seg=78848 peak=-nan rms=-nan snr_ratio=0.00 locked=0 best_idx=0 emitted=78848 aligned=0 (0.00%)
[wl_front] seg=79104 peak=-nan rms=-nan snr_ratio=0.00 locked=0 best_idx=0 emitted=79104 aligned=0 (0.00%)
[wl_front] seg=79360 peak=-nan rms=-nan snr_ratio=0.00 locked=0 best_idx=0 emitted=79360 aligned=0 (0.00%)
[wl_front] seg=79616 peak=-nan rms=-nan snr_ratio=0.00 locked=0 best_idx=0 emitted=79616 aligned=0 (0.00%)
[wl_front] seg=79872 peak=-nan rms=-nan snr_ratio=0.00 locked=0 best_idx=0 emitted=79872 aligned=0 (0.00%)
[wl_front] seg=80128 peak=-nan rms=-nan snr_ratio=0.00 locked=0 best_idx=0 emitted=80128 aligned=0 (0.00%)
[wl_front] seg=80384 peak=-nan rms=-nan snr_ratio=0.00 locked=0 best_idx=0 emitted=80384 aligned=0 (0.00%)
[wl_front] seg=80640 peak=-nan rms=-nan snr_ratio=0.00 locked=0 best_idx=0 emitted=80640 aligned=0 (0.00%)
[fpll t=  5.60s] nco_freq_hz=-2690071.5 mean|x|=0.03752 rms_x=0.04747 max|x|=0.3773 in_rms=656.1 out_rms=4.8
[wl_front] seg=80896 peak=-nan rms=-nan snr_ratio=0.00 locked=0 best_idx=0 emitted=80896 aligned=0 (0.00%)
[wl_front] seg=81152 peak=-nan rms=-nan snr_ratio=0.00 locked=0 best_idx=0 emitted=81152 aligned=0 (0.00%)
[wl_front] seg=81408 peak=-nan rms=-nan snr_ratio=0.00 locked=0 best_idx=0 emitted=81408 aligned=0 (0.00%)
[wl_front] seg=81664 peak=-nan rms=-nan snr_ratio=0.00 locked=0 best_idx=0 emitted=81664 aligned=0 (0.00%)
[wl_front] seg=81920 peak=-nan rms=-nan snr_ratio=0.00 locked=0 best_idx=0 emitted=81920 aligned=0 (0.00%)
[wl_front] seg=82176 peak=-nan rms=-nan snr_ratio=0.00 locked=0 best_idx=0 emitted=82176 aligned=0 (0.00%)
[wl_front] seg=82432 peak=-nan rms=-nan snr_ratio=0.00 locked=0 best_idx=0 emitted=82432 aligned=0 (0.00%)
[wl_front] seg=82688 peak=-nan rms=-nan snr_ratio=0.00 locked=0 best_idx=0 emitted=82688 aligned=0 (0.00%)
[wl_front] seg=82944 peak=-nan rms=-nan snr_ratio=0.00 locked=0 best_idx=0 emitted=82944 aligned=0 (0.00%)
[wl_front] seg=83200 peak=-nan rms=-nan snr_ratio=0.00 locked=0 best_idx=0 emitted=83200 aligned=0 (0.00%)
[fpll t=  5.77s] nco_freq_hz=-2690070.4 mean|x|=0.03769 rms_x=0.04760 max|x|=0.3669 in_rms=656.4 out_rms=4.8
[wl_front] seg=83456 peak=-nan rms=-nan snr_ratio=0.00 locked=0 best_idx=0 emitted=83456 aligned=0 (0.00%)
[wl_front] seg=83712 peak=-nan rms=-nan snr_ratio=0.00 locked=0 best_idx=0 emitted=83712 aligned=0 (0.00%)
[wl_front] seg=83968 peak=-nan rms=-nan snr_ratio=0.00 locked=0 best_idx=0 emitted=83968 aligned=0 (0.00%)
[wl_front] seg=84224 peak=-nan rms=-nan snr_ratio=0.00 locked=0 best_idx=0 emitted=84224 aligned=0 (0.00%)
[wl_front] seg=84480 peak=-nan rms=-nan snr_ratio=0.00 locked=0 best_idx=0 emitted=84480 aligned=0 (0.00%)
[wl_front] seg=84736 peak=-nan rms=-nan snr_ratio=0.00 locked=0 best_idx=0 emitted=84736 aligned=0 (0.00%)
[wl_front] seg=84992 peak=-nan rms=-nan snr_ratio=0.00 locked=0 best_idx=0 emitted=84992 aligned=0 (0.00%)
[wl_front] seg=85248 peak=-nan rms=-nan snr_ratio=0.00 locked=0 best_idx=0 emitted=85248 aligned=0 (0.00%)
[wl_front] seg=85504 peak=-nan rms=-nan snr_ratio=0.00 locked=0 best_idx=0 emitted=85504 aligned=0 (0.00%)
[wl_front] seg=85760 peak=-nan rms=-nan snr_ratio=0.00 locked=0 best_idx=0 emitted=85760 aligned=0 (0.00%)
[fpll t=  5.94s] nco_freq_hz=-2690070.8 mean|x|=0.03766 rms_x=0.04749 max|x|=0.2819 in_rms=656.7 out_rms=4.8
[wl_front] seg=86016 peak=-nan rms=-nan snr_ratio=0.00 locked=0 best_idx=0 emitted=86016 aligned=0 (0.00%)
[wl_front] seg=86272 peak=-nan rms=-nan snr_ratio=0.00 locked=0 best_idx=0 emitted=86272 aligned=0 (0.00%)
[wl_front] seg=86528 peak=-nan rms=-nan snr_ratio=0.00 locked=0 best_idx=0 emitted=86528 aligned=0 (0.00%)
[wl_front] seg=86784 peak=-nan rms=-nan snr_ratio=0.00 locked=0 best_idx=0 emitted=86784 aligned=0 (0.00%)
[wl_front] seg=87040 peak=-nan rms=-nan snr_ratio=0.00 locked=0 best_idx=0 emitted=87040 aligned=0 (0.00%)
[wl_front] seg=87296 peak=-nan rms=-nan snr_ratio=0.00 locked=0 best_idx=0 emitted=87296 aligned=0 (0.00%)
[wl_front] seg=87552 peak=-nan rms=-nan snr_ratio=0.00 locked=0 best_idx=0 emitted=87552 aligned=0 (0.00%)
[wl_front] seg=87808 peak=-nan rms=-nan snr_ratio=0.00 locked=0 best_idx=0 emitted=87808 aligned=0 (0.00%)
[wl_front] seg=88064 peak=-nan rms=-nan snr_ratio=0.00 locked=0 best_idx=0 emitted=88064 aligned=0 (0.00%)
[wl_front] seg=88320 peak=-nan rms=-nan snr_ratio=0.00 locked=0 best_idx=0 emitted=88320 aligned=0 (0.00%)
[fpll t=  6.11s] nco_freq_hz=-2690073.8 mean|x|=0.03784 rms_x=0.04781 max|x|=0.3523 in_rms=655.9 out_rms=4.8
[wl_front] seg=88576 peak=-nan rms=-nan snr_ratio=0.00 locked=0 best_idx=0 emitted=88576 aligned=0 (0.00%)
[wl_front] seg=88832 peak=-nan rms=-nan snr_ratio=0.00 locked=0 best_idx=0 emitted=88832 aligned=0 (0.00%)
[wl_front] seg=89088 peak=-nan rms=-nan snr_ratio=0.00 locked=0 best_idx=0 emitted=89088 aligned=0 (0.00%)
[wl_front] seg=89344 peak=-nan rms=-nan snr_ratio=0.00 locked=0 best_idx=0 emitted=89344 aligned=0 (0.00%)
[wl_front] seg=89600 peak=-nan rms=-nan snr_ratio=0.00 locked=0 best_idx=0 emitted=89600 aligned=0 (0.00%)
[wl_front] seg=89856 peak=-nan rms=-nan snr_ratio=0.00 locked=0 best_idx=0 emitted=89856 aligned=0 (0.00%)
[wl_front] seg=90112 peak=-nan rms=-nan snr_ratio=0.00 locked=0 best_idx=0 emitted=90112 aligned=0 (0.00%)
[wl_front] seg=90368 peak=-nan rms=-nan snr_ratio=0.00 locked=0 best_idx=0 emitted=90368 aligned=0 (0.00%)
[wl_front] seg=90624 peak=-nan rms=-nan snr_ratio=0.00 locked=0 best_idx=0 emitted=90624 aligned=0 (0.00%)
[fpll t=  6.29s] nco_freq_hz=-2690077.0 mean|x|=0.03773 rms_x=0.04762 max|x|=0.3813 in_rms=655.1 out_rms=4.8
[wl_front] seg=90880 peak=-nan rms=-nan snr_ratio=0.00 locked=0 best_idx=0 emitted=90880 aligned=0 (0.00%)
[wl_front] seg=91136 peak=-nan rms=-nan snr_ratio=0.00 locked=0 best_idx=0 emitted=91136 aligned=0 (0.00%)
[wl_front] seg=91392 peak=-nan rms=-nan snr_ratio=0.00 locked=0 best_idx=0 emitted=91392 aligned=0 (0.00%)
[wl_front] seg=91648 peak=-nan rms=-nan snr_ratio=0.00 locked=0 best_idx=0 emitted=91648 aligned=0 (0.00%)
[wl_front] seg=91904 peak=-nan rms=-nan snr_ratio=0.00 locked=0 best_idx=0 emitted=91904 aligned=0 (0.00%)
[wl_front] seg=92160 peak=-nan rms=-nan snr_ratio=0.00 locked=0 best_idx=0 emitted=92160 aligned=0 (0.00%)
[wl_front] seg=92416 peak=-nan rms=-nan snr_ratio=0.00 locked=0 best_idx=0 emitted=92416 aligned=0 (0.00%)
[wl_front] seg=92672 peak=-nan rms=-nan snr_ratio=0.00 locked=0 best_idx=0 emitted=92672 aligned=0 (0.00%)
[wl_front] seg=92928 peak=-nan rms=-nan snr_ratio=0.00 locked=0 best_idx=0 emitted=92928 aligned=0 (0.00%)
[wl_front] seg=93184 peak=-nan rms=-nan snr_ratio=0.00 locked=0 best_idx=0 emitted=93184 aligned=0 (0.00%)
[fpll t=  6.46s] nco_freq_hz=-2690060.6 mean|x|=0.03757 rms_x=0.04745 max|x|=0.3509 in_rms=655.5 out_rms=4.8
[wl_front] seg=93440 peak=-nan rms=-nan snr_ratio=0.00 locked=0 best_idx=0 emitted=93440 aligned=0 (0.00%)
[wl_front] seg=93696 peak=-nan rms=-nan snr_ratio=0.00 locked=0 best_idx=0 emitted=93696 aligned=0 (0.00%)
[wl_front] seg=93952 peak=-nan rms=-nan snr_ratio=0.00 locked=0 best_idx=0 emitted=93952 aligned=0 (0.00%)
[wl_front] seg=94208 peak=-nan rms=-nan snr_ratio=0.00 locked=0 best_idx=0 emitted=94208 aligned=0 (0.00%)
[wl_front] seg=94464 peak=-nan rms=-nan snr_ratio=0.00 locked=0 best_idx=0 emitted=94464 aligned=0 (0.00%)
[wl_front] seg=94720 peak=-nan rms=-nan snr_ratio=0.00 locked=0 best_idx=0 emitted=94720 aligned=0 (0.00%)
[wl_front] seg=94976 peak=-nan rms=-nan snr_ratio=0.00 locked=0 best_idx=0 emitted=94976 aligned=0 (0.00%)
[wl_front] seg=95232 peak=-nan rms=-nan snr_ratio=0.00 locked=0 best_idx=0 emitted=95232 aligned=0 (0.00%)
[wl_front] seg=95488 peak=-nan rms=-nan snr_ratio=0.00 locked=0 best_idx=0 emitted=95488 aligned=0 (0.00%)
[wl_front] seg=95744 peak=-nan rms=-nan snr_ratio=0.00 locked=0 best_idx=0 emitted=95744 aligned=0 (0.00%)
[fpll t=  6.63s] nco_freq_hz=-2690075.2 mean|x|=0.03761 rms_x=0.04747 max|x|=0.3110 in_rms=657.4 out_rms=4.8
[wl_front] seg=96000 peak=-nan rms=-nan snr_ratio=0.00 locked=0 best_idx=0 emitted=96000 aligned=0 (0.00%)
[wl_front] seg=96256 peak=-nan rms=-nan snr_ratio=0.00 locked=0 best_idx=0 emitted=96256 aligned=0 (0.00%)
[wl_front] seg=96512 peak=-nan rms=-nan snr_ratio=0.00 locked=0 best_idx=0 emitted=96512 aligned=0 (0.00%)
[wl_front] seg=96768 peak=-nan rms=-nan snr_ratio=0.00 locked=0 best_idx=0 emitted=96768 aligned=0 (0.00%)
[wl_front] seg=97024 peak=-nan rms=-nan snr_ratio=0.00 locked=0 best_idx=0 emitted=97024 aligned=0 (0.00%)
[wl_front] seg=97280 peak=-nan rms=-nan snr_ratio=0.00 locked=0 best_idx=0 emitted=97280 aligned=0 (0.00%)
[wl_front] seg=97536 peak=-nan rms=-nan snr_ratio=0.00 locked=0 best_idx=0 emitted=97536 aligned=0 (0.00%)
[wl_front] seg=97792 peak=-nan rms=-nan snr_ratio=0.00 locked=0 best_idx=0 emitted=97792 aligned=0 (0.00%)
[wl_front] seg=98048 peak=-nan rms=-nan snr_ratio=0.00 locked=0 best_idx=0 emitted=98048 aligned=0 (0.00%)
[wl_front] seg=98304 peak=-nan rms=-nan snr_ratio=0.00 locked=0 best_idx=0 emitted=98304 aligned=0 (0.00%)
[fpll t=  6.81s] nco_freq_hz=-2690070.0 mean|x|=0.03775 rms_x=0.04763 max|x|=0.2887 in_rms=657.1 out_rms=4.8
[wl_front] seg=98560 peak=-nan rms=-nan snr_ratio=0.00 locked=0 best_idx=0 emitted=98560 aligned=0 (0.00%)
[wl_front] seg=98816 peak=-nan rms=-nan snr_ratio=0.00 locked=0 best_idx=0 emitted=98816 aligned=0 (0.00%)
[wl_front] seg=99072 peak=-nan rms=-nan snr_ratio=0.00 locked=0 best_idx=0 emitted=99072 aligned=0 (0.00%)
[wl_front] seg=99328 peak=-nan rms=-nan snr_ratio=0.00 locked=0 best_idx=0 emitted=99328 aligned=0 (0.00%)
[wl_front] seg=99584 peak=-nan rms=-nan snr_ratio=0.00 locked=0 best_idx=0 emitted=99584 aligned=0 (0.00%)
[wl_front] seg=99840 peak=-nan rms=-nan snr_ratio=0.00 locked=0 best_idx=0 emitted=99840 aligned=0 (0.00%)
[wl_front] seg=100096 peak=-nan rms=-nan snr_ratio=0.00 locked=0 best_idx=0 emitted=100096 aligned=0 (0.00%)
[wl_front] seg=100352 peak=-nan rms=-nan snr_ratio=0.00 locked=0 best_idx=0 emitted=100352 aligned=0 (0.00%)
[wl_front] seg=100608 peak=-nan rms=-nan snr_ratio=0.00 locked=0 best_idx=0 emitted=100608 aligned=0 (0.00%)
[wl_front] seg=100864 peak=-nan rms=-nan snr_ratio=0.00 locked=0 best_idx=0 emitted=100864 aligned=0 (0.00%)
[fpll t=  6.98s] nco_freq_hz=-2690092.8 mean|x|=0.03779 rms_x=0.04773 max|x|=0.4424 in_rms=657.9 out_rms=4.8
[wl_front] seg=101120 peak=-nan rms=-nan snr_ratio=0.00 locked=0 best_idx=0 emitted=101120 aligned=0 (0.00%)
[wl_front] seg=101376 peak=-nan rms=-nan snr_ratio=0.00 locked=0 best_idx=0 emitted=101376 aligned=0 (0.00%)
[wl_front] seg=101632 peak=-nan rms=-nan snr_ratio=0.00 locked=0 best_idx=0 emitted=101632 aligned=0 (0.00%)
[wl_front] seg=101888 peak=-nan rms=-nan snr_ratio=0.00 locked=0 best_idx=0 emitted=101888 aligned=0 (0.00%)
[wl_front] seg=102144 peak=-nan rms=-nan snr_ratio=0.00 locked=0 best_idx=0 emitted=102144 aligned=0 (0.00%)
[wl_front] seg=102400 peak=-nan rms=-nan snr_ratio=0.00 locked=0 best_idx=0 emitted=102400 aligned=0 (0.00%)
[wl_front] seg=102656 peak=-nan rms=-nan snr_ratio=0.00 locked=0 best_idx=0 emitted=102656 aligned=0 (0.00%)
[wl_front] seg=102912 peak=-nan rms=-nan snr_ratio=0.00 locked=0 best_idx=0 emitted=102912 aligned=0 (0.00%)
[wl_front] seg=103168 peak=-nan rms=-nan snr_ratio=0.00 locked=0 best_idx=0 emitted=103168 aligned=0 (0.00%)
[wl_front] seg=103424 peak=-nan rms=-nan snr_ratio=0.00 locked=0 best_idx=0 emitted=103424 aligned=0 (0.00%)
[fpll t=  7.15s] nco_freq_hz=-2690077.8 mean|x|=0.03781 rms_x=0.04777 max|x|=0.4095 in_rms=657.2 out_rms=4.8
[wl_front] seg=103680 peak=-nan rms=-nan snr_ratio=0.00 locked=0 best_idx=0 emitted=103680 aligned=0 (0.00%)
[wl_front] seg=103936 peak=-nan rms=-nan snr_ratio=0.00 locked=0 best_idx=0 emitted=103936 aligned=0 (0.00%)
[wl_front] seg=104192 peak=-nan rms=-nan snr_ratio=0.00 locked=0 best_idx=0 emitted=104192 aligned=0 (0.00%)
[wl_front] seg=104448 peak=-nan rms=-nan snr_ratio=0.00 locked=0 best_idx=0 emitted=104448 aligned=0 (0.00%)
[wl_front] seg=104704 peak=-nan rms=-nan snr_ratio=0.00 locked=0 best_idx=0 emitted=104704 aligned=0 (0.00%)
[wl_front] seg=104960 peak=-nan rms=-nan snr_ratio=0.00 locked=0 best_idx=0 emitted=104960 aligned=0 (0.00%)
[wl_front] seg=105216 peak=-nan rms=-nan snr_ratio=0.00 locked=0 best_idx=0 emitted=105216 aligned=0 (0.00%)
[wl_front] seg=105472 peak=-nan rms=-nan snr_ratio=0.00 locked=0 best_idx=0 emitted=105472 aligned=0 (0.00%)
[wl_front] seg=105728 peak=-nan rms=-nan snr_ratio=0.00 locked=0 best_idx=0 emitted=105728 aligned=0 (0.00%)
[wl_front] seg=105984 peak=-nan rms=-nan snr_ratio=0.00 locked=0 best_idx=0 emitted=105984 aligned=0 (0.00%)
[fpll t=  7.32s] nco_freq_hz=-2690073.1 mean|x|=0.03767 rms_x=0.04763 max|x|=0.3639 in_rms=656.8 out_rms=4.8
[wl_front] seg=106240 peak=-nan rms=-nan snr_ratio=0.00 locked=0 best_idx=0 emitted=106240 aligned=0 (0.00%)
[wl_front] seg=106496 peak=-nan rms=-nan snr_ratio=0.00 locked=0 best_idx=0 emitted=106496 aligned=0 (0.00%)
[wl_front] seg=106752 peak=-nan rms=-nan snr_ratio=0.00 locked=0 best_idx=0 emitted=106752 aligned=0 (0.00%)
[wl_front] seg=107008 peak=-nan rms=-nan snr_ratio=0.00 locked=0 best_idx=0 emitted=107008 aligned=0 (0.00%)
[wl_front] seg=107264 peak=-nan rms=-nan snr_ratio=0.00 locked=0 best_idx=0 emitted=107264 aligned=0 (0.00%)
[wl_front] seg=107520 peak=-nan rms=-nan snr_ratio=0.00 locked=0 best_idx=0 emitted=107520 aligned=0 (0.00%)
[wl_front] seg=107776 peak=-nan rms=-nan snr_ratio=0.00 locked=0 best_idx=0 emitted=107776 aligned=0 (0.00%)
[wl_front] seg=108032 peak=-nan rms=-nan snr_ratio=0.00 locked=0 best_idx=0 emitted=108032 aligned=0 (0.00%)
[wl_front] seg=108288 peak=-nan rms=-nan snr_ratio=0.00 locked=0 best_idx=0 emitted=108288 aligned=0 (0.00%)
[fpll t=  7.49s] nco_freq_hz=-2690078.5 mean|x|=0.03785 rms_x=0.04777 max|x|=0.3411 in_rms=657.2 out_rms=4.8
[wl_front] seg=108544 peak=-nan rms=-nan snr_ratio=0.00 locked=0 best_idx=0 emitted=108544 aligned=0 (0.00%)
[wl_front] seg=108800 peak=-nan rms=-nan snr_ratio=0.00 locked=0 best_idx=0 emitted=108800 aligned=0 (0.00%)
[wl_front] seg=109056 peak=-nan rms=-nan snr_ratio=0.00 locked=0 best_idx=0 emitted=109056 aligned=0 (0.00%)
[wl_front] seg=109312 peak=-nan rms=-nan snr_ratio=0.00 locked=0 best_idx=0 emitted=109312 aligned=0 (0.00%)
[wl_front] seg=109568 peak=-nan rms=-nan snr_ratio=0.00 locked=0 best_idx=0 emitted=109568 aligned=0 (0.00%)
[wl_front] seg=109824 peak=-nan rms=-nan snr_ratio=0.00 locked=0 best_idx=0 emitted=109824 aligned=0 (0.00%)
[wl_front] seg=110080 peak=-nan rms=-nan snr_ratio=0.00 locked=0 best_idx=0 emitted=110080 aligned=0 (0.00%)
[wl_front] seg=110336 peak=-nan rms=-nan snr_ratio=0.00 locked=0 best_idx=0 emitted=110336 aligned=0 (0.00%)
[wl_front] seg=110592 peak=-nan rms=-nan snr_ratio=0.00 locked=0 best_idx=0 emitted=110592 aligned=0 (0.00%)
[wl_front] seg=110848 peak=-nan rms=-nan snr_ratio=0.00 locked=0 best_idx=0 emitted=110848 aligned=0 (0.00%)
[fpll t=  7.66s] nco_freq_hz=-2690078.8 mean|x|=0.03795 rms_x=0.04801 max|x|=0.3800 in_rms=655.2 out_rms=4.8
[wl_front] seg=111104 peak=-nan rms=-nan snr_ratio=0.00 locked=0 best_idx=0 emitted=111104 aligned=0 (0.00%)
[wl_front] seg=111360 peak=-nan rms=-nan snr_ratio=0.00 locked=0 best_idx=0 emitted=111360 aligned=0 (0.00%)
[wl_front] seg=111616 peak=-nan rms=-nan snr_ratio=0.00 locked=0 best_idx=0 emitted=111616 aligned=0 (0.00%)
[wl_front] seg=111872 peak=-nan rms=-nan snr_ratio=0.00 locked=0 best_idx=0 emitted=111872 aligned=0 (0.00%)
[wl_front] seg=112128 peak=-nan rms=-nan snr_ratio=0.00 locked=0 best_idx=0 emitted=112128 aligned=0 (0.00%)
[wl_front] seg=112384 peak=-nan rms=-nan snr_ratio=0.00 locked=0 best_idx=0 emitted=112384 aligned=0 (0.00%)
[wl_front] seg=112640 peak=-nan rms=-nan snr_ratio=0.00 locked=0 best_idx=0 emitted=112640 aligned=0 (0.00%)
[wl_front] seg=112896 peak=-nan rms=-nan snr_ratio=0.00 locked=0 best_idx=0 emitted=112896 aligned=0 (0.00%)
[wl_front] seg=113152 peak=-nan rms=-nan snr_ratio=0.00 locked=0 best_idx=0 emitted=113152 aligned=0 (0.00%)
[wl_front] seg=113408 peak=-nan rms=-nan snr_ratio=0.00 locked=0 best_idx=0 emitted=113408 aligned=0 (0.00%)
[fpll t=  7.83s] nco_freq_hz=-2690082.3 mean|x|=0.03779 rms_x=0.04772 max|x|=0.3107 in_rms=653.8 out_rms=4.8
[wl_front] seg=113664 peak=-nan rms=-nan snr_ratio=0.00 locked=0 best_idx=0 emitted=113664 aligned=0 (0.00%)
[wl_front] seg=113920 peak=-nan rms=-nan snr_ratio=0.00 locked=0 best_idx=0 emitted=113920 aligned=0 (0.00%)
[wl_front] seg=114176 peak=-nan rms=-nan snr_ratio=0.00 locked=0 best_idx=0 emitted=114176 aligned=0 (0.00%)
[wl_front] seg=114432 peak=-nan rms=-nan snr_ratio=0.00 locked=0 best_idx=0 emitted=114432 aligned=0 (0.00%)
[wl_front] seg=114688 peak=-nan rms=-nan snr_ratio=0.00 locked=0 best_idx=0 emitted=114688 aligned=0 (0.00%)
[wl_front] seg=114944 peak=-nan rms=-nan snr_ratio=0.00 locked=0 best_idx=0 emitted=114944 aligned=0 (0.00%)
[wl_front] seg=115200 peak=-nan rms=-nan snr_ratio=0.00 locked=0 best_idx=0 emitted=115200 aligned=0 (0.00%)
[wl_front] seg=115456 peak=-nan rms=-nan snr_ratio=0.00 locked=0 best_idx=0 emitted=115456 aligned=0 (0.00%)
[wl_front] seg=115712 peak=-nan rms=-nan snr_ratio=0.00 locked=0 best_idx=0 emitted=115712 aligned=0 (0.00%)
[wl_front] seg=115968 peak=-nan rms=-nan snr_ratio=0.00 locked=0 best_idx=0 emitted=115968 aligned=0 (0.00%)
[fpll t=  8.01s] nco_freq_hz=-2690072.9 mean|x|=0.03785 rms_x=0.04780 max|x|=0.3417 in_rms=655.9 out_rms=4.8
[wl_front] seg=116224 peak=-nan rms=-nan snr_ratio=0.00 locked=0 best_idx=0 emitted=116224 aligned=0 (0.00%)
[wl_front] seg=116480 peak=-nan rms=-nan snr_ratio=0.00 locked=0 best_idx=0 emitted=116480 aligned=0 (0.00%)
[wl_front] seg=116736 peak=-nan rms=-nan snr_ratio=0.00 locked=0 best_idx=0 emitted=116736 aligned=0 (0.00%)
[wl_front] seg=116992 peak=-nan rms=-nan snr_ratio=0.00 locked=0 best_idx=0 emitted=116992 aligned=0 (0.00%)
[wl_front] seg=117248 peak=-nan rms=-nan snr_ratio=0.00 locked=0 best_idx=0 emitted=117248 aligned=0 (0.00%)
[wl_front] seg=117504 peak=-nan rms=-nan snr_ratio=0.00 locked=0 best_idx=0 emitted=117504 aligned=0 (0.00%)
[wl_front] seg=117760 peak=-nan rms=-nan snr_ratio=0.00 locked=0 best_idx=0 emitted=117760 aligned=0 (0.00%)
[wl_front] seg=118016 peak=-nan rms=-nan snr_ratio=0.00 locked=0 best_idx=0 emitted=118016 aligned=0 (0.00%)
[wl_front] seg=118272 peak=-nan rms=-nan snr_ratio=0.00 locked=0 best_idx=0 emitted=118272 aligned=0 (0.00%)
[wl_front] seg=118528 peak=-nan rms=-nan snr_ratio=0.00 locked=0 best_idx=0 emitted=118528 aligned=0 (0.00%)
[fpll t=  8.18s] nco_freq_hz=-2690078.0 mean|x|=0.03752 rms_x=0.04736 max|x|=0.2996 in_rms=654.9 out_rms=4.8
[wl_front] seg=118784 peak=-nan rms=-nan snr_ratio=0.00 locked=0 best_idx=0 emitted=118784 aligned=0 (0.00%)
[wl_front] seg=119040 peak=-nan rms=-nan snr_ratio=0.00 locked=0 best_idx=0 emitted=119040 aligned=0 (0.00%)
[wl_front] seg=119296 peak=-nan rms=-nan snr_ratio=0.00 locked=0 best_idx=0 emitted=119296 aligned=0 (0.00%)
[wl_front] seg=119552 peak=-nan rms=-nan snr_ratio=0.00 locked=0 best_idx=0 emitted=119552 aligned=0 (0.00%)
[wl_front] seg=119808 peak=-nan rms=-nan snr_ratio=0.00 locked=0 best_idx=0 emitted=119808 aligned=0 (0.00%)
[wl_front] seg=120064 peak=-nan rms=-nan snr_ratio=0.00 locked=0 best_idx=0 emitted=120064 aligned=0 (0.00%)
[wl_front] seg=120320 peak=-nan rms=-nan snr_ratio=0.00 locked=0 best_idx=0 emitted=120320 aligned=0 (0.00%)
[wl_front] seg=120576 peak=-nan rms=-nan snr_ratio=0.00 locked=0 best_idx=0 emitted=120576 aligned=0 (0.00%)
[wl_front] seg=120832 peak=-nan rms=-nan snr_ratio=0.00 locked=0 best_idx=0 emitted=120832 aligned=0 (0.00%)
[wl_front] seg=121088 peak=-nan rms=-nan snr_ratio=0.00 locked=0 best_idx=0 emitted=121088 aligned=0 (0.00%)
[fpll t=  8.34s] nco_freq_hz=-2690079.7 mean|x|=0.03780 rms_x=0.04773 max|x|=0.3788 in_rms=654.6 out_rms=4.8
[wl_front] seg=121344 peak=-nan rms=-nan snr_ratio=0.00 locked=0 best_idx=0 emitted=121344 aligned=0 (0.00%)
[wl_front] seg=121600 peak=-nan rms=-nan snr_ratio=0.00 locked=0 best_idx=0 emitted=121600 aligned=0 (0.00%)
[wl_front] seg=121856 peak=-nan rms=-nan snr_ratio=0.00 locked=0 best_idx=0 emitted=121856 aligned=0 (0.00%)
[wl_front] seg=122112 peak=-nan rms=-nan snr_ratio=0.00 locked=0 best_idx=0 emitted=122112 aligned=0 (0.00%)
[wl_front] seg=122368 peak=-nan rms=-nan snr_ratio=0.00 locked=0 best_idx=0 emitted=122368 aligned=0 (0.00%)
[wl_front] seg=122624 peak=-nan rms=-nan snr_ratio=0.00 locked=0 best_idx=0 emitted=122624 aligned=0 (0.00%)
[wl_front] seg=122880 peak=-nan rms=-nan snr_ratio=0.00 locked=0 best_idx=0 emitted=122880 aligned=0 (0.00%)
[wl_front] seg=123136 peak=-nan rms=-nan snr_ratio=0.00 locked=0 best_idx=0 emitted=123136 aligned=0 (0.00%)
[wl_front] seg=123392 peak=-nan rms=-nan snr_ratio=0.00 locked=0 best_idx=0 emitted=123392 aligned=0 (0.00%)
[wl_front] seg=123648 peak=-nan rms=-nan snr_ratio=0.00 locked=0 best_idx=0 emitted=123648 aligned=0 (0.00%)
[fpll t=  8.51s] nco_freq_hz=-2690085.3 mean|x|=0.03783 rms_x=0.04779 max|x|=0.3051 in_rms=652.8 out_rms=4.8
[wl_front] seg=123904 peak=-nan rms=-nan snr_ratio=0.00 locked=0 best_idx=0 emitted=123904 aligned=0 (0.00%)
[wl_front] seg=124160 peak=-nan rms=-nan snr_ratio=0.00 locked=0 best_idx=0 emitted=124160 aligned=0 (0.00%)
[wl_front] seg=124416 peak=-nan rms=-nan snr_ratio=0.00 locked=0 best_idx=0 emitted=124416 aligned=0 (0.00%)
[wl_front] seg=124672 peak=-nan rms=-nan snr_ratio=0.00 locked=0 best_idx=0 emitted=124672 aligned=0 (0.00%)
[wl_front] seg=124928 peak=-nan rms=-nan snr_ratio=0.00 locked=0 best_idx=0 emitted=124928 aligned=0 (0.00%)
[wl_front] seg=125184 peak=-nan rms=-nan snr_ratio=0.00 locked=0 best_idx=0 emitted=125184 aligned=0 (0.00%)
[wl_front] seg=125440 peak=-nan rms=-nan snr_ratio=0.00 locked=0 best_idx=0 emitted=125440 aligned=0 (0.00%)
[wl_front] seg=125696 peak=-nan rms=-nan snr_ratio=0.00 locked=0 best_idx=0 emitted=125696 aligned=0 (0.00%)
[wl_front] seg=125952 peak=-nan rms=-nan snr_ratio=0.00 locked=0 best_idx=0 emitted=125952 aligned=0 (0.00%)
[wl_front] seg=126208 peak=-nan rms=-nan snr_ratio=0.00 locked=0 best_idx=0 emitted=126208 aligned=0 (0.00%)
[fpll t=  8.69s] nco_freq_hz=-2690081.9 mean|x|=0.03777 rms_x=0.04766 max|x|=0.3488 in_rms=652.9 out_rms=4.8
[wl_front] seg=126464 peak=-nan rms=-nan snr_ratio=0.00 locked=0 best_idx=0 emitted=126464 aligned=0 (0.00%)
[wl_front] seg=126720 peak=-nan rms=-nan snr_ratio=0.00 locked=0 best_idx=0 emitted=126720 aligned=0 (0.00%)
[wl_front] seg=126976 peak=-nan rms=-nan snr_ratio=0.00 locked=0 best_idx=0 emitted=126976 aligned=0 (0.00%)
[wl_front] seg=127232 peak=-nan rms=-nan snr_ratio=0.00 locked=0 best_idx=0 emitted=127232 aligned=0 (0.00%)
[wl_front] seg=127488 peak=-nan rms=-nan snr_ratio=0.00 locked=0 best_idx=0 emitted=127488 aligned=0 (0.00%)
[wl_front] seg=127744 peak=-nan rms=-nan snr_ratio=0.00 locked=0 best_idx=0 emitted=127744 aligned=0 (0.00%)
[wl_front] seg=128000 peak=-nan rms=-nan snr_ratio=0.00 locked=0 best_idx=0 emitted=128000 aligned=0 (0.00%)
[wl_front] seg=128256 peak=-nan rms=-nan snr_ratio=0.00 locked=0 best_idx=0 emitted=128256 aligned=0 (0.00%)
[wl_front] seg=128512 peak=-nan rms=-nan snr_ratio=0.00 locked=0 best_idx=0 emitted=128512 aligned=0 (0.00%)
[fpll t=  8.86s] nco_freq_hz=-2690071.2 mean|x|=0.03772 rms_x=0.04760 max|x|=0.3379 in_rms=653.3 out_rms=4.8
[wl_front] seg=128768 peak=-nan rms=-nan snr_ratio=0.00 locked=0 best_idx=0 emitted=128768 aligned=0 (0.00%)
[wl_front] seg=129024 peak=-nan rms=-nan snr_ratio=0.00 locked=0 best_idx=0 emitted=129024 aligned=0 (0.00%)
[wl_front] seg=129280 peak=-nan rms=-nan snr_ratio=0.00 locked=0 best_idx=0 emitted=129280 aligned=0 (0.00%)
[wl_front] seg=129536 peak=-nan rms=-nan snr_ratio=0.00 locked=0 best_idx=0 emitted=129536 aligned=0 (0.00%)
[wl_front] seg=129792 peak=-nan rms=-nan snr_ratio=0.00 locked=0 best_idx=0 emitted=129792 aligned=0 (0.00%)
[wl_front] seg=130048 peak=-nan rms=-nan snr_ratio=0.00 locked=0 best_idx=0 emitted=130048 aligned=0 (0.00%)
[wl_front] seg=130304 peak=-nan rms=-nan snr_ratio=0.00 locked=0 best_idx=0 emitted=130304 aligned=0 (0.00%)
[wl_front] seg=130560 peak=-nan rms=-nan snr_ratio=0.00 locked=0 best_idx=0 emitted=130560 aligned=0 (0.00%)
[wl_front] seg=130816 peak=-nan rms=-nan snr_ratio=0.00 locked=0 best_idx=0 emitted=130816 aligned=0 (0.00%)
[wl_front] seg=131072 peak=-nan rms=-nan snr_ratio=0.00 locked=0 best_idx=0 emitted=131072 aligned=0 (0.00%)
[fpll t=  9.03s] nco_freq_hz=-2690073.7 mean|x|=0.03758 rms_x=0.04742 max|x|=0.3310 in_rms=653.2 out_rms=4.8
[wl_front] seg=131328 peak=-nan rms=-nan snr_ratio=0.00 locked=0 best_idx=0 emitted=131328 aligned=0 (0.00%)
[wl_front] seg=131584 peak=-nan rms=-nan snr_ratio=0.00 locked=0 best_idx=0 emitted=131584 aligned=0 (0.00%)
[wl_front] seg=131840 peak=-nan rms=-nan snr_ratio=0.00 locked=0 best_idx=0 emitted=131840 aligned=0 (0.00%)
[wl_front] seg=132096 peak=-nan rms=-nan snr_ratio=0.00 locked=0 best_idx=0 emitted=132096 aligned=0 (0.00%)
[wl_front] seg=132352 peak=-nan rms=-nan snr_ratio=0.00 locked=0 best_idx=0 emitted=132352 aligned=0 (0.00%)
[wl_front] seg=132608 peak=-nan rms=-nan snr_ratio=0.00 locked=0 best_idx=0 emitted=132608 aligned=0 (0.00%)
[wl_front] seg=132864 peak=-nan rms=-nan snr_ratio=0.00 locked=0 best_idx=0 emitted=132864 aligned=0 (0.00%)
[wl_front] seg=133120 peak=-nan rms=-nan snr_ratio=0.00 locked=0 best_idx=0 emitted=133120 aligned=0 (0.00%)
[wl_front] seg=133376 peak=-nan rms=-nan snr_ratio=0.00 locked=0 best_idx=0 emitted=133376 aligned=0 (0.00%)
[wl_front] seg=133632 peak=-nan rms=-nan snr_ratio=0.00 locked=0 best_idx=0 emitted=133632 aligned=0 (0.00%)
[fpll t=  9.21s] nco_freq_hz=-2690068.1 mean|x|=0.03773 rms_x=0.04770 max|x|=0.3439 in_rms=652.3 out_rms=4.8
[wl_front] seg=133888 peak=-nan rms=-nan snr_ratio=0.00 locked=0 best_idx=0 emitted=133888 aligned=0 (0.00%)
[wl_front] seg=134144 peak=-nan rms=-nan snr_ratio=0.00 locked=0 best_idx=0 emitted=134144 aligned=0 (0.00%)
[wl_front] seg=134400 peak=-nan rms=-nan snr_ratio=0.00 locked=0 best_idx=0 emitted=134400 aligned=0 (0.00%)
[wl_front] seg=134656 peak=-nan rms=-nan snr_ratio=0.00 locked=0 best_idx=0 emitted=134656 aligned=0 (0.00%)
[wl_front] seg=134912 peak=-nan rms=-nan snr_ratio=0.00 locked=0 best_idx=0 emitted=134912 aligned=0 (0.00%)
[wl_front] seg=135168 peak=-nan rms=-nan snr_ratio=0.00 locked=0 best_idx=0 emitted=135168 aligned=0 (0.00%)
[wl_front] seg=135424 peak=-nan rms=-nan snr_ratio=0.00 locked=0 best_idx=0 emitted=135424 aligned=0 (0.00%)
[wl_front] seg=135680 peak=-nan rms=-nan snr_ratio=0.00 locked=0 best_idx=0 emitted=135680 aligned=0 (0.00%)
[wl_front] seg=135936 peak=-nan rms=-nan snr_ratio=0.00 locked=0 best_idx=0 emitted=135936 aligned=0 (0.00%)
[wl_front] seg=136192 peak=-nan rms=-nan snr_ratio=0.00 locked=0 best_idx=0 emitted=136192 aligned=0 (0.00%)
[fpll t=  9.38s] nco_freq_hz=-2690071.9 mean|x|=0.03776 rms_x=0.04766 max|x|=0.3418 in_rms=654.0 out_rms=4.8
[wl_front] seg=136448 peak=-nan rms=-nan snr_ratio=0.00 locked=0 best_idx=0 emitted=136448 aligned=0 (0.00%)
[wl_front] seg=136704 peak=-nan rms=-nan snr_ratio=0.00 locked=0 best_idx=0 emitted=136704 aligned=0 (0.00%)
[wl_front] seg=136960 peak=-nan rms=-nan snr_ratio=0.00 locked=0 best_idx=0 emitted=136960 aligned=0 (0.00%)
[wl_front] seg=137216 peak=-nan rms=-nan snr_ratio=0.00 locked=0 best_idx=0 emitted=137216 aligned=0 (0.00%)
[wl_front] seg=137472 peak=-nan rms=-nan snr_ratio=0.00 locked=0 best_idx=0 emitted=137472 aligned=0 (0.00%)
[wl_front] seg=137728 peak=-nan rms=-nan snr_ratio=0.00 locked=0 best_idx=0 emitted=137728 aligned=0 (0.00%)
[wl_front] seg=137984 peak=-nan rms=-nan snr_ratio=0.00 locked=0 best_idx=0 emitted=137984 aligned=0 (0.00%)
[wl_front] seg=138240 peak=-nan rms=-nan snr_ratio=0.00 locked=0 best_idx=0 emitted=138240 aligned=0 (0.00%)
[wl_front] seg=138496 peak=-nan rms=-nan snr_ratio=0.00 locked=0 best_idx=0 emitted=138496 aligned=0 (0.00%)
[wl_front] seg=138752 peak=-nan rms=-nan snr_ratio=0.00 locked=0 best_idx=0 emitted=138752 aligned=0 (0.00%)
[fpll t=  9.55s] nco_freq_hz=-2690081.7 mean|x|=0.03754 rms_x=0.04733 max|x|=0.3789 in_rms=653.9 out_rms=4.8
[wl_front] seg=139008 peak=-nan rms=-nan snr_ratio=0.00 locked=0 best_idx=0 emitted=139008 aligned=0 (0.00%)
[wl_front] seg=139264 peak=-nan rms=-nan snr_ratio=0.00 locked=0 best_idx=0 emitted=139264 aligned=0 (0.00%)
[wl_front] seg=139520 peak=-nan rms=-nan snr_ratio=0.00 locked=0 best_idx=0 emitted=139520 aligned=0 (0.00%)
[wl_front] seg=139776 peak=-nan rms=-nan snr_ratio=0.00 locked=0 best_idx=0 emitted=139776 aligned=0 (0.00%)
[wl_front] seg=140032 peak=-nan rms=-nan snr_ratio=0.00 locked=0 best_idx=0 emitted=140032 aligned=0 (0.00%)
[wl_front] seg=140288 peak=-nan rms=-nan snr_ratio=0.00 locked=0 best_idx=0 emitted=140288 aligned=0 (0.00%)
[wl_front] seg=140544 peak=-nan rms=-nan snr_ratio=0.00 locked=0 best_idx=0 emitted=140544 aligned=0 (0.00%)
[wl_front] seg=140800 peak=-nan rms=-nan snr_ratio=0.00 locked=0 best_idx=0 emitted=140800 aligned=0 (0.00%)
[wl_front] seg=141056 peak=-nan rms=-nan snr_ratio=0.00 locked=0 best_idx=0 emitted=141056 aligned=0 (0.00%)
[wl_front] seg=141312 peak=-nan rms=-nan snr_ratio=0.00 locked=0 best_idx=0 emitted=141312 aligned=0 (0.00%)
[fpll t=  9.72s] nco_freq_hz=-2690072.9 mean|x|=0.03770 rms_x=0.04762 max|x|=0.3585 in_rms=654.1 out_rms=4.8
[wl_front] seg=141568 peak=-nan rms=-nan snr_ratio=0.00 locked=0 best_idx=0 emitted=141568 aligned=0 (0.00%)
[wl_front] seg=141824 peak=-nan rms=-nan snr_ratio=0.00 locked=0 best_idx=0 emitted=141824 aligned=0 (0.00%)
[wl_front] seg=142080 peak=-nan rms=-nan snr_ratio=0.00 locked=0 best_idx=0 emitted=142080 aligned=0 (0.00%)
[wl_front] seg=142336 peak=-nan rms=-nan snr_ratio=0.00 locked=0 best_idx=0 emitted=142336 aligned=0 (0.00%)
[wl_front] seg=142592 peak=-nan rms=-nan snr_ratio=0.00 locked=0 best_idx=0 emitted=142592 aligned=0 (0.00%)
[wl_front] seg=142848 peak=-nan rms=-nan snr_ratio=0.00 locked=0 best_idx=0 emitted=142848 aligned=0 (0.00%)
[wl_front] seg=143104 peak=-nan rms=-nan snr_ratio=0.00 locked=0 best_idx=0 emitted=143104 aligned=0 (0.00%)
[wl_front] seg=143360 peak=-nan rms=-nan snr_ratio=0.00 locked=0 best_idx=0 emitted=143360 aligned=0 (0.00%)
[wl_front] seg=143616 peak=-nan rms=-nan snr_ratio=0.00 locked=0 best_idx=0 emitted=143616 aligned=0 (0.00%)
[wl_front] seg=143872 peak=-nan rms=-nan snr_ratio=0.00 locked=0 best_idx=0 emitted=143872 aligned=0 (0.00%)
[fpll t=  9.90s] nco_freq_hz=-2690074.8 mean|x|=0.03771 rms_x=0.04760 max|x|=0.3549 in_rms=654.5 out_rms=4.8
[wl_front] seg=144128 peak=-nan rms=-nan snr_ratio=0.00 locked=0 best_idx=0 emitted=144128 aligned=0 (0.00%)
[wl_front] seg=144384 peak=-nan rms=-nan snr_ratio=0.00 locked=0 best_idx=0 emitted=144384 aligned=0 (0.00%)
[wl_front] seg=144640 peak=-nan rms=-nan snr_ratio=0.00 locked=0 best_idx=0 emitted=144640 aligned=0 (0.00%)
[wl_front] seg=144896 peak=-nan rms=-nan snr_ratio=0.00 locked=0 best_idx=0 emitted=144896 aligned=0 (0.00%)
[wl_front] seg=145152 peak=-nan rms=-nan snr_ratio=0.00 locked=0 best_idx=0 emitted=145152 aligned=0 (0.00%)
[wl_front] seg=145408 peak=-nan rms=-nan snr_ratio=0.00 locked=0 best_idx=0 emitted=145408 aligned=0 (0.00%)
[wl_front] seg=145664 peak=-nan rms=-nan snr_ratio=0.00 locked=0 best_idx=0 emitted=145664 aligned=0 (0.00%)
[wl_front] seg=145920 peak=-nan rms=-nan snr_ratio=0.00 locked=0 best_idx=0 emitted=145920 aligned=0 (0.00%)
[wl_front] seg=146176 peak=-nan rms=-nan snr_ratio=0.00 locked=0 best_idx=0 emitted=146176 aligned=0 (0.00%)
[fpll t= 10.07s] nco_freq_hz=-2690083.0 mean|x|=0.03756 rms_x=0.04741 max|x|=0.3653 in_rms=654.1 out_rms=4.8
[wl_front] seg=146432 peak=-nan rms=-nan snr_ratio=0.00 locked=0 best_idx=0 emitted=146432 aligned=0 (0.00%)
[wl_front] seg=146688 peak=-nan rms=-nan snr_ratio=0.00 locked=0 best_idx=0 emitted=146688 aligned=0 (0.00%)
[wl_front] seg=146944 peak=-nan rms=-nan snr_ratio=0.00 locked=0 best_idx=0 emitted=146944 aligned=0 (0.00%)
[wl_front] seg=147200 peak=-nan rms=-nan snr_ratio=0.00 locked=0 best_idx=0 emitted=147200 aligned=0 (0.00%)
[wl_front] seg=147456 peak=-nan rms=-nan snr_ratio=0.00 locked=0 best_idx=0 emitted=147456 aligned=0 (0.00%)
[wl_front] seg=147712 peak=-nan rms=-nan snr_ratio=0.00 locked=0 best_idx=0 emitted=147712 aligned=0 (0.00%)
[wl_front] seg=147968 peak=-nan rms=-nan snr_ratio=0.00 locked=0 best_idx=0 emitted=147968 aligned=0 (0.00%)
[wl_front] seg=148224 peak=-nan rms=-nan snr_ratio=0.00 locked=0 best_idx=0 emitted=148224 aligned=0 (0.00%)
[wl_front] seg=148480 peak=-nan rms=-nan snr_ratio=0.00 locked=0 best_idx=0 emitted=148480 aligned=0 (0.00%)
[wl_front] seg=148736 peak=-nan rms=-nan snr_ratio=0.00 locked=0 best_idx=0 emitted=148736 aligned=0 (0.00%)
[fpll t= 10.25s] nco_freq_hz=-2690072.8 mean|x|=0.03772 rms_x=0.04764 max|x|=0.3629 in_rms=652.9 out_rms=4.8
[wl_front] seg=148992 peak=-nan rms=-nan snr_ratio=0.00 locked=0 best_idx=0 emitted=148992 aligned=0 (0.00%)
[wl_front] seg=149248 peak=-nan rms=-nan snr_ratio=0.00 locked=0 best_idx=0 emitted=149248 aligned=0 (0.00%)
[wl_front] seg=149504 peak=-nan rms=-nan snr_ratio=0.00 locked=0 best_idx=0 emitted=149504 aligned=0 (0.00%)
[wl_front] seg=149760 peak=-nan rms=-nan snr_ratio=0.00 locked=0 best_idx=0 emitted=149760 aligned=0 (0.00%)
[wl_front] seg=150016 peak=-nan rms=-nan snr_ratio=0.00 locked=0 best_idx=0 emitted=150016 aligned=0 (0.00%)
[wl_front] seg=150272 peak=-nan rms=-nan snr_ratio=0.00 locked=0 best_idx=0 emitted=150272 aligned=0 (0.00%)
[wl_front] seg=150528 peak=-nan rms=-nan snr_ratio=0.00 locked=0 best_idx=0 emitted=150528 aligned=0 (0.00%)
[wl_front] seg=150784 peak=-nan rms=-nan snr_ratio=0.00 locked=0 best_idx=0 emitted=150784 aligned=0 (0.00%)
[wl_front] seg=151040 peak=-nan rms=-nan snr_ratio=0.00 locked=0 best_idx=0 emitted=151040 aligned=0 (0.00%)
[wl_front] seg=151296 peak=-nan rms=-nan snr_ratio=0.00 locked=0 best_idx=0 emitted=151296 aligned=0 (0.00%)
[fpll t= 10.42s] nco_freq_hz=-2690076.4 mean|x|=0.03761 rms_x=0.04747 max|x|=0.2832 in_rms=650.8 out_rms=4.8
[wl_front] seg=151552 peak=-nan rms=-nan snr_ratio=0.00 locked=0 best_idx=0 emitted=151552 aligned=0 (0.00%)
[wl_front] seg=151808 peak=-nan rms=-nan snr_ratio=0.00 locked=0 best_idx=0 emitted=151808 aligned=0 (0.00%)
[wl_front] seg=152064 peak=-nan rms=-nan snr_ratio=0.00 locked=0 best_idx=0 emitted=152064 aligned=0 (0.00%)
[wl_front] seg=152320 peak=-nan rms=-nan snr_ratio=0.00 locked=0 best_idx=0 emitted=152320 aligned=0 (0.00%)
[wl_front] seg=152576 peak=-nan rms=-nan snr_ratio=0.00 locked=0 best_idx=0 emitted=152576 aligned=0 (0.00%)
[wl_front] seg=152832 peak=-nan rms=-nan snr_ratio=0.00 locked=0 best_idx=0 emitted=152832 aligned=0 (0.00%)
[wl_front] seg=153088 peak=-nan rms=-nan snr_ratio=0.00 locked=0 best_idx=0 emitted=153088 aligned=0 (0.00%)
[wl_front] seg=153344 peak=-nan rms=-nan snr_ratio=0.00 locked=0 best_idx=0 emitted=153344 aligned=0 (0.00%)
[wl_front] seg=153600 peak=-nan rms=-nan snr_ratio=0.00 locked=0 best_idx=0 emitted=153600 aligned=0 (0.00%)
[wl_front] seg=153856 peak=-nan rms=-nan snr_ratio=0.00 locked=0 best_idx=0 emitted=153856 aligned=0 (0.00%)
[fpll t= 10.59s] nco_freq_hz=-2690076.4 mean|x|=0.03801 rms_x=0.04802 max|x|=0.3304 in_rms=649.9 out_rms=4.8
[wl_front] seg=154112 peak=-nan rms=-nan snr_ratio=0.00 locked=0 best_idx=0 emitted=154112 aligned=0 (0.00%)
[wl_front] seg=154368 peak=-nan rms=-nan snr_ratio=0.00 locked=0 best_idx=0 emitted=154368 aligned=0 (0.00%)
[wl_front] seg=154624 peak=-nan rms=-nan snr_ratio=0.00 locked=0 best_idx=0 emitted=154624 aligned=0 (0.00%)
[wl_front] seg=154880 peak=-nan rms=-nan snr_ratio=0.00 locked=0 best_idx=0 emitted=154880 aligned=0 (0.00%)
[wl_front] seg=155136 peak=-nan rms=-nan snr_ratio=0.00 locked=0 best_idx=0 emitted=155136 aligned=0 (0.00%)
[wl_front] seg=155392 peak=-nan rms=-nan snr_ratio=0.00 locked=0 best_idx=0 emitted=155392 aligned=0 (0.00%)
[wl_front] seg=155648 peak=-nan rms=-nan snr_ratio=0.00 locked=0 best_idx=0 emitted=155648 aligned=0 (0.00%)
[wl_front] seg=155904 peak=-nan rms=-nan snr_ratio=0.00 locked=0 best_idx=0 emitted=155904 aligned=0 (0.00%)
[wl_front] seg=156160 peak=-nan rms=-nan snr_ratio=0.00 locked=0 best_idx=0 emitted=156160 aligned=0 (0.00%)
[wl_front] seg=156416 peak=-nan rms=-nan snr_ratio=0.00 locked=0 best_idx=0 emitted=156416 aligned=0 (0.00%)
[fpll t= 10.76s] nco_freq_hz=-2690080.0 mean|x|=0.03768 rms_x=0.04753 max|x|=0.3275 in_rms=649.5 out_rms=4.8
[wl_front] seg=156672 peak=-nan rms=-nan snr_ratio=0.00 locked=0 best_idx=0 emitted=156672 aligned=0 (0.00%)
[wl_front] seg=156928 peak=-nan rms=-nan snr_ratio=0.00 locked=0 best_idx=0 emitted=156928 aligned=0 (0.00%)
[wl_front] seg=157184 peak=-nan rms=-nan snr_ratio=0.00 locked=0 best_idx=0 emitted=157184 aligned=0 (0.00%)
[wl_front] seg=157440 peak=-nan rms=-nan snr_ratio=0.00 locked=0 best_idx=0 emitted=157440 aligned=0 (0.00%)
[wl_front] seg=157696 peak=-nan rms=-nan snr_ratio=0.00 locked=0 best_idx=0 emitted=157696 aligned=0 (0.00%)
[wl_front] seg=157952 peak=-nan rms=-nan snr_ratio=0.00 locked=0 best_idx=0 emitted=157952 aligned=0 (0.00%)
[wl_front] seg=158208 peak=-nan rms=-nan snr_ratio=0.00 locked=0 best_idx=0 emitted=158208 aligned=0 (0.00%)
[wl_front] seg=158464 peak=-nan rms=-nan snr_ratio=0.00 locked=0 best_idx=0 emitted=158464 aligned=0 (0.00%)
[wl_front] seg=158720 peak=-nan rms=-nan snr_ratio=0.00 locked=0 best_idx=0 emitted=158720 aligned=0 (0.00%)
[wl_front] seg=158976 peak=-nan rms=-nan snr_ratio=0.00 locked=0 best_idx=0 emitted=158976 aligned=0 (0.00%)
[fpll t= 10.93s] nco_freq_hz=-2690079.7 mean|x|=0.03755 rms_x=0.04734 max|x|=0.3367 in_rms=648.9 out_rms=4.8
[wl_front] seg=159232 peak=-nan rms=-nan snr_ratio=0.00 locked=0 best_idx=0 emitted=159232 aligned=0 (0.00%)
[wl_front] seg=159488 peak=-nan rms=-nan snr_ratio=0.00 locked=0 best_idx=0 emitted=159488 aligned=0 (0.00%)
[wl_front] seg=159744 peak=-nan rms=-nan snr_ratio=0.00 locked=0 best_idx=0 emitted=159744 aligned=0 (0.00%)
[wl_front] seg=160000 peak=-nan rms=-nan snr_ratio=0.00 locked=0 best_idx=0 emitted=160000 aligned=0 (0.00%)
[wl_front] seg=160256 peak=-nan rms=-nan snr_ratio=0.00 locked=0 best_idx=0 emitted=160256 aligned=0 (0.00%)
[wl_front] seg=160512 peak=-nan rms=-nan snr_ratio=0.00 locked=0 best_idx=0 emitted=160512 aligned=0 (0.00%)
[wl_front] seg=160768 peak=-nan rms=-nan snr_ratio=0.00 locked=0 best_idx=0 emitted=160768 aligned=0 (0.00%)
[wl_front] seg=161024 peak=-nan rms=-nan snr_ratio=0.00 locked=0 best_idx=0 emitted=161024 aligned=0 (0.00%)
[wl_front] seg=161280 peak=-nan rms=-nan snr_ratio=0.00 locked=0 best_idx=0 emitted=161280 aligned=0 (0.00%)
[wl_front] seg=161536 peak=-nan rms=-nan snr_ratio=0.00 locked=0 best_idx=0 emitted=161536 aligned=0 (0.00%)
[fpll t= 11.10s] nco_freq_hz=-2690078.1 mean|x|=0.03777 rms_x=0.04768 max|x|=0.3143 in_rms=648.4 out_rms=4.8
[wl_front] seg=161792 peak=-nan rms=-nan snr_ratio=0.00 locked=0 best_idx=0 emitted=161792 aligned=0 (0.00%)
[wl_front] seg=162048 peak=-nan rms=-nan snr_ratio=0.00 locked=0 best_idx=0 emitted=162048 aligned=0 (0.00%)
[wl_front] seg=162304 peak=-nan rms=-nan snr_ratio=0.00 locked=0 best_idx=0 emitted=162304 aligned=0 (0.00%)
[wl_front] seg=162560 peak=-nan rms=-nan snr_ratio=0.00 locked=0 best_idx=0 emitted=162560 aligned=0 (0.00%)
[wl_front] seg=162816 peak=-nan rms=-nan snr_ratio=0.00 locked=0 best_idx=0 emitted=162816 aligned=0 (0.00%)
[wl_front] seg=163072 peak=-nan rms=-nan snr_ratio=0.00 locked=0 best_idx=0 emitted=163072 aligned=0 (0.00%)
[wl_front] seg=163328 peak=-nan rms=-nan snr_ratio=0.00 locked=0 best_idx=0 emitted=163328 aligned=0 (0.00%)
[wl_front] seg=163584 peak=-nan rms=-nan snr_ratio=0.00 locked=0 best_idx=0 emitted=163584 aligned=0 (0.00%)
[wl_front] seg=163840 peak=-nan rms=-nan snr_ratio=0.00 locked=0 best_idx=0 emitted=163840 aligned=0 (0.00%)
[fpll t= 11.27s] nco_freq_hz=-2690082.2 mean|x|=0.03762 rms_x=0.04751 max|x|=0.3350 in_rms=648.8 out_rms=4.8
[wl_front] seg=164096 peak=-nan rms=-nan snr_ratio=0.00 locked=0 best_idx=0 emitted=164096 aligned=0 (0.00%)
[wl_front] seg=164352 peak=-nan rms=-nan snr_ratio=0.00 locked=0 best_idx=0 emitted=164352 aligned=0 (0.00%)
[wl_front] seg=164608 peak=-nan rms=-nan snr_ratio=0.00 locked=0 best_idx=0 emitted=164608 aligned=0 (0.00%)
[wl_front] seg=164864 peak=-nan rms=-nan snr_ratio=0.00 locked=0 best_idx=0 emitted=164864 aligned=0 (0.00%)
[wl_front] seg=165120 peak=-nan rms=-nan snr_ratio=0.00 locked=0 best_idx=0 emitted=165120 aligned=0 (0.00%)
[wl_front] seg=165376 peak=-nan rms=-nan snr_ratio=0.00 locked=0 best_idx=0 emitted=165376 aligned=0 (0.00%)
[wl_front] seg=165632 peak=-nan rms=-nan snr_ratio=0.00 locked=0 best_idx=0 emitted=165632 aligned=0 (0.00%)
[wl_front] seg=165888 peak=-nan rms=-nan snr_ratio=0.00 locked=0 best_idx=0 emitted=165888 aligned=0 (0.00%)
[wl_front] seg=166144 peak=-nan rms=-nan snr_ratio=0.00 locked=0 best_idx=0 emitted=166144 aligned=0 (0.00%)
[wl_front] seg=166400 peak=-nan rms=-nan snr_ratio=0.00 locked=0 best_idx=0 emitted=166400 aligned=0 (0.00%)
[fpll t= 11.45s] nco_freq_hz=-2690081.4 mean|x|=0.03791 rms_x=0.04785 max|x|=0.3796 in_rms=649.6 out_rms=4.8
[wl_front] seg=166656 peak=-nan rms=-nan snr_ratio=0.00 locked=0 best_idx=0 emitted=166656 aligned=0 (0.00%)
[wl_front] seg=166912 peak=-nan rms=-nan snr_ratio=0.00 locked=0 best_idx=0 emitted=166912 aligned=0 (0.00%)
[wl_front] seg=167168 peak=-nan rms=-nan snr_ratio=0.00 locked=0 best_idx=0 emitted=167168 aligned=0 (0.00%)
[wl_front] seg=167424 peak=-nan rms=-nan snr_ratio=0.00 locked=0 best_idx=0 emitted=167424 aligned=0 (0.00%)
[wl_front] seg=167680 peak=-nan rms=-nan snr_ratio=0.00 locked=0 best_idx=0 emitted=167680 aligned=0 (0.00%)
[wl_front] seg=167936 peak=-nan rms=-nan snr_ratio=0.00 locked=0 best_idx=0 emitted=167936 aligned=0 (0.00%)
[wl_front] seg=168192 peak=-nan rms=-nan snr_ratio=0.00 locked=0 best_idx=0 emitted=168192 aligned=0 (0.00%)
[wl_front] seg=168448 peak=-nan rms=-nan snr_ratio=0.00 locked=0 best_idx=0 emitted=168448 aligned=0 (0.00%)
[wl_front] seg=168704 peak=-nan rms=-nan snr_ratio=0.00 locked=0 best_idx=0 emitted=168704 aligned=0 (0.00%)
[wl_front] seg=168960 peak=-nan rms=-nan snr_ratio=0.00 locked=0 best_idx=0 emitted=168960 aligned=0 (0.00%)
[fpll t= 11.62s] nco_freq_hz=-2690078.9 mean|x|=0.03772 rms_x=0.04766 max|x|=0.4164 in_rms=650.2 out_rms=4.8
[wl_front] seg=169216 peak=-nan rms=-nan snr_ratio=0.00 locked=0 best_idx=0 emitted=169216 aligned=0 (0.00%)
[wl_front] seg=169472 peak=-nan rms=-nan snr_ratio=0.00 locked=0 best_idx=0 emitted=169472 aligned=0 (0.00%)
[wl_front] seg=169728 peak=-nan rms=-nan snr_ratio=0.00 locked=0 best_idx=0 emitted=169728 aligned=0 (0.00%)
[wl_front] seg=169984 peak=-nan rms=-nan snr_ratio=0.00 locked=0 best_idx=0 emitted=169984 aligned=0 (0.00%)
[wl_front] seg=170240 peak=-nan rms=-nan snr_ratio=0.00 locked=0 best_idx=0 emitted=170240 aligned=0 (0.00%)
[wl_front] seg=170496 peak=-nan rms=-nan snr_ratio=0.00 locked=0 best_idx=0 emitted=170496 aligned=0 (0.00%)
[wl_front] seg=170752 peak=-nan rms=-nan snr_ratio=0.00 locked=0 best_idx=0 emitted=170752 aligned=0 (0.00%)
[wl_front] seg=171008 peak=-nan rms=-nan snr_ratio=0.00 locked=0 best_idx=0 emitted=171008 aligned=0 (0.00%)
[wl_front] seg=171264 peak=-nan rms=-nan snr_ratio=0.00 locked=0 best_idx=0 emitted=171264 aligned=0 (0.00%)
[wl_front] seg=171520 peak=-nan rms=-nan snr_ratio=0.00 locked=0 best_idx=0 emitted=171520 aligned=0 (0.00%)
[fpll t= 11.80s] nco_freq_hz=-2690072.1 mean|x|=0.03771 rms_x=0.04762 max|x|=0.3543 in_rms=651.9 out_rms=4.8
[wl_front] seg=171776 peak=-nan rms=-nan snr_ratio=0.00 locked=0 best_idx=0 emitted=171776 aligned=0 (0.00%)
[wl_front] seg=172032 peak=-nan rms=-nan snr_ratio=0.00 locked=0 best_idx=0 emitted=172032 aligned=0 (0.00%)
[wl_front] seg=172288 peak=-nan rms=-nan snr_ratio=0.00 locked=0 best_idx=0 emitted=172288 aligned=0 (0.00%)
[wl_front] seg=172544 peak=-nan rms=-nan snr_ratio=0.00 locked=0 best_idx=0 emitted=172544 aligned=0 (0.00%)
[wl_front] seg=172800 peak=-nan rms=-nan snr_ratio=0.00 locked=0 best_idx=0 emitted=172800 aligned=0 (0.00%)
[wl_front] seg=173056 peak=-nan rms=-nan snr_ratio=0.00 locked=0 best_idx=0 emitted=173056 aligned=0 (0.00%)
[wl_front] seg=173312 peak=-nan rms=-nan snr_ratio=0.00 locked=0 best_idx=0 emitted=173312 aligned=0 (0.00%)
[wl_front] seg=173568 peak=-nan rms=-nan snr_ratio=0.00 locked=0 best_idx=0 emitted=173568 aligned=0 (0.00%)
[wl_front] seg=173824 peak=-nan rms=-nan snr_ratio=0.00 locked=0 best_idx=0 emitted=173824 aligned=0 (0.00%)
[wl_front] seg=174080 peak=-nan rms=-nan snr_ratio=0.00 locked=0 best_idx=0 emitted=174080 aligned=0 (0.00%)
[fpll t= 11.97s] nco_freq_hz=-2690070.9 mean|x|=0.03804 rms_x=0.04805 max|x|=0.4137 in_rms=652.2 out_rms=4.8
[wl_front] seg=174336 peak=-nan rms=-nan snr_ratio=0.00 locked=0 best_idx=0 emitted=174336 aligned=0 (0.00%)
[wl_front] seg=174592 peak=-nan rms=-nan snr_ratio=0.00 locked=0 best_idx=0 emitted=174592 aligned=0 (0.00%)
[wl_front] seg=174848 peak=-nan rms=-nan snr_ratio=0.00 locked=0 best_idx=0 emitted=174848 aligned=0 (0.00%)
[wl_front] seg=175104 peak=-nan rms=-nan snr_ratio=0.00 locked=0 best_idx=0 emitted=175104 aligned=0 (0.00%)
[wl_front] seg=175360 peak=-nan rms=-nan snr_ratio=0.00 locked=0 best_idx=0 emitted=175360 aligned=0 (0.00%)
[wl_front] seg=175616 peak=-nan rms=-nan snr_ratio=0.00 locked=0 best_idx=0 emitted=175616 aligned=0 (0.00%)
[wl_front] seg=175872 peak=-nan rms=-nan snr_ratio=0.00 locked=0 best_idx=0 emitted=175872 aligned=0 (0.00%)
[wl_front] seg=176128 peak=-nan rms=-nan snr_ratio=0.00 locked=0 best_idx=0 emitted=176128 aligned=0 (0.00%)
[wl_front] seg=176384 peak=-nan rms=-nan snr_ratio=0.00 locked=0 best_idx=0 emitted=176384 aligned=0 (0.00%)
[wl_front] seg=176640 peak=-nan rms=-nan snr_ratio=0.00 locked=0 best_idx=0 emitted=176640 aligned=0 (0.00%)
[fpll t= 12.15s] nco_freq_hz=-2690071.9 mean|x|=0.03776 rms_x=0.04773 max|x|=0.3403 in_rms=652.4 out_rms=4.8
[wl_front] seg=176896 peak=-nan rms=-nan snr_ratio=0.00 locked=0 best_idx=0 emitted=176896 aligned=0 (0.00%)
[wl_front] seg=177152 peak=-nan rms=-nan snr_ratio=0.00 locked=0 best_idx=0 emitted=177152 aligned=0 (0.00%)
[wl_front] seg=177408 peak=-nan rms=-nan snr_ratio=0.00 locked=0 best_idx=0 emitted=177408 aligned=0 (0.00%)
[wl_front] seg=177664 peak=-nan rms=-nan snr_ratio=0.00 locked=0 best_idx=0 emitted=177664 aligned=0 (0.00%)
[wl_front] seg=177920 peak=-nan rms=-nan snr_ratio=0.00 locked=0 best_idx=0 emitted=177920 aligned=0 (0.00%)
[wl_front] seg=178176 peak=-nan rms=-nan snr_ratio=0.00 locked=0 best_idx=0 emitted=178176 aligned=0 (0.00%)
[wl_front] seg=178432 peak=-nan rms=-nan snr_ratio=0.00 locked=0 best_idx=0 emitted=178432 aligned=0 (0.00%)
[wl_front] seg=178688 peak=-nan rms=-nan snr_ratio=0.00 locked=0 best_idx=0 emitted=178688 aligned=0 (0.00%)
[wl_front] seg=178944 peak=-nan rms=-nan snr_ratio=0.00 locked=0 best_idx=0 emitted=178944 aligned=0 (0.00%)
[wl_front] seg=179200 peak=-nan rms=-nan snr_ratio=0.00 locked=0 best_idx=0 emitted=179200 aligned=0 (0.00%)
[fpll t= 12.32s] nco_freq_hz=-2690075.7 mean|x|=0.03796 rms_x=0.04791 max|x|=0.3141 in_rms=653.1 out_rms=4.8
[wl_front] seg=179456 peak=-nan rms=-nan snr_ratio=0.00 locked=0 best_idx=0 emitted=179456 aligned=0 (0.00%)
[wl_front] seg=179712 peak=-nan rms=-nan snr_ratio=0.00 locked=0 best_idx=0 emitted=179712 aligned=0 (0.00%)
[wl_front] seg=179968 peak=-nan rms=-nan snr_ratio=0.00 locked=0 best_idx=0 emitted=179968 aligned=0 (0.00%)
[wl_front] seg=180224 peak=-nan rms=-nan snr_ratio=0.00 locked=0 best_idx=0 emitted=180224 aligned=0 (0.00%)
[wl_front] seg=180480 peak=-nan rms=-nan snr_ratio=0.00 locked=0 best_idx=0 emitted=180480 aligned=0 (0.00%)
[wl_front] seg=180736 peak=-nan rms=-nan snr_ratio=0.00 locked=0 best_idx=0 emitted=180736 aligned=0 (0.00%)
[wl_front] seg=180992 peak=-nan rms=-nan snr_ratio=0.00 locked=0 best_idx=0 emitted=180992 aligned=0 (0.00%)
[wl_front] seg=181248 peak=-nan rms=-nan snr_ratio=0.00 locked=0 best_idx=0 emitted=181248 aligned=0 (0.00%)
[wl_front] seg=181504 peak=-nan rms=-nan snr_ratio=0.00 locked=0 best_idx=0 emitted=181504 aligned=0 (0.00%)
[fpll t= 12.49s] nco_freq_hz=-2690080.1 mean|x|=0.03788 rms_x=0.04785 max|x|=0.3226 in_rms=652.0 out_rms=4.8
[wl_front] seg=181760 peak=-nan rms=-nan snr_ratio=0.00 locked=0 best_idx=0 emitted=181760 aligned=0 (0.00%)
[wl_front] seg=182016 peak=-nan rms=-nan snr_ratio=0.00 locked=0 best_idx=0 emitted=182016 aligned=0 (0.00%)
[wl_front] seg=182272 peak=-nan rms=-nan snr_ratio=0.00 locked=0 best_idx=0 emitted=182272 aligned=0 (0.00%)
[wl_front] seg=182528 peak=-nan rms=-nan snr_ratio=0.00 locked=0 best_idx=0 emitted=182528 aligned=0 (0.00%)
[wl_front] seg=182784 peak=-nan rms=-nan snr_ratio=0.00 locked=0 best_idx=0 emitted=182784 aligned=0 (0.00%)
[wl_front] seg=183040 peak=-nan rms=-nan snr_ratio=0.00 locked=0 best_idx=0 emitted=183040 aligned=0 (0.00%)
[wl_front] seg=183296 peak=-nan rms=-nan snr_ratio=0.00 locked=0 best_idx=0 emitted=183296 aligned=0 (0.00%)
[wl_front] seg=183552 peak=-nan rms=-nan snr_ratio=0.00 locked=0 best_idx=0 emitted=183552 aligned=0 (0.00%)
[wl_front] seg=183808 peak=-nan rms=-nan snr_ratio=0.00 locked=0 best_idx=0 emitted=183808 aligned=0 (0.00%)
[wl_front] seg=184064 peak=-nan rms=-nan snr_ratio=0.00 locked=0 best_idx=0 emitted=184064 aligned=0 (0.00%)
[fpll t= 12.66s] nco_freq_hz=-2690078.2 mean|x|=0.03771 rms_x=0.04762 max|x|=0.2968 in_rms=653.4 out_rms=4.8
[wl_front] seg=184320 peak=-nan rms=-nan snr_ratio=0.00 locked=0 best_idx=0 emitted=184320 aligned=0 (0.00%)
[wl_front] seg=184576 peak=-nan rms=-nan snr_ratio=0.00 locked=0 best_idx=0 emitted=184576 aligned=0 (0.00%)
[wl_front] seg=184832 peak=-nan rms=-nan snr_ratio=0.00 locked=0 best_idx=0 emitted=184832 aligned=0 (0.00%)
[wl_front] seg=185088 peak=-nan rms=-nan snr_ratio=0.00 locked=0 best_idx=0 emitted=185088 aligned=0 (0.00%)
[wl_front] seg=185344 peak=-nan rms=-nan snr_ratio=0.00 locked=0 best_idx=0 emitted=185344 aligned=0 (0.00%)
[wl_front] seg=185600 peak=-nan rms=-nan snr_ratio=0.00 locked=0 best_idx=0 emitted=185600 aligned=0 (0.00%)
[wl_front] seg=185856 peak=-nan rms=-nan snr_ratio=0.00 locked=0 best_idx=0 emitted=185856 aligned=0 (0.00%)
[wl_front] seg=186112 peak=-nan rms=-nan snr_ratio=0.00 locked=0 best_idx=0 emitted=186112 aligned=0 (0.00%)
[wl_front] seg=186368 peak=-nan rms=-nan snr_ratio=0.00 locked=0 best_idx=0 emitted=186368 aligned=0 (0.00%)
[wl_front] seg=186624 peak=-nan rms=-nan snr_ratio=0.00 locked=0 best_idx=0 emitted=186624 aligned=0 (0.00%)
[fpll t= 12.83s] nco_freq_hz=-2690081.2 mean|x|=0.03774 rms_x=0.04765 max|x|=0.4155 in_rms=651.9 out_rms=4.8
[wl_front] seg=186880 peak=-nan rms=-nan snr_ratio=0.00 locked=0 best_idx=0 emitted=186880 aligned=0 (0.00%)
[wl_front] seg=187136 peak=-nan rms=-nan snr_ratio=0.00 locked=0 best_idx=0 emitted=187136 aligned=0 (0.00%)
[wl_front] seg=187392 peak=-nan rms=-nan snr_ratio=0.00 locked=0 best_idx=0 emitted=187392 aligned=0 (0.00%)
[wl_front] seg=187648 peak=-nan rms=-nan snr_ratio=0.00 locked=0 best_idx=0 emitted=187648 aligned=0 (0.00%)
[wl_front] seg=187904 peak=-nan rms=-nan snr_ratio=0.00 locked=0 best_idx=0 emitted=187904 aligned=0 (0.00%)
[wl_front] seg=188160 peak=-nan rms=-nan snr_ratio=0.00 locked=0 best_idx=0 emitted=188160 aligned=0 (0.00%)
[wl_front] seg=188416 peak=-nan rms=-nan snr_ratio=0.00 locked=0 best_idx=0 emitted=188416 aligned=0 (0.00%)
[wl_front] seg=188672 peak=-nan rms=-nan snr_ratio=0.00 locked=0 best_idx=0 emitted=188672 aligned=0 (0.00%)
[wl_front] seg=188928 peak=-nan rms=-nan snr_ratio=0.00 locked=0 best_idx=0 emitted=188928 aligned=0 (0.00%)
[wl_front] seg=189184 peak=-nan rms=-nan snr_ratio=0.00 locked=0 best_idx=0 emitted=189184 aligned=0 (0.00%)
[fpll t= 13.01s] nco_freq_hz=-2690074.8 mean|x|=0.03764 rms_x=0.04743 max|x|=0.3861 in_rms=651.7 out_rms=4.8
[wl_front] seg=189440 peak=-nan rms=-nan snr_ratio=0.00 locked=0 best_idx=0 emitted=189440 aligned=0 (0.00%)
[wl_front] seg=189696 peak=-nan rms=-nan snr_ratio=0.00 locked=0 best_idx=0 emitted=189696 aligned=0 (0.00%)
[wl_front] seg=189952 peak=-nan rms=-nan snr_ratio=0.00 locked=0 best_idx=0 emitted=189952 aligned=0 (0.00%)
[wl_front] seg=190208 peak=-nan rms=-nan snr_ratio=0.00 locked=0 best_idx=0 emitted=190208 aligned=0 (0.00%)
[wl_front] seg=190464 peak=-nan rms=-nan snr_ratio=0.00 locked=0 best_idx=0 emitted=190464 aligned=0 (0.00%)
[wl_front] seg=190720 peak=-nan rms=-nan snr_ratio=0.00 locked=0 best_idx=0 emitted=190720 aligned=0 (0.00%)
[wl_front] seg=190976 peak=-nan rms=-nan snr_ratio=0.00 locked=0 best_idx=0 emitted=190976 aligned=0 (0.00%)
[wl_front] seg=191232 peak=-nan rms=-nan snr_ratio=0.00 locked=0 best_idx=0 emitted=191232 aligned=0 (0.00%)
[wl_front] seg=191488 peak=-nan rms=-nan snr_ratio=0.00 locked=0 best_idx=0 emitted=191488 aligned=0 (0.00%)
[wl_front] seg=191744 peak=-nan rms=-nan snr_ratio=0.00 locked=0 best_idx=0 emitted=191744 aligned=0 (0.00%)
[fpll t= 13.18s] nco_freq_hz=-2690087.6 mean|x|=0.03808 rms_x=0.04810 max|x|=0.3501 in_rms=652.0 out_rms=4.8
[wl_front] seg=192000 peak=-nan rms=-nan snr_ratio=0.00 locked=0 best_idx=0 emitted=192000 aligned=0 (0.00%)
[wl_front] seg=192256 peak=-nan rms=-nan snr_ratio=0.00 locked=0 best_idx=0 emitted=192256 aligned=0 (0.00%)
[wl_front] seg=192512 peak=-nan rms=-nan snr_ratio=0.00 locked=0 best_idx=0 emitted=192512 aligned=0 (0.00%)
[wl_front] seg=192768 peak=-nan rms=-nan snr_ratio=0.00 locked=0 best_idx=0 emitted=192768 aligned=0 (0.00%)
[wl_front] seg=193024 peak=-nan rms=-nan snr_ratio=0.00 locked=0 best_idx=0 emitted=193024 aligned=0 (0.00%)
[wl_front] seg=193280 peak=-nan rms=-nan snr_ratio=0.00 locked=0 best_idx=0 emitted=193280 aligned=0 (0.00%)
[wl_front] seg=193536 peak=-nan rms=-nan snr_ratio=0.00 locked=0 best_idx=0 emitted=193536 aligned=0 (0.00%)
[wl_front] seg=193792 peak=-nan rms=-nan snr_ratio=0.00 locked=0 best_idx=0 emitted=193792 aligned=0 (0.00%)
[wl_front] seg=194048 peak=-nan rms=-nan snr_ratio=0.00 locked=0 best_idx=0 emitted=194048 aligned=0 (0.00%)
[wl_front] seg=194304 peak=-nan rms=-nan snr_ratio=0.00 locked=0 best_idx=0 emitted=194304 aligned=0 (0.00%)
[fpll t= 13.35s] nco_freq_hz=-2690081.0 mean|x|=0.03788 rms_x=0.04783 max|x|=0.4394 in_rms=651.6 out_rms=4.8
[wl_front] seg=194560 peak=-nan rms=-nan snr_ratio=0.00 locked=0 best_idx=0 emitted=194560 aligned=0 (0.00%)
[wl_front] seg=194816 peak=-nan rms=-nan snr_ratio=0.00 locked=0 best_idx=0 emitted=194816 aligned=0 (0.00%)
[wl_front] seg=195072 peak=-nan rms=-nan snr_ratio=0.00 locked=0 best_idx=0 emitted=195072 aligned=0 (0.00%)
[wl_front] seg=195328 peak=-nan rms=-nan snr_ratio=0.00 locked=0 best_idx=0 emitted=195328 aligned=0 (0.00%)
[wl_front] seg=195584 peak=-nan rms=-nan snr_ratio=0.00 locked=0 best_idx=0 emitted=195584 aligned=0 (0.00%)
[wl_front] seg=195840 peak=-nan rms=-nan snr_ratio=0.00 locked=0 best_idx=0 emitted=195840 aligned=0 (0.00%)
[wl_front] seg=196096 peak=-nan rms=-nan snr_ratio=0.00 locked=0 best_idx=0 emitted=196096 aligned=0 (0.00%)
[wl_front] seg=196352 peak=-nan rms=-nan snr_ratio=0.00 locked=0 best_idx=0 emitted=196352 aligned=0 (0.00%)
[wl_front] seg=196608 peak=-nan rms=-nan snr_ratio=0.00 locked=0 best_idx=0 emitted=196608 aligned=0 (0.00%)
[wl_front] seg=196864 peak=-nan rms=-nan snr_ratio=0.00 locked=0 best_idx=0 emitted=196864 aligned=0 (0.00%)
[fpll t= 13.52s] nco_freq_hz=-2690073.2 mean|x|=0.03777 rms_x=0.04770 max|x|=0.3923 in_rms=650.1 out_rms=4.8
[wl_front] seg=197120 peak=-nan rms=-nan snr_ratio=0.00 locked=0 best_idx=0 emitted=197120 aligned=0 (0.00%)
[wl_front] seg=197376 peak=-nan rms=-nan snr_ratio=0.00 locked=0 best_idx=0 emitted=197376 aligned=0 (0.00%)
[wl_front] seg=197632 peak=-nan rms=-nan snr_ratio=0.00 locked=0 best_idx=0 emitted=197632 aligned=0 (0.00%)
[wl_front] seg=197888 peak=-nan rms=-nan snr_ratio=0.00 locked=0 best_idx=0 emitted=197888 aligned=0 (0.00%)
[wl_front] seg=198144 peak=-nan rms=-nan snr_ratio=0.00 locked=0 best_idx=0 emitted=198144 aligned=0 (0.00%)
[wl_front] seg=198400 peak=-nan rms=-nan snr_ratio=0.00 locked=0 best_idx=0 emitted=198400 aligned=0 (0.00%)
[wl_front] seg=198656 peak=-nan rms=-nan snr_ratio=0.00 locked=0 best_idx=0 emitted=198656 aligned=0 (0.00%)
[wl_front] seg=198912 peak=-nan rms=-nan snr_ratio=0.00 locked=0 best_idx=0 emitted=198912 aligned=0 (0.00%)
[wl_front] seg=199168 peak=-nan rms=-nan snr_ratio=0.00 locked=0 best_idx=0 emitted=199168 aligned=0 (0.00%)
[fpll t= 13.69s] nco_freq_hz=-2690081.1 mean|x|=0.03784 rms_x=0.04780 max|x|=0.2856 in_rms=650.0 out_rms=4.8
[wl_front] seg=199424 peak=-nan rms=-nan snr_ratio=0.00 locked=0 best_idx=0 emitted=199424 aligned=0 (0.00%)
[wl_front] seg=199680 peak=-nan rms=-nan snr_ratio=0.00 locked=0 best_idx=0 emitted=199680 aligned=0 (0.00%)
[wl_front] seg=199936 peak=-nan rms=-nan snr_ratio=0.00 locked=0 best_idx=0 emitted=199936 aligned=0 (0.00%)
[wl_front] seg=200192 peak=-nan rms=-nan snr_ratio=0.00 locked=0 best_idx=0 emitted=200192 aligned=0 (0.00%)
[wl_front] seg=200448 peak=-nan rms=-nan snr_ratio=0.00 locked=0 best_idx=0 emitted=200448 aligned=0 (0.00%)
[wl_front] seg=200704 peak=-nan rms=-nan snr_ratio=0.00 locked=0 best_idx=0 emitted=200704 aligned=0 (0.00%)
[wl_front] seg=200960 peak=-nan rms=-nan snr_ratio=0.00 locked=0 best_idx=0 emitted=200960 aligned=0 (0.00%)
[wl_front] seg=201216 peak=-nan rms=-nan snr_ratio=0.00 locked=0 best_idx=0 emitted=201216 aligned=0 (0.00%)
[wl_front] seg=201472 peak=-nan rms=-nan snr_ratio=0.00 locked=0 best_idx=0 emitted=201472 aligned=0 (0.00%)
[wl_front] seg=201728 peak=-nan rms=-nan snr_ratio=0.00 locked=0 best_idx=0 emitted=201728 aligned=0 (0.00%)
[fpll t= 13.86s] nco_freq_hz=-2690077.3 mean|x|=0.03793 rms_x=0.04787 max|x|=0.3513 in_rms=649.9 out_rms=4.8
[wl_front] seg=201984 peak=-nan rms=-nan snr_ratio=0.00 locked=0 best_idx=0 emitted=201984 aligned=0 (0.00%)
[wl_front] seg=202240 peak=-nan rms=-nan snr_ratio=0.00 locked=0 best_idx=0 emitted=202240 aligned=0 (0.00%)
[wl_front] seg=202496 peak=-nan rms=-nan snr_ratio=0.00 locked=0 best_idx=0 emitted=202496 aligned=0 (0.00%)
[wl_front] seg=202752 peak=-nan rms=-nan snr_ratio=0.00 locked=0 best_idx=0 emitted=202752 aligned=0 (0.00%)
[wl_front] seg=203008 peak=-nan rms=-nan snr_ratio=0.00 locked=0 best_idx=0 emitted=203008 aligned=0 (0.00%)
[wl_front] seg=203264 peak=-nan rms=-nan snr_ratio=0.00 locked=0 best_idx=0 emitted=203264 aligned=0 (0.00%)
[wl_front] seg=203520 peak=-nan rms=-nan snr_ratio=0.00 locked=0 best_idx=0 emitted=203520 aligned=0 (0.00%)
[wl_front] seg=203776 peak=-nan rms=-nan snr_ratio=0.00 locked=0 best_idx=0 emitted=203776 aligned=0 (0.00%)
[wl_front] seg=204032 peak=-nan rms=-nan snr_ratio=0.00 locked=0 best_idx=0 emitted=204032 aligned=0 (0.00%)
[wl_front] seg=204288 peak=-nan rms=-nan snr_ratio=0.00 locked=0 best_idx=0 emitted=204288 aligned=0 (0.00%)
[fpll t= 14.03s] nco_freq_hz=-2690086.1 mean|x|=0.03782 rms_x=0.04774 max|x|=0.2956 in_rms=650.0 out_rms=4.8
[wl_front] seg=204544 peak=-nan rms=-nan snr_ratio=0.00 locked=0 best_idx=0 emitted=204544 aligned=0 (0.00%)
[wl_front] seg=204800 peak=-nan rms=-nan snr_ratio=0.00 locked=0 best_idx=0 emitted=204800 aligned=0 (0.00%)
[wl_front] seg=205056 peak=-nan rms=-nan snr_ratio=0.00 locked=0 best_idx=0 emitted=205056 aligned=0 (0.00%)
[wl_front] seg=205312 peak=-nan rms=-nan snr_ratio=0.00 locked=0 best_idx=0 emitted=205312 aligned=0 (0.00%)
[wl_front] seg=205568 peak=-nan rms=-nan snr_ratio=0.00 locked=0 best_idx=0 emitted=205568 aligned=0 (0.00%)
[wl_front] seg=205824 peak=-nan rms=-nan snr_ratio=0.00 locked=0 best_idx=0 emitted=205824 aligned=0 (0.00%)
[wl_front] seg=206080 peak=-nan rms=-nan snr_ratio=0.00 locked=0 best_idx=0 emitted=206080 aligned=0 (0.00%)
[wl_front] seg=206336 peak=-nan rms=-nan snr_ratio=0.00 locked=0 best_idx=0 emitted=206336 aligned=0 (0.00%)
[wl_front] seg=206592 peak=-nan rms=-nan snr_ratio=0.00 locked=0 best_idx=0 emitted=206592 aligned=0 (0.00%)
[wl_front] seg=206848 peak=-nan rms=-nan snr_ratio=0.00 locked=0 best_idx=0 emitted=206848 aligned=0 (0.00%)
[fpll t= 14.21s] nco_freq_hz=-2690082.8 mean|x|=0.03799 rms_x=0.04794 max|x|=0.3704 in_rms=650.7 out_rms=4.8
[wl_front] seg=207104 peak=-nan rms=-nan snr_ratio=0.00 locked=0 best_idx=0 emitted=207104 aligned=0 (0.00%)
[wl_front] seg=207360 peak=-nan rms=-nan snr_ratio=0.00 locked=0 best_idx=0 emitted=207360 aligned=0 (0.00%)
[wl_front] seg=207616 peak=-nan rms=-nan snr_ratio=0.00 locked=0 best_idx=0 emitted=207616 aligned=0 (0.00%)
[wl_front] seg=207872 peak=-nan rms=-nan snr_ratio=0.00 locked=0 best_idx=0 emitted=207872 aligned=0 (0.00%)
[wl_front] seg=208128 peak=-nan rms=-nan snr_ratio=0.00 locked=0 best_idx=0 emitted=208128 aligned=0 (0.00%)
[wl_front] seg=208384 peak=-nan rms=-nan snr_ratio=0.00 locked=0 best_idx=0 emitted=208384 aligned=0 (0.00%)
[wl_front] seg=208640 peak=-nan rms=-nan snr_ratio=0.00 locked=0 best_idx=0 emitted=208640 aligned=0 (0.00%)
[wl_front] seg=208896 peak=-nan rms=-nan snr_ratio=0.00 locked=0 best_idx=0 emitted=208896 aligned=0 (0.00%)
[wl_front] seg=209152 peak=-nan rms=-nan snr_ratio=0.00 locked=0 best_idx=0 emitted=209152 aligned=0 (0.00%)
[wl_front] seg=209408 peak=-nan rms=-nan snr_ratio=0.00 locked=0 best_idx=0 emitted=209408 aligned=0 (0.00%)
[fpll t= 14.38s] nco_freq_hz=-2690079.2 mean|x|=0.03788 rms_x=0.04784 max|x|=0.3842 in_rms=650.4 out_rms=4.8
[wl_front] seg=209664 peak=-nan rms=-nan snr_ratio=0.00 locked=0 best_idx=0 emitted=209664 aligned=0 (0.00%)
[wl_front] seg=209920 peak=-nan rms=-nan snr_ratio=0.00 locked=0 best_idx=0 emitted=209920 aligned=0 (0.00%)
[wl_front] seg=210176 peak=-nan rms=-nan snr_ratio=0.00 locked=0 best_idx=0 emitted=210176 aligned=0 (0.00%)
[wl_front] seg=210432 peak=-nan rms=-nan snr_ratio=0.00 locked=0 best_idx=0 emitted=210432 aligned=0 (0.00%)
[wl_front] seg=210688 peak=-nan rms=-nan snr_ratio=0.00 locked=0 best_idx=0 emitted=210688 aligned=0 (0.00%)
[wl_front] seg=210944 peak=-nan rms=-nan snr_ratio=0.00 locked=0 best_idx=0 emitted=210944 aligned=0 (0.00%)
[wl_front] seg=211200 peak=-nan rms=-nan snr_ratio=0.00 locked=0 best_idx=0 emitted=211200 aligned=0 (0.00%)
[wl_front] seg=211456 peak=-nan rms=-nan snr_ratio=0.00 locked=0 best_idx=0 emitted=211456 aligned=0 (0.00%)
[wl_front] seg=211712 peak=-nan rms=-nan snr_ratio=0.00 locked=0 best_idx=0 emitted=211712 aligned=0 (0.00%)
[wl_front] seg=211968 peak=-nan rms=-nan snr_ratio=0.00 locked=0 best_idx=0 emitted=211968 aligned=0 (0.00%)
[fpll t= 14.55s] nco_freq_hz=-2690085.7 mean|x|=0.03761 rms_x=0.04758 max|x|=0.3968 in_rms=649.0 out_rms=4.8
[wl_front] seg=212224 peak=-nan rms=-nan snr_ratio=0.00 locked=0 best_idx=0 emitted=212224 aligned=0 (0.00%)
[wl_front] seg=212480 peak=-nan rms=-nan snr_ratio=0.00 locked=0 best_idx=0 emitted=212480 aligned=0 (0.00%)
[wl_front] seg=212736 peak=-nan rms=-nan snr_ratio=0.00 locked=0 best_idx=0 emitted=212736 aligned=0 (0.00%)
[wl_front] seg=212992 peak=-nan rms=-nan snr_ratio=0.00 locked=0 best_idx=0 emitted=212992 aligned=0 (0.00%)
[wl_front] seg=213248 peak=-nan rms=-nan snr_ratio=0.00 locked=0 best_idx=0 emitted=213248 aligned=0 (0.00%)
[wl_front] seg=213504 peak=-nan rms=-nan snr_ratio=0.00 locked=0 best_idx=0 emitted=213504 aligned=0 (0.00%)
[wl_front] seg=213760 peak=-nan rms=-nan snr_ratio=0.00 locked=0 best_idx=0 emitted=213760 aligned=0 (0.00%)
[wl_front] seg=214016 peak=-nan rms=-nan snr_ratio=0.00 locked=0 best_idx=0 emitted=214016 aligned=0 (0.00%)
[wl_front] seg=214272 peak=-nan rms=-nan snr_ratio=0.00 locked=0 best_idx=0 emitted=214272 aligned=0 (0.00%)
[wl_front] seg=214528 peak=-nan rms=-nan snr_ratio=0.00 locked=0 best_idx=0 emitted=214528 aligned=0 (0.00%)
[fpll t= 14.72s] nco_freq_hz=-2690082.8 mean|x|=0.03779 rms_x=0.04764 max|x|=0.3194 in_rms=649.6 out_rms=4.8
[wl_front] seg=214784 peak=-nan rms=-nan snr_ratio=0.00 locked=0 best_idx=0 emitted=214784 aligned=0 (0.00%)
[wl_front] seg=215040 peak=-nan rms=-nan snr_ratio=0.00 locked=0 best_idx=0 emitted=215040 aligned=0 (0.00%)
[wl_front] seg=215296 peak=-nan rms=-nan snr_ratio=0.00 locked=0 best_idx=0 emitted=215296 aligned=0 (0.00%)
[wl_front] seg=215552 peak=-nan rms=-nan snr_ratio=0.00 locked=0 best_idx=0 emitted=215552 aligned=0 (0.00%)
[wl_front] seg=215808 peak=-nan rms=-nan snr_ratio=0.00 locked=0 best_idx=0 emitted=215808 aligned=0 (0.00%)
[wl_front] seg=216064 peak=-nan rms=-nan snr_ratio=0.00 locked=0 best_idx=0 emitted=216064 aligned=0 (0.00%)
[wl_front] seg=216320 peak=-nan rms=-nan snr_ratio=0.00 locked=0 best_idx=0 emitted=216320 aligned=0 (0.00%)
[wl_front] seg=216576 peak=-nan rms=-nan snr_ratio=0.00 locked=0 best_idx=0 emitted=216576 aligned=0 (0.00%)
[wl_front] seg=216832 peak=-nan rms=-nan snr_ratio=0.00 locked=0 best_idx=0 emitted=216832 aligned=0 (0.00%)
[fpll t= 14.90s] nco_freq_hz=-2690083.7 mean|x|=0.03778 rms_x=0.04769 max|x|=0.3764 in_rms=649.9 out_rms=4.8
[wl_front] seg=217088 peak=-nan rms=-nan snr_ratio=0.00 locked=0 best_idx=0 emitted=217088 aligned=0 (0.00%)
[wl_front] seg=217344 peak=-nan rms=-nan snr_ratio=0.00 locked=0 best_idx=0 emitted=217344 aligned=0 (0.00%)
[wl_front] seg=217600 peak=-nan rms=-nan snr_ratio=0.00 locked=0 best_idx=0 emitted=217600 aligned=0 (0.00%)
[wl_front] seg=217856 peak=-nan rms=-nan snr_ratio=0.00 locked=0 best_idx=0 emitted=217856 aligned=0 (0.00%)
[wl_front] seg=218112 peak=-nan rms=-nan snr_ratio=0.00 locked=0 best_idx=0 emitted=218112 aligned=0 (0.00%)
[wl_front] seg=218368 peak=-nan rms=-nan snr_ratio=0.00 locked=0 best_idx=0 emitted=218368 aligned=0 (0.00%)
[wl_front] seg=218624 peak=-nan rms=-nan snr_ratio=0.00 locked=0 best_idx=0 emitted=218624 aligned=0 (0.00%)
[wl_front] seg=218880 peak=-nan rms=-nan snr_ratio=0.00 locked=0 best_idx=0 emitted=218880 aligned=0 (0.00%)
[wl_front] seg=219136 peak=-nan rms=-nan snr_ratio=0.00 locked=0 best_idx=0 emitted=219136 aligned=0 (0.00%)
[wl_front] seg=219392 peak=-nan rms=-nan snr_ratio=0.00 locked=0 best_idx=0 emitted=219392 aligned=0 (0.00%)
[fpll t= 15.07s] nco_freq_hz=-2690083.5 mean|x|=0.03779 rms_x=0.04771 max|x|=0.2922 in_rms=649.1 out_rms=4.8
[wl_front] seg=219648 peak=-nan rms=-nan snr_ratio=0.00 locked=0 best_idx=0 emitted=219648 aligned=0 (0.00%)
[wl_front] seg=219904 peak=-nan rms=-nan snr_ratio=0.00 locked=0 best_idx=0 emitted=219904 aligned=0 (0.00%)
[wl_front] seg=220160 peak=-nan rms=-nan snr_ratio=0.00 locked=0 best_idx=0 emitted=220160 aligned=0 (0.00%)
[wl_front] seg=220416 peak=-nan rms=-nan snr_ratio=0.00 locked=0 best_idx=0 emitted=220416 aligned=0 (0.00%)
[wl_front] seg=220672 peak=-nan rms=-nan snr_ratio=0.00 locked=0 best_idx=0 emitted=220672 aligned=0 (0.00%)
[wl_front] seg=220928 peak=-nan rms=-nan snr_ratio=0.00 locked=0 best_idx=0 emitted=220928 aligned=0 (0.00%)
[wl_front] seg=221184 peak=-nan rms=-nan snr_ratio=0.00 locked=0 best_idx=0 emitted=221184 aligned=0 (0.00%)
[wl_front] seg=221440 peak=-nan rms=-nan snr_ratio=0.00 locked=0 best_idx=0 emitted=221440 aligned=0 (0.00%)
[wl_front] seg=221696 peak=-nan rms=-nan snr_ratio=0.00 locked=0 best_idx=0 emitted=221696 aligned=0 (0.00%)
[wl_front] seg=221952 peak=-nan rms=-nan snr_ratio=0.00 locked=0 best_idx=0 emitted=221952 aligned=0 (0.00%)
[fpll t= 15.24s] nco_freq_hz=-2690077.1 mean|x|=0.03755 rms_x=0.04734 max|x|=0.3618 in_rms=646.9 out_rms=4.8
[wl_front] seg=222208 peak=-nan rms=-nan snr_ratio=0.00 locked=0 best_idx=0 emitted=222208 aligned=0 (0.00%)
[wl_front] seg=222464 peak=-nan rms=-nan snr_ratio=0.00 locked=0 best_idx=0 emitted=222464 aligned=0 (0.00%)
[wl_front] seg=222720 peak=-nan rms=-nan snr_ratio=0.00 locked=0 best_idx=0 emitted=222720 aligned=0 (0.00%)
[wl_front] seg=222976 peak=-nan rms=-nan snr_ratio=0.00 locked=0 best_idx=0 emitted=222976 aligned=0 (0.00%)
[wl_front] seg=223232 peak=-nan rms=-nan snr_ratio=0.00 locked=0 best_idx=0 emitted=223232 aligned=0 (0.00%)
[wl_front] seg=223488 peak=-nan rms=-nan snr_ratio=0.00 locked=0 best_idx=0 emitted=223488 aligned=0 (0.00%)
[wl_front] seg=223744 peak=-nan rms=-nan snr_ratio=0.00 locked=0 best_idx=0 emitted=223744 aligned=0 (0.00%)
[wl_front] seg=224000 peak=-nan rms=-nan snr_ratio=0.00 locked=0 best_idx=0 emitted=224000 aligned=0 (0.00%)
[wl_front] seg=224256 peak=-nan rms=-nan snr_ratio=0.00 locked=0 best_idx=0 emitted=224256 aligned=0 (0.00%)
[wl_front] seg=224512 peak=-nan rms=-nan snr_ratio=0.00 locked=0 best_idx=0 emitted=224512 aligned=0 (0.00%)
[fpll t= 15.42s] nco_freq_hz=-2690075.2 mean|x|=0.03785 rms_x=0.04776 max|x|=0.3582 in_rms=647.6 out_rms=4.8
[wl_front] seg=224768 peak=-nan rms=-nan snr_ratio=0.00 locked=0 best_idx=0 emitted=224768 aligned=0 (0.00%)
[wl_front] seg=225024 peak=-nan rms=-nan snr_ratio=0.00 locked=0 best_idx=0 emitted=225024 aligned=0 (0.00%)
[wl_front] seg=225280 peak=-nan rms=-nan snr_ratio=0.00 locked=0 best_idx=0 emitted=225280 aligned=0 (0.00%)
[wl_front] seg=225536 peak=-nan rms=-nan snr_ratio=0.00 locked=0 best_idx=0 emitted=225536 aligned=0 (0.00%)
[wl_front] seg=225792 peak=-nan rms=-nan snr_ratio=0.00 locked=0 best_idx=0 emitted=225792 aligned=0 (0.00%)
[wl_front] seg=226048 peak=-nan rms=-nan snr_ratio=0.00 locked=0 best_idx=0 emitted=226048 aligned=0 (0.00%)
[wl_front] seg=226304 peak=-nan rms=-nan snr_ratio=0.00 locked=0 best_idx=0 emitted=226304 aligned=0 (0.00%)
[wl_front] seg=226560 peak=-nan rms=-nan snr_ratio=0.00 locked=0 best_idx=0 emitted=226560 aligned=0 (0.00%)
[wl_front] seg=226816 peak=-nan rms=-nan snr_ratio=0.00 locked=0 best_idx=0 emitted=226816 aligned=0 (0.00%)
[wl_front] seg=227072 peak=-nan rms=-nan snr_ratio=0.00 locked=0 best_idx=0 emitted=227072 aligned=0 (0.00%)
[fpll t= 15.59s] nco_freq_hz=-2690082.0 mean|x|=0.03792 rms_x=0.04781 max|x|=0.2890 in_rms=647.6 out_rms=4.8
[wl_front] seg=227328 peak=-nan rms=-nan snr_ratio=0.00 locked=0 best_idx=0 emitted=227328 aligned=0 (0.00%)
[wl_front] seg=227584 peak=-nan rms=-nan snr_ratio=0.00 locked=0 best_idx=0 emitted=227584 aligned=0 (0.00%)
[wl_front] seg=227840 peak=-nan rms=-nan snr_ratio=0.00 locked=0 best_idx=0 emitted=227840 aligned=0 (0.00%)
[wl_front] seg=228096 peak=-nan rms=-nan snr_ratio=0.00 locked=0 best_idx=0 emitted=228096 aligned=0 (0.00%)
[wl_front] seg=228352 peak=-nan rms=-nan snr_ratio=0.00 locked=0 best_idx=0 emitted=228352 aligned=0 (0.00%)
[wl_front] seg=228608 peak=-nan rms=-nan snr_ratio=0.00 locked=0 best_idx=0 emitted=228608 aligned=0 (0.00%)
[wl_front] seg=228864 peak=-nan rms=-nan snr_ratio=0.00 locked=0 best_idx=0 emitted=228864 aligned=0 (0.00%)
[wl_front] seg=229120 peak=-nan rms=-nan snr_ratio=0.00 locked=0 best_idx=0 emitted=229120 aligned=0 (0.00%)
[wl_front] seg=229376 peak=-nan rms=-nan snr_ratio=0.00 locked=0 best_idx=0 emitted=229376 aligned=0 (0.00%)
[wl_front] seg=229632 peak=-nan rms=-nan snr_ratio=0.00 locked=0 best_idx=0 emitted=229632 aligned=0 (0.00%)
[fpll t= 15.76s] nco_freq_hz=-2690067.4 mean|x|=0.03760 rms_x=0.04752 max|x|=0.3374 in_rms=646.8 out_rms=4.8
[wl_front] seg=229888 peak=-nan rms=-nan snr_ratio=0.00 locked=0 best_idx=0 emitted=229888 aligned=0 (0.00%)
[wl_front] seg=230144 peak=-nan rms=-nan snr_ratio=0.00 locked=0 best_idx=0 emitted=230144 aligned=0 (0.00%)
[wl_front] seg=230400 peak=-nan rms=-nan snr_ratio=0.00 locked=0 best_idx=0 emitted=230400 aligned=0 (0.00%)
[wl_front] seg=230656 peak=-nan rms=-nan snr_ratio=0.00 locked=0 best_idx=0 emitted=230656 aligned=0 (0.00%)
[wl_front] seg=230912 peak=-nan rms=-nan snr_ratio=0.00 locked=0 best_idx=0 emitted=230912 aligned=0 (0.00%)
[wl_front] seg=231168 peak=-nan rms=-nan snr_ratio=0.00 locked=0 best_idx=0 emitted=231168 aligned=0 (0.00%)
[wl_front] seg=231424 peak=-nan rms=-nan snr_ratio=0.00 locked=0 best_idx=0 emitted=231424 aligned=0 (0.00%)
[wl_front] seg=231680 peak=-nan rms=-nan snr_ratio=0.00 locked=0 best_idx=0 emitted=231680 aligned=0 (0.00%)
[wl_front] seg=231936 peak=-nan rms=-nan snr_ratio=0.00 locked=0 best_idx=0 emitted=231936 aligned=0 (0.00%)
[wl_front] seg=232192 peak=-nan rms=-nan snr_ratio=0.00 locked=0 best_idx=0 emitted=232192 aligned=0 (0.00%)
[fpll t= 15.94s] nco_freq_hz=-2690081.3 mean|x|=0.03782 rms_x=0.04776 max|x|=0.3413 in_rms=644.8 out_rms=4.8
[wl_front] seg=232448 peak=-nan rms=-nan snr_ratio=0.00 locked=0 best_idx=0 emitted=232448 aligned=0 (0.00%)
[wl_front] seg=232704 peak=-nan rms=-nan snr_ratio=0.00 locked=0 best_idx=0 emitted=232704 aligned=0 (0.00%)
[wl_front] seg=232960 peak=-nan rms=-nan snr_ratio=0.00 locked=0 best_idx=0 emitted=232960 aligned=0 (0.00%)
[wl_front] seg=233216 peak=-nan rms=-nan snr_ratio=0.00 locked=0 best_idx=0 emitted=233216 aligned=0 (0.00%)
[wl_front] seg=233472 peak=-nan rms=-nan snr_ratio=0.00 locked=0 best_idx=0 emitted=233472 aligned=0 (0.00%)
[wl_front] seg=233728 peak=-nan rms=-nan snr_ratio=0.00 locked=0 best_idx=0 emitted=233728 aligned=0 (0.00%)
[wl_front] seg=233984 peak=-nan rms=-nan snr_ratio=0.00 locked=0 best_idx=0 emitted=233984 aligned=0 (0.00%)
[wl_front] seg=234240 peak=-nan rms=-nan snr_ratio=0.00 locked=0 best_idx=0 emitted=234240 aligned=0 (0.00%)
[wl_front] seg=234496 peak=-nan rms=-nan snr_ratio=0.00 locked=0 best_idx=0 emitted=234496 aligned=0 (0.00%)
[wl_front] seg=234752 peak=-nan rms=-nan snr_ratio=0.00 locked=0 best_idx=0 emitted=234752 aligned=0 (0.00%)
[fpll t= 16.11s] nco_freq_hz=-2690081.0 mean|x|=0.03746 rms_x=0.04725 max|x|=0.4104 in_rms=645.1 out_rms=4.8
[wl_front] seg=235008 peak=-nan rms=-nan snr_ratio=0.00 locked=0 best_idx=0 emitted=235008 aligned=0 (0.00%)
[wl_front] seg=235264 peak=-nan rms=-nan snr_ratio=0.00 locked=0 best_idx=0 emitted=235264 aligned=0 (0.00%)
[wl_front] seg=235520 peak=-nan rms=-nan snr_ratio=0.00 locked=0 best_idx=0 emitted=235520 aligned=0 (0.00%)
[wl_front] seg=235776 peak=-nan rms=-nan snr_ratio=0.00 locked=0 best_idx=0 emitted=235776 aligned=0 (0.00%)
[wl_front] seg=236032 peak=-nan rms=-nan snr_ratio=0.00 locked=0 best_idx=0 emitted=236032 aligned=0 (0.00%)
[wl_front] seg=236288 peak=-nan rms=-nan snr_ratio=0.00 locked=0 best_idx=0 emitted=236288 aligned=0 (0.00%)
[wl_front] seg=236544 peak=-nan rms=-nan snr_ratio=0.00 locked=0 best_idx=0 emitted=236544 aligned=0 (0.00%)
[wl_front] seg=236800 peak=-nan rms=-nan snr_ratio=0.00 locked=0 best_idx=0 emitted=236800 aligned=0 (0.00%)
[wl_front] seg=237056 peak=-nan rms=-nan snr_ratio=0.00 locked=0 best_idx=0 emitted=237056 aligned=0 (0.00%)
[fpll t= 16.28s] nco_freq_hz=-2690088.6 mean|x|=0.03767 rms_x=0.04757 max|x|=0.4774 in_rms=647.9 out_rms=4.8
[wl_front] seg=237312 peak=-nan rms=-nan snr_ratio=0.00 locked=0 best_idx=0 emitted=237312 aligned=0 (0.00%)
[wl_front] seg=237568 peak=-nan rms=-nan snr_ratio=0.00 locked=0 best_idx=0 emitted=237568 aligned=0 (0.00%)
[wl_front] seg=237824 peak=-nan rms=-nan snr_ratio=0.00 locked=0 best_idx=0 emitted=237824 aligned=0 (0.00%)
[wl_front] seg=238080 peak=-nan rms=-nan snr_ratio=0.00 locked=0 best_idx=0 emitted=238080 aligned=0 (0.00%)
[wl_front] seg=238336 peak=-nan rms=-nan snr_ratio=0.00 locked=0 best_idx=0 emitted=238336 aligned=0 (0.00%)
[wl_front] seg=238592 peak=-nan rms=-nan snr_ratio=0.00 locked=0 best_idx=0 emitted=238592 aligned=0 (0.00%)
[wl_front] seg=238848 peak=-nan rms=-nan snr_ratio=0.00 locked=0 best_idx=0 emitted=238848 aligned=0 (0.00%)
[wl_front] seg=239104 peak=-nan rms=-nan snr_ratio=0.00 locked=0 best_idx=0 emitted=239104 aligned=0 (0.00%)
[wl_front] seg=239360 peak=-nan rms=-nan snr_ratio=0.00 locked=0 best_idx=0 emitted=239360 aligned=0 (0.00%)
[wl_front] seg=239616 peak=-nan rms=-nan snr_ratio=0.00 locked=0 best_idx=0 emitted=239616 aligned=0 (0.00%)
[fpll t= 16.45s] nco_freq_hz=-2690080.6 mean|x|=0.03752 rms_x=0.04739 max|x|=0.3166 in_rms=647.9 out_rms=4.8
[wl_front] seg=239872 peak=-nan rms=-nan snr_ratio=0.00 locked=0 best_idx=0 emitted=239872 aligned=0 (0.00%)
[wl_front] seg=240128 peak=-nan rms=-nan snr_ratio=0.00 locked=0 best_idx=0 emitted=240128 aligned=0 (0.00%)
[wl_front] seg=240384 peak=-nan rms=-nan snr_ratio=0.00 locked=0 best_idx=0 emitted=240384 aligned=0 (0.00%)
[wl_front] seg=240640 peak=-nan rms=-nan snr_ratio=0.00 locked=0 best_idx=0 emitted=240640 aligned=0 (0.00%)
[wl_front] seg=240896 peak=-nan rms=-nan snr_ratio=0.00 locked=0 best_idx=0 emitted=240896 aligned=0 (0.00%)
[wl_front] seg=241152 peak=-nan rms=-nan snr_ratio=0.00 locked=0 best_idx=0 emitted=241152 aligned=0 (0.00%)
[wl_front] seg=241408 peak=-nan rms=-nan snr_ratio=0.00 locked=0 best_idx=0 emitted=241408 aligned=0 (0.00%)
[wl_front] seg=241664 peak=-nan rms=-nan snr_ratio=0.00 locked=0 best_idx=0 emitted=241664 aligned=0 (0.00%)
[wl_front] seg=241920 peak=-nan rms=-nan snr_ratio=0.00 locked=0 best_idx=0 emitted=241920 aligned=0 (0.00%)
[wl_front] seg=242176 peak=-nan rms=-nan snr_ratio=0.00 locked=0 best_idx=0 emitted=242176 aligned=0 (0.00%)
[fpll t= 16.62s] nco_freq_hz=-2690083.6 mean|x|=0.03771 rms_x=0.04753 max|x|=0.3037 in_rms=649.4 out_rms=4.8
[wl_front] seg=242432 peak=-nan rms=-nan snr_ratio=0.00 locked=0 best_idx=0 emitted=242432 aligned=0 (0.00%)
[wl_front] seg=242688 peak=-nan rms=-nan snr_ratio=0.00 locked=0 best_idx=0 emitted=242688 aligned=0 (0.00%)
[wl_front] seg=242944 peak=-nan rms=-nan snr_ratio=0.00 locked=0 best_idx=0 emitted=242944 aligned=0 (0.00%)
[wl_front] seg=243200 peak=-nan rms=-nan snr_ratio=0.00 locked=0 best_idx=0 emitted=243200 aligned=0 (0.00%)
[wl_front] seg=243456 peak=-nan rms=-nan snr_ratio=0.00 locked=0 best_idx=0 emitted=243456 aligned=0 (0.00%)
[wl_front] seg=243712 peak=-nan rms=-nan snr_ratio=0.00 locked=0 best_idx=0 emitted=243712 aligned=0 (0.00%)
[wl_front] seg=243968 peak=-nan rms=-nan snr_ratio=0.00 locked=0 best_idx=0 emitted=243968 aligned=0 (0.00%)
[wl_front] seg=244224 peak=-nan rms=-nan snr_ratio=0.00 locked=0 best_idx=0 emitted=244224 aligned=0 (0.00%)
[wl_front] seg=244480 peak=-nan rms=-nan snr_ratio=0.00 locked=0 best_idx=0 emitted=244480 aligned=0 (0.00%)
[wl_front] seg=244736 peak=-nan rms=-nan snr_ratio=0.00 locked=0 best_idx=0 emitted=244736 aligned=0 (0.00%)
[fpll t= 16.79s] nco_freq_hz=-2690084.4 mean|x|=0.03786 rms_x=0.04784 max|x|=0.3534 in_rms=651.4 out_rms=4.8
[wl_front] seg=244992 peak=-nan rms=-nan snr_ratio=0.00 locked=0 best_idx=0 emitted=244992 aligned=0 (0.00%)
[wl_front] seg=245248 peak=-nan rms=-nan snr_ratio=0.00 locked=0 best_idx=0 emitted=245248 aligned=0 (0.00%)
[wl_front] seg=245504 peak=-nan rms=-nan snr_ratio=0.00 locked=0 best_idx=0 emitted=245504 aligned=0 (0.00%)
[wl_front] seg=245760 peak=-nan rms=-nan snr_ratio=0.00 locked=0 best_idx=0 emitted=245760 aligned=0 (0.00%)
[wl_front] seg=246016 peak=-nan rms=-nan snr_ratio=0.00 locked=0 best_idx=0 emitted=246016 aligned=0 (0.00%)
[wl_front] seg=246272 peak=-nan rms=-nan snr_ratio=0.00 locked=0 best_idx=0 emitted=246272 aligned=0 (0.00%)
[wl_front] seg=246528 peak=-nan rms=-nan snr_ratio=0.00 locked=0 best_idx=0 emitted=246528 aligned=0 (0.00%)
[wl_front] seg=246784 peak=-nan rms=-nan snr_ratio=0.00 locked=0 best_idx=0 emitted=246784 aligned=0 (0.00%)
[wl_front] seg=247040 peak=-nan rms=-nan snr_ratio=0.00 locked=0 best_idx=0 emitted=247040 aligned=0 (0.00%)
[wl_front] seg=247296 peak=-nan rms=-nan snr_ratio=0.00 locked=0 best_idx=0 emitted=247296 aligned=0 (0.00%)
[fpll t= 16.97s] nco_freq_hz=-2690086.2 mean|x|=0.03757 rms_x=0.04744 max|x|=0.3549 in_rms=650.7 out_rms=4.8
[wl_front] seg=247552 peak=-nan rms=-nan snr_ratio=0.00 locked=0 best_idx=0 emitted=247552 aligned=0 (0.00%)
[wl_front] seg=247808 peak=-nan rms=-nan snr_ratio=0.00 locked=0 best_idx=0 emitted=247808 aligned=0 (0.00%)
[wl_front] seg=248064 peak=-nan rms=-nan snr_ratio=0.00 locked=0 best_idx=0 emitted=248064 aligned=0 (0.00%)
[wl_front] seg=248320 peak=-nan rms=-nan snr_ratio=0.00 locked=0 best_idx=0 emitted=248320 aligned=0 (0.00%)
[wl_front] seg=248576 peak=-nan rms=-nan snr_ratio=0.00 locked=0 best_idx=0 emitted=248576 aligned=0 (0.00%)
[wl_front] seg=248832 peak=-nan rms=-nan snr_ratio=0.00 locked=0 best_idx=0 emitted=248832 aligned=0 (0.00%)
[wl_front] seg=249088 peak=-nan rms=-nan snr_ratio=0.00 locked=0 best_idx=0 emitted=249088 aligned=0 (0.00%)
[wl_front] seg=249344 peak=-nan rms=-nan snr_ratio=0.00 locked=0 best_idx=0 emitted=249344 aligned=0 (0.00%)
[wl_front] seg=249600 peak=-nan rms=-nan snr_ratio=0.00 locked=0 best_idx=0 emitted=249600 aligned=0 (0.00%)
[wl_front] seg=249856 peak=-nan rms=-nan snr_ratio=0.00 locked=0 best_idx=0 emitted=249856 aligned=0 (0.00%)
[fpll t= 17.14s] nco_freq_hz=-2690080.3 mean|x|=0.03783 rms_x=0.04771 max|x|=0.3378 in_rms=650.1 out_rms=4.8
[wl_front] seg=250112 peak=-nan rms=-nan snr_ratio=0.00 locked=0 best_idx=0 emitted=250112 aligned=0 (0.00%)
[wl_front] seg=250368 peak=-nan rms=-nan snr_ratio=0.00 locked=0 best_idx=0 emitted=250368 aligned=0 (0.00%)
[wl_front] seg=250624 peak=-nan rms=-nan snr_ratio=0.00 locked=0 best_idx=0 emitted=250624 aligned=0 (0.00%)
[wl_front] seg=250880 peak=-nan rms=-nan snr_ratio=0.00 locked=0 best_idx=0 emitted=250880 aligned=0 (0.00%)
[wl_front] seg=251136 peak=-nan rms=-nan snr_ratio=0.00 locked=0 best_idx=0 emitted=251136 aligned=0 (0.00%)
[wl_front] seg=251392 peak=-nan rms=-nan snr_ratio=0.00 locked=0 best_idx=0 emitted=251392 aligned=0 (0.00%)
[wl_front] seg=251648 peak=-nan rms=-nan snr_ratio=0.00 locked=0 best_idx=0 emitted=251648 aligned=0 (0.00%)
[wl_front] seg=251904 peak=-nan rms=-nan snr_ratio=0.00 locked=0 best_idx=0 emitted=251904 aligned=0 (0.00%)
[wl_front] seg=252160 peak=-nan rms=-nan snr_ratio=0.00 locked=0 best_idx=0 emitted=252160 aligned=0 (0.00%)
[wl_front] seg=252416 peak=-nan rms=-nan snr_ratio=0.00 locked=0 best_idx=0 emitted=252416 aligned=0 (0.00%)
[fpll t= 17.32s] nco_freq_hz=-2690076.4 mean|x|=0.03788 rms_x=0.04788 max|x|=0.3187 in_rms=648.6 out_rms=4.8
[wl_front] seg=252672 peak=-nan rms=-nan snr_ratio=0.00 locked=0 best_idx=0 emitted=252672 aligned=0 (0.00%)
[wl_front] seg=252928 peak=-nan rms=-nan snr_ratio=0.00 locked=0 best_idx=0 emitted=252928 aligned=0 (0.00%)
[wl_front] seg=253184 peak=-nan rms=-nan snr_ratio=0.00 locked=0 best_idx=0 emitted=253184 aligned=0 (0.00%)
[wl_front] seg=253440 peak=-nan rms=-nan snr_ratio=0.00 locked=0 best_idx=0 emitted=253440 aligned=0 (0.00%)
[wl_front] seg=253696 peak=-nan rms=-nan snr_ratio=0.00 locked=0 best_idx=0 emitted=253696 aligned=0 (0.00%)
[wl_front] seg=253952 peak=-nan rms=-nan snr_ratio=0.00 locked=0 best_idx=0 emitted=253952 aligned=0 (0.00%)
[wl_front] seg=254208 peak=-nan rms=-nan snr_ratio=0.00 locked=0 best_idx=0 emitted=254208 aligned=0 (0.00%)
[wl_front] seg=254464 peak=-nan rms=-nan snr_ratio=0.00 locked=0 best_idx=0 emitted=254464 aligned=0 (0.00%)
[wl_front] seg=254720 peak=-nan rms=-nan snr_ratio=0.00 locked=0 best_idx=0 emitted=254720 aligned=0 (0.00%)
[fpll t= 17.49s] nco_freq_hz=-2690080.5 mean|x|=0.03790 rms_x=0.04786 max|x|=0.3286 in_rms=647.4 out_rms=4.8
[wl_front] seg=254976 peak=-nan rms=-nan snr_ratio=0.00 locked=0 best_idx=0 emitted=254976 aligned=0 (0.00%)
[wl_front] seg=255232 peak=-nan rms=-nan snr_ratio=0.00 locked=0 best_idx=0 emitted=255232 aligned=0 (0.00%)
[wl_front] seg=255488 peak=-nan rms=-nan snr_ratio=0.00 locked=0 best_idx=0 emitted=255488 aligned=0 (0.00%)
[wl_front] seg=255744 peak=-nan rms=-nan snr_ratio=0.00 locked=0 best_idx=0 emitted=255744 aligned=0 (0.00%)
[wl_front] seg=256000 peak=-nan rms=-nan snr_ratio=0.00 locked=0 best_idx=0 emitted=256000 aligned=0 (0.00%)
[wl_front] seg=256256 peak=-nan rms=-nan snr_ratio=0.00 locked=0 best_idx=0 emitted=256256 aligned=0 (0.00%)
[wl_front] seg=256512 peak=-nan rms=-nan snr_ratio=0.00 locked=0 best_idx=0 emitted=256512 aligned=0 (0.00%)
[wl_front] seg=256768 peak=-nan rms=-nan snr_ratio=0.00 locked=0 best_idx=0 emitted=256768 aligned=0 (0.00%)
[wl_front] seg=257024 peak=-nan rms=-nan snr_ratio=0.00 locked=0 best_idx=0 emitted=257024 aligned=0 (0.00%)
[wl_front] seg=257280 peak=-nan rms=-nan snr_ratio=0.00 locked=0 best_idx=0 emitted=257280 aligned=0 (0.00%)
[fpll t= 17.66s] nco_freq_hz=-2690084.9 mean|x|=0.03765 rms_x=0.04761 max|x|=0.4723 in_rms=647.1 out_rms=4.8
[wl_front] seg=257536 peak=-nan rms=-nan snr_ratio=0.00 locked=0 best_idx=0 emitted=257536 aligned=0 (0.00%)
[wl_front] seg=257792 peak=-nan rms=-nan snr_ratio=0.00 locked=0 best_idx=0 emitted=257792 aligned=0 (0.00%)
[wl_front] seg=258048 peak=-nan rms=-nan snr_ratio=0.00 locked=0 best_idx=0 emitted=258048 aligned=0 (0.00%)
[wl_front] seg=258304 peak=-nan rms=-nan snr_ratio=0.00 locked=0 best_idx=0 emitted=258304 aligned=0 (0.00%)
[wl_front] seg=258560 peak=-nan rms=-nan snr_ratio=0.00 locked=0 best_idx=0 emitted=258560 aligned=0 (0.00%)
[wl_front] seg=258816 peak=-nan rms=-nan snr_ratio=0.00 locked=0 best_idx=0 emitted=258816 aligned=0 (0.00%)
[wl_front] seg=259072 peak=-nan rms=-nan snr_ratio=0.00 locked=0 best_idx=0 emitted=259072 aligned=0 (0.00%)
[wl_front] seg=259328 peak=-nan rms=-nan snr_ratio=0.00 locked=0 best_idx=0 emitted=259328 aligned=0 (0.00%)
[wl_front] seg=259584 peak=-nan rms=-nan snr_ratio=0.00 locked=0 best_idx=0 emitted=259584 aligned=0 (0.00%)
[wl_front] seg=259840 peak=-nan rms=-nan snr_ratio=0.00 locked=0 best_idx=0 emitted=259840 aligned=0 (0.00%)
[fpll t= 17.83s] nco_freq_hz=-2690088.8 mean|x|=0.03762 rms_x=0.04751 max|x|=0.3262 in_rms=645.8 out_rms=4.8
[wl_front] seg=260096 peak=-nan rms=-nan snr_ratio=0.00 locked=0 best_idx=0 emitted=260096 aligned=0 (0.00%)
[wl_front] seg=260352 peak=-nan rms=-nan snr_ratio=0.00 locked=0 best_idx=0 emitted=260352 aligned=0 (0.00%)
[wl_front] seg=260608 peak=-nan rms=-nan snr_ratio=0.00 locked=0 best_idx=0 emitted=260608 aligned=0 (0.00%)
[wl_front] seg=260864 peak=-nan rms=-nan snr_ratio=0.00 locked=0 best_idx=0 emitted=260864 aligned=0 (0.00%)
[wl_front] seg=261120 peak=-nan rms=-nan snr_ratio=0.00 locked=0 best_idx=0 emitted=261120 aligned=0 (0.00%)
[wl_front] seg=261376 peak=-nan rms=-nan snr_ratio=0.00 locked=0 best_idx=0 emitted=261376 aligned=0 (0.00%)
[wl_front] seg=261632 peak=-nan rms=-nan snr_ratio=0.00 locked=0 best_idx=0 emitted=261632 aligned=0 (0.00%)
[wl_front] seg=261888 peak=-nan rms=-nan snr_ratio=0.00 locked=0 best_idx=0 emitted=261888 aligned=0 (0.00%)
[wl_front] seg=262144 peak=-nan rms=-nan snr_ratio=0.00 locked=0 best_idx=0 emitted=262144 aligned=0 (0.00%)
[wl_front] seg=262400 peak=-nan rms=-nan snr_ratio=0.00 locked=0 best_idx=0 emitted=262400 aligned=0 (0.00%)
[fpll t= 18.00s] nco_freq_hz=-2690080.3 mean|x|=0.03767 rms_x=0.04756 max|x|=0.4190 in_rms=645.4 out_rms=4.8
[wl_front] seg=262656 peak=-nan rms=-nan snr_ratio=0.00 locked=0 best_idx=0 emitted=262656 aligned=0 (0.00%)
[wl_front] seg=262912 peak=-nan rms=-nan snr_ratio=0.00 locked=0 best_idx=0 emitted=262912 aligned=0 (0.00%)
[wl_front] seg=263168 peak=-nan rms=-nan snr_ratio=0.00 locked=0 best_idx=0 emitted=263168 aligned=0 (0.00%)
[wl_front] seg=263424 peak=-nan rms=-nan snr_ratio=0.00 locked=0 best_idx=0 emitted=263424 aligned=0 (0.00%)
[wl_front] seg=263680 peak=-nan rms=-nan snr_ratio=0.00 locked=0 best_idx=0 emitted=263680 aligned=0 (0.00%)
[wl_front] seg=263936 peak=-nan rms=-nan snr_ratio=0.00 locked=0 best_idx=0 emitted=263936 aligned=0 (0.00%)
[wl_front] seg=264192 peak=-nan rms=-nan snr_ratio=0.00 locked=0 best_idx=0 emitted=264192 aligned=0 (0.00%)
[wl_front] seg=264448 peak=-nan rms=-nan snr_ratio=0.00 locked=0 best_idx=0 emitted=264448 aligned=0 (0.00%)
[wl_front] seg=264704 peak=-nan rms=-nan snr_ratio=0.00 locked=0 best_idx=0 emitted=264704 aligned=0 (0.00%)
[wl_front] seg=264960 peak=-nan rms=-nan snr_ratio=0.00 locked=0 best_idx=0 emitted=264960 aligned=0 (0.00%)
[fpll t= 18.17s] nco_freq_hz=-2690079.2 mean|x|=0.03781 rms_x=0.04776 max|x|=0.3409 in_rms=646.0 out_rms=4.8
[wl_front] seg=265216 peak=-nan rms=-nan snr_ratio=0.00 locked=0 best_idx=0 emitted=265216 aligned=0 (0.00%)
[wl_front] seg=265472 peak=-nan rms=-nan snr_ratio=0.00 locked=0 best_idx=0 emitted=265472 aligned=0 (0.00%)
[wl_front] seg=265728 peak=-nan rms=-nan snr_ratio=0.00 locked=0 best_idx=0 emitted=265728 aligned=0 (0.00%)
[wl_front] seg=265984 peak=-nan rms=-nan snr_ratio=0.00 locked=0 best_idx=0 emitted=265984 aligned=0 (0.00%)
[wl_front] seg=266240 peak=-nan rms=-nan snr_ratio=0.00 locked=0 best_idx=0 emitted=266240 aligned=0 (0.00%)
[wl_front] seg=266496 peak=-nan rms=-nan snr_ratio=0.00 locked=0 best_idx=0 emitted=266496 aligned=0 (0.00%)
[wl_front] seg=266752 peak=-nan rms=-nan snr_ratio=0.00 locked=0 best_idx=0 emitted=266752 aligned=0 (0.00%)
[wl_front] seg=267008 peak=-nan rms=-nan snr_ratio=0.00 locked=0 best_idx=0 emitted=267008 aligned=0 (0.00%)
[wl_front] seg=267264 peak=-nan rms=-nan snr_ratio=0.00 locked=0 best_idx=0 emitted=267264 aligned=0 (0.00%)
[wl_front] seg=267520 peak=-nan rms=-nan snr_ratio=0.00 locked=0 best_idx=0 emitted=267520 aligned=0 (0.00%)
[fpll t= 18.35s] nco_freq_hz=-2690079.4 mean|x|=0.03738 rms_x=0.04719 max|x|=0.3306 in_rms=644.8 out_rms=4.8
[wl_front] seg=267776 peak=-nan rms=-nan snr_ratio=0.00 locked=0 best_idx=0 emitted=267776 aligned=0 (0.00%)
[wl_front] seg=268032 peak=-nan rms=-nan snr_ratio=0.00 locked=0 best_idx=0 emitted=268032 aligned=0 (0.00%)
[wl_front] seg=268288 peak=-nan rms=-nan snr_ratio=0.00 locked=0 best_idx=0 emitted=268288 aligned=0 (0.00%)
[wl_front] seg=268544 peak=-nan rms=-nan snr_ratio=0.00 locked=0 best_idx=0 emitted=268544 aligned=0 (0.00%)
[wl_front] seg=268800 peak=-nan rms=-nan snr_ratio=0.00 locked=0 best_idx=0 emitted=268800 aligned=0 (0.00%)
[wl_front] seg=269056 peak=-nan rms=-nan snr_ratio=0.00 locked=0 best_idx=0 emitted=269056 aligned=0 (0.00%)
[wl_front] seg=269312 peak=-nan rms=-nan snr_ratio=0.00 locked=0 best_idx=0 emitted=269312 aligned=0 (0.00%)
[wl_front] seg=269568 peak=-nan rms=-nan snr_ratio=0.00 locked=0 best_idx=0 emitted=269568 aligned=0 (0.00%)
[wl_front] seg=269824 peak=-nan rms=-nan snr_ratio=0.00 locked=0 best_idx=0 emitted=269824 aligned=0 (0.00%)
[wl_front] seg=270080 peak=-nan rms=-nan snr_ratio=0.00 locked=0 best_idx=0 emitted=270080 aligned=0 (0.00%)
[fpll t= 18.52s] nco_freq_hz=-2690086.8 mean|x|=0.03776 rms_x=0.04769 max|x|=0.4929 in_rms=643.6 out_rms=4.8
[wl_front] seg=270336 peak=-nan rms=-nan snr_ratio=0.00 locked=0 best_idx=0 emitted=270336 aligned=0 (0.00%)
[wl_front] seg=270592 peak=-nan rms=-nan snr_ratio=0.00 locked=0 best_idx=0 emitted=270592 aligned=0 (0.00%)
[wl_front] seg=270848 peak=-nan rms=-nan snr_ratio=0.00 locked=0 best_idx=0 emitted=270848 aligned=0 (0.00%)
[wl_front] seg=271104 peak=-nan rms=-nan snr_ratio=0.00 locked=0 best_idx=0 emitted=271104 aligned=0 (0.00%)
[wl_front] seg=271360 peak=-nan rms=-nan snr_ratio=0.00 locked=0 best_idx=0 emitted=271360 aligned=0 (0.00%)
[wl_front] seg=271616 peak=-nan rms=-nan snr_ratio=0.00 locked=0 best_idx=0 emitted=271616 aligned=0 (0.00%)
[wl_front] seg=271872 peak=-nan rms=-nan snr_ratio=0.00 locked=0 best_idx=0 emitted=271872 aligned=0 (0.00%)
[wl_front] seg=272128 peak=-nan rms=-nan snr_ratio=0.00 locked=0 best_idx=0 emitted=272128 aligned=0 (0.00%)
[wl_front] seg=272384 peak=-nan rms=-nan snr_ratio=0.00 locked=0 best_idx=0 emitted=272384 aligned=0 (0.00%)
[fpll t= 18.69s] nco_freq_hz=-2690086.9 mean|x|=0.03767 rms_x=0.04754 max|x|=0.3342 in_rms=642.7 out_rms=4.8
[wl_front] seg=272640 peak=-nan rms=-nan snr_ratio=0.00 locked=0 best_idx=0 emitted=272640 aligned=0 (0.00%)
[wl_front] seg=272896 peak=-nan rms=-nan snr_ratio=0.00 locked=0 best_idx=0 emitted=272896 aligned=0 (0.00%)
[wl_front] seg=273152 peak=-nan rms=-nan snr_ratio=0.00 locked=0 best_idx=0 emitted=273152 aligned=0 (0.00%)
[wl_front] seg=273408 peak=-nan rms=-nan snr_ratio=0.00 locked=0 best_idx=0 emitted=273408 aligned=0 (0.00%)
[wl_front] seg=273664 peak=-nan rms=-nan snr_ratio=0.00 locked=0 best_idx=0 emitted=273664 aligned=0 (0.00%)
[wl_front] seg=273920 peak=-nan rms=-nan snr_ratio=0.00 locked=0 best_idx=0 emitted=273920 aligned=0 (0.00%)
[wl_front] seg=274176 peak=-nan rms=-nan snr_ratio=0.00 locked=0 best_idx=0 emitted=274176 aligned=0 (0.00%)
[wl_front] seg=274432 peak=-nan rms=-nan snr_ratio=0.00 locked=0 best_idx=0 emitted=274432 aligned=0 (0.00%)
[wl_front] seg=274688 peak=-nan rms=-nan snr_ratio=0.00 locked=0 best_idx=0 emitted=274688 aligned=0 (0.00%)
[wl_front] seg=274944 peak=-nan rms=-nan snr_ratio=0.00 locked=0 best_idx=0 emitted=274944 aligned=0 (0.00%)
[fpll t= 18.87s] nco_freq_hz=-2690084.5 mean|x|=0.03783 rms_x=0.04775 max|x|=0.4157 in_rms=644.5 out_rms=4.8
[wl_front] seg=275200 peak=-nan rms=-nan snr_ratio=0.00 locked=0 best_idx=0 emitted=275200 aligned=0 (0.00%)
[wl_front] seg=275456 peak=-nan rms=-nan snr_ratio=0.00 locked=0 best_idx=0 emitted=275456 aligned=0 (0.00%)
[wl_front] seg=275712 peak=-nan rms=-nan snr_ratio=0.00 locked=0 best_idx=0 emitted=275712 aligned=0 (0.00%)
[wl_front] seg=275968 peak=-nan rms=-nan snr_ratio=0.00 locked=0 best_idx=0 emitted=275968 aligned=0 (0.00%)
[wl_front] seg=276224 peak=-nan rms=-nan snr_ratio=0.00 locked=0 best_idx=0 emitted=276224 aligned=0 (0.00%)
[wl_front] seg=276480 peak=-nan rms=-nan snr_ratio=0.00 locked=0 best_idx=0 emitted=276480 aligned=0 (0.00%)
[wl_front] seg=276736 peak=-nan rms=-nan snr_ratio=0.00 locked=0 best_idx=0 emitted=276736 aligned=0 (0.00%)
[wl_front] seg=276992 peak=-nan rms=-nan snr_ratio=0.00 locked=0 best_idx=0 emitted=276992 aligned=0 (0.00%)
[wl_front] seg=277248 peak=-nan rms=-nan snr_ratio=0.00 locked=0 best_idx=0 emitted=277248 aligned=0 (0.00%)
[wl_front] seg=277504 peak=-nan rms=-nan snr_ratio=0.00 locked=0 best_idx=0 emitted=277504 aligned=0 (0.00%)
[fpll t= 19.04s] nco_freq_hz=-2690082.3 mean|x|=0.03810 rms_x=0.04816 max|x|=0.3419 in_rms=647.2 out_rms=4.8
[wl_front] seg=277760 peak=-nan rms=-nan snr_ratio=0.00 locked=0 best_idx=0 emitted=277760 aligned=0 (0.00%)
[wl_front] seg=278016 peak=-nan rms=-nan snr_ratio=0.00 locked=0 best_idx=0 emitted=278016 aligned=0 (0.00%)
[wl_front] seg=278272 peak=-nan rms=-nan snr_ratio=0.00 locked=0 best_idx=0 emitted=278272 aligned=0 (0.00%)
[wl_front] seg=278528 peak=-nan rms=-nan snr_ratio=0.00 locked=0 best_idx=0 emitted=278528 aligned=0 (0.00%)
[wl_front] seg=278784 peak=-nan rms=-nan snr_ratio=0.00 locked=0 best_idx=0 emitted=278784 aligned=0 (0.00%)
[wl_front] seg=279040 peak=-nan rms=-nan snr_ratio=0.00 locked=0 best_idx=0 emitted=279040 aligned=0 (0.00%)
[wl_front] seg=279296 peak=-nan rms=-nan snr_ratio=0.00 locked=0 best_idx=0 emitted=279296 aligned=0 (0.00%)
[wl_front] seg=279552 peak=-nan rms=-nan snr_ratio=0.00 locked=0 best_idx=0 emitted=279552 aligned=0 (0.00%)
[wl_front] seg=279808 peak=-nan rms=-nan snr_ratio=0.00 locked=0 best_idx=0 emitted=279808 aligned=0 (0.00%)
[wl_front] seg=280064 peak=-nan rms=-nan snr_ratio=0.00 locked=0 best_idx=0 emitted=280064 aligned=0 (0.00%)
[fpll t= 19.21s] nco_freq_hz=-2690084.3 mean|x|=0.03806 rms_x=0.04807 max|x|=0.3535 in_rms=647.1 out_rms=4.8
[wl_front] seg=280320 peak=-nan rms=-nan snr_ratio=0.00 locked=0 best_idx=0 emitted=280320 aligned=0 (0.00%)
[wl_front] seg=280576 peak=-nan rms=-nan snr_ratio=0.00 locked=0 best_idx=0 emitted=280576 aligned=0 (0.00%)
[wl_front] seg=280832 peak=-nan rms=-nan snr_ratio=0.00 locked=0 best_idx=0 emitted=280832 aligned=0 (0.00%)
[wl_front] seg=281088 peak=-nan rms=-nan snr_ratio=0.00 locked=0 best_idx=0 emitted=281088 aligned=0 (0.00%)
[wl_front] seg=281344 peak=-nan rms=-nan snr_ratio=0.00 locked=0 best_idx=0 emitted=281344 aligned=0 (0.00%)
[wl_front] seg=281600 peak=-nan rms=-nan snr_ratio=0.00 locked=0 best_idx=0 emitted=281600 aligned=0 (0.00%)
[wl_front] seg=281856 peak=-nan rms=-nan snr_ratio=0.00 locked=0 best_idx=0 emitted=281856 aligned=0 (0.00%)
[wl_front] seg=282112 peak=-nan rms=-nan snr_ratio=0.00 locked=0 best_idx=0 emitted=282112 aligned=0 (0.00%)
[wl_front] seg=282368 peak=-nan rms=-nan snr_ratio=0.00 locked=0 best_idx=0 emitted=282368 aligned=0 (0.00%)
[wl_front] seg=282624 peak=-nan rms=-nan snr_ratio=0.00 locked=0 best_idx=0 emitted=282624 aligned=0 (0.00%)
[fpll t= 19.38s] nco_freq_hz=-2690090.1 mean|x|=0.03789 rms_x=0.04784 max|x|=0.3623 in_rms=644.0 out_rms=4.8
[wl_front] seg=282880 peak=-nan rms=-nan snr_ratio=0.00 locked=0 best_idx=0 emitted=282880 aligned=0 (0.00%)
[wl_front] seg=283136 peak=-nan rms=-nan snr_ratio=0.00 locked=0 best_idx=0 emitted=283136 aligned=0 (0.00%)
[wl_front] seg=283392 peak=-nan rms=-nan snr_ratio=0.00 locked=0 best_idx=0 emitted=283392 aligned=0 (0.00%)
[wl_front] seg=283648 peak=-nan rms=-nan snr_ratio=0.00 locked=0 best_idx=0 emitted=283648 aligned=0 (0.00%)
[wl_front] seg=283904 peak=-nan rms=-nan snr_ratio=0.00 locked=0 best_idx=0 emitted=283904 aligned=0 (0.00%)
[wl_front] seg=284160 peak=-nan rms=-nan snr_ratio=0.00 locked=0 best_idx=0 emitted=284160 aligned=0 (0.00%)
[wl_front] seg=284416 peak=-nan rms=-nan snr_ratio=0.00 locked=0 best_idx=0 emitted=284416 aligned=0 (0.00%)
[wl_front] seg=284672 peak=-nan rms=-nan snr_ratio=0.00 locked=0 best_idx=0 emitted=284672 aligned=0 (0.00%)
[wl_front] seg=284928 peak=-nan rms=-nan snr_ratio=0.00 locked=0 best_idx=0 emitted=284928 aligned=0 (0.00%)
[wl_front] seg=285184 peak=-nan rms=-nan snr_ratio=0.00 locked=0 best_idx=0 emitted=285184 aligned=0 (0.00%)
[fpll t= 19.55s] nco_freq_hz=-2690086.0 mean|x|=0.03767 rms_x=0.04753 max|x|=0.3245 in_rms=640.8 out_rms=4.8
[wl_front] seg=285440 peak=-nan rms=-nan snr_ratio=0.00 locked=0 best_idx=0 emitted=285440 aligned=0 (0.00%)
[wl_front] seg=285696 peak=-nan rms=-nan snr_ratio=0.00 locked=0 best_idx=0 emitted=285696 aligned=0 (0.00%)
[wl_front] seg=285952 peak=-nan rms=-nan snr_ratio=0.00 locked=0 best_idx=0 emitted=285952 aligned=0 (0.00%)
[wl_front] seg=286208 peak=-nan rms=-nan snr_ratio=0.00 locked=0 best_idx=0 emitted=286208 aligned=0 (0.00%)
[wl_front] seg=286464 peak=-nan rms=-nan snr_ratio=0.00 locked=0 best_idx=0 emitted=286464 aligned=0 (0.00%)
[wl_front] seg=286720 peak=-nan rms=-nan snr_ratio=0.00 locked=0 best_idx=0 emitted=286720 aligned=0 (0.00%)
[wl_front] seg=286976 peak=-nan rms=-nan snr_ratio=0.00 locked=0 best_idx=0 emitted=286976 aligned=0 (0.00%)
[wl_front] seg=287232 peak=-nan rms=-nan snr_ratio=0.00 locked=0 best_idx=0 emitted=287232 aligned=0 (0.00%)
[wl_front] seg=287488 peak=-nan rms=-nan snr_ratio=0.00 locked=0 best_idx=0 emitted=287488 aligned=0 (0.00%)
[wl_front] seg=287744 peak=-nan rms=-nan snr_ratio=0.00 locked=0 best_idx=0 emitted=287744 aligned=0 (0.00%)
[fpll t= 19.73s] nco_freq_hz=-2690071.7 mean|x|=0.03768 rms_x=0.04760 max|x|=0.2878 in_rms=639.3 out_rms=4.8
[wl_front] seg=288000 peak=-nan rms=-nan snr_ratio=0.00 locked=0 best_idx=0 emitted=288000 aligned=0 (0.00%)
[wl_front] seg=288256 peak=-nan rms=-nan snr_ratio=0.00 locked=0 best_idx=0 emitted=288256 aligned=0 (0.00%)
[wl_front] seg=288512 peak=-nan rms=-nan snr_ratio=0.00 locked=0 best_idx=0 emitted=288512 aligned=0 (0.00%)
[wl_front] seg=288768 peak=-nan rms=-nan snr_ratio=0.00 locked=0 best_idx=0 emitted=288768 aligned=0 (0.00%)
[wl_front] seg=289024 peak=-nan rms=-nan snr_ratio=0.00 locked=0 best_idx=0 emitted=289024 aligned=0 (0.00%)
[wl_front] seg=289280 peak=-nan rms=-nan snr_ratio=0.00 locked=0 best_idx=0 emitted=289280 aligned=0 (0.00%)
[wl_front] seg=289536 peak=-nan rms=-nan snr_ratio=0.00 locked=0 best_idx=0 emitted=289536 aligned=0 (0.00%)
[wl_front] seg=289792 peak=-nan rms=-nan snr_ratio=0.00 locked=0 best_idx=0 emitted=289792 aligned=0 (0.00%)
[wl_front] seg=290048 peak=-nan rms=-nan snr_ratio=0.00 locked=0 best_idx=0 emitted=290048 aligned=0 (0.00%)
[fpll t= 19.90s] nco_freq_hz=-2690082.4 mean|x|=0.03773 rms_x=0.04768 max|x|=0.4121 in_rms=642.7 out_rms=4.8
[wl_front] seg=290304 peak=-nan rms=-nan snr_ratio=0.00 locked=0 best_idx=0 emitted=290304 aligned=0 (0.00%)
[wl_front] seg=290560 peak=-nan rms=-nan snr_ratio=0.00 locked=0 best_idx=0 emitted=290560 aligned=0 (0.00%)
[wl_front] seg=290816 peak=-nan rms=-nan snr_ratio=0.00 locked=0 best_idx=0 emitted=290816 aligned=0 (0.00%)
[tv_replay] DONE elapsed=19.9s out=0

[wl_front FINAL] segs_emitted=291044 segs_held=0 segs_aligned=0 (0.00%) relocks=0 | fs accepted=0 rejected_early=0 rejected_late=0 coasted=0
